year,month,state,district,fps_id,fps_name,total_etransaction,aadhaar_authenticated,other_mode_authenticated,non_authenticated,aadhaar_authenticated_pct,other_mode_authenticated_pct,non_authenticated_pct,is_zero_transaction,has_missing_tables,source_file,rc_priority_household(phh)_regular,rc_priority_household(phh)_intra_state,rc_priority_household(phh)_inter_state,rc_priority_household(phh)_total,rc_antyodaya_anna_yojana_(aay)_regular,rc_antyodaya_anna_yojana_(aay)_intra_state,rc_antyodaya_anna_yojana_(aay)_inter_state,rc_antyodaya_anna_yojana_(aay)_total,qty_priority_household_(phh)_regular,qty_priority_household_(phh)_intra_state,qty_priority_household_(phh)_inter_state,qty_priority_household_(phh)_total,qty_antyodaya_anna_yojana_(aay)_regular,qty_antyodaya_anna_yojana_(aay)_intra_state,qty_antyodaya_anna_yojana_(aay)_inter_state,qty_antyodaya_anna_yojana_(aay)_total
2026,Mar,GOA,north_goa,+A,unknown,0,0,0,0,0.0,0.0,0.0,True,True,data/raw\2026-03\north_goa\+A_unknown.json,0.0,0.0,0.0,0.0,0.0,0.0,0.0,0.0,0.0,0.0,0.0,0.0,0.0,0.0,0.0,0.0
2026,Mar,GOA,north_goa,- A,unknown,0,0,0,0,0.0,0.0,0.0,True,True,data/raw\2026-03\north_goa\- A_unknown.json,0.0,0.0,0.0,0.0,0.0,0.0,0.0,0.0,0.0,0.0,0.0,0.0,0.0,0.0,0.0,0.0
2026,Mar,GOA,north_goa,158500100001,,0,0,0,0,0.0,0.0,0.0,True,True,data/raw\2026-03\north_goa\158500100001_158500100001___smt_sanna_sanjay_padte_83_fps.json,0.0,0.0,0.0,0.0,0.0,0.0,0.0,0.0,0.0,0.0,0.0,0.0,0.0,0.0,0.0,0.0
,,GOA,,,,0,0,0,0,0.0,0.0,0.0,True,True,data/raw\2026-03\north_goa\158500100001_sample.json,0.0,0.0,0.0,0.0,0.0,0.0,0.0,0.0,0.0,0.0,0.0,0.0,0.0,0.0,0.0,0.0
2026,Mar,GOA,north_goa,158500100001,SMT.SANNA SANJAY PADTE-83 FPS,0,0,0,0,0.0,0.0,0.0,True,True,data/raw\2026-03\north_goa\158500100001_smt_sanna_sanjay_padte_83_fps.json,122.0,0.0,0.0,122.0,0.0,0.0,0.0,0.0,122.0,0.0,0.0,122.0,0.0,0.0,0.0,0.0
2026,Mar,GOA,north_goa,158500100002,,0,0,0,0,0.0,0.0,0.0,True,True,data/raw\2026-03\north_goa\158500100002_158500100002___m_s_p_s_karekar_26_fps.json,0.0,0.0,0.0,0.0,0.0,0.0,0.0,0.0,0.0,0.0,0.0,0.0,0.0,0.0,0.0,0.0
2026,Mar,GOA,north_goa,158500100002,M/S P S KAREKAR-26 FPS,0,0,0,0,0.0,0.0,0.0,True,True,data/raw\2026-03\north_goa\158500100002_m_s_p_s_karekar_26_fps.json,134.0,73.0,6.0,213.0,22.0,3.0,2.0,27.0,134.0,73.0,6.0,213.0,22.0,3.0,2.0,27.0
2026,Mar,GOA,north_goa,158500100005,,0,0,0,0,0.0,0.0,0.0,True,True,data/raw\2026-03\north_goa\158500100005_158500100005___arpora_nagoa_v_k_s_s_sty_ltd_39_fps.json,0.0,0.0,0.0,0.0,0.0,0.0,0.0,0.0,0.0,0.0,0.0,0.0,0.0,0.0,0.0,0.0
2026,Mar,GOA,north_goa,158500100005,ARPORA NAGOA V K S S STY LTD-39 FPS,0,0,0,0,0.0,0.0,0.0,True,True,data/raw\2026-03\north_goa\158500100005_arpora_nagoa_v_k_s_s_sty_ltd_39_fps.json,231.0,5.0,30.0,266.0,18.0,1.0,9.0,28.0,231.0,5.0,30.0,266.0,18.0,1.0,9.0,28.0
2026,Mar,GOA,north_goa,158500100006,,0,0,0,0,0.0,0.0,0.0,True,True,data/raw\2026-03\north_goa\158500100006_158500100006___ashok_p_shirodkar_103_fps.json,0.0,0.0,0.0,0.0,0.0,0.0,0.0,0.0,0.0,0.0,0.0,0.0,0.0,0.0,0.0,0.0
2026,Mar,GOA,north_goa,158500100006,ASHOK P SHIRODKAR-103 FPS,0,0,0,0,0.0,0.0,0.0,True,True,data/raw\2026-03\north_goa\158500100006_ashok_p_shirodkar_103_fps.json,27.0,0.0,0.0,27.0,0.0,0.0,0.0,0.0,27.0,0.0,0.0,27.0,0.0,0.0,0.0,0.0
2026,Mar,GOA,north_goa,158500100007,,0,0,0,0,0.0,0.0,0.0,True,True,data/raw\2026-03\north_goa\158500100007_158500100007___ashok_g_dhargalkar_94_fps.json,0.0,0.0,0.0,0.0,0.0,0.0,0.0,0.0,0.0,0.0,0.0,0.0,0.0,0.0,0.0,0.0
2026,Mar,GOA,north_goa,158500100007,ASHOK G DHARGALKAR-94 FPS,0,0,0,0,0.0,0.0,0.0,True,True,data/raw\2026-03\north_goa\158500100007_ashok_g_dhargalkar_94_fps.json,316.0,4.0,14.0,334.0,0.0,0.0,0.0,0.0,316.0,4.0,14.0,334.0,0.0,0.0,0.0,0.0
2026,Mar,GOA,north_goa,158500100008,,0,0,0,0,0.0,0.0,0.0,True,True,data/raw\2026-03\north_goa\158500100008_158500100008___santosh_nagesh_prabhu_74_fps.json,0.0,0.0,0.0,0.0,0.0,0.0,0.0,0.0,0.0,0.0,0.0,0.0,0.0,0.0,0.0,0.0
2026,Mar,GOA,north_goa,158500100008,SANTOSH NAGESH PRABHU-74 FPS,0,0,0,0,0.0,0.0,0.0,True,True,data/raw\2026-03\north_goa\158500100008_santosh_nagesh_prabhu_74_fps.json,119.0,0.0,0.0,119.0,6.0,0.0,0.0,6.0,119.0,0.0,0.0,119.0,6.0,0.0,0.0,6.0
2026,Mar,GOA,north_goa,158500100009,,0,0,0,0,0.0,0.0,0.0,True,True,data/raw\2026-03\north_goa\158500100009_158500100009___the_mapusa_consumer_coop_sty_1__2_fps.json,0.0,0.0,0.0,0.0,0.0,0.0,0.0,0.0,0.0,0.0,0.0,0.0,0.0,0.0,0.0,0.0
2026,Mar,GOA,north_goa,158500100009,THE MAPUSA CONSUMER COOP STY-1& 2 FPS,0,0,0,0,0.0,0.0,0.0,True,True,data/raw\2026-03\north_goa\158500100009_the_mapusa_consumer_coop_sty_1__2_fps.json,419.0,6.0,11.0,436.0,27.0,0.0,1.0,28.0,419.0,6.0,11.0,436.0,27.0,0.0,1.0,28.0
2026,Mar,GOA,north_goa,158500100011,,0,0,0,0,0.0,0.0,0.0,True,True,data/raw\2026-03\north_goa\158500100011_158500100011___subhash_dhargalkar_62_fps.json,0.0,0.0,0.0,0.0,0.0,0.0,0.0,0.0,0.0,0.0,0.0,0.0,0.0,0.0,0.0,0.0
2026,Mar,GOA,north_goa,158500100011,SUBHASH DHARGALKAR-62 FPS,0,0,0,0,0.0,0.0,0.0,True,True,data/raw\2026-03\north_goa\158500100011_subhash_dhargalkar_62_fps.json,475.0,0.0,23.0,498.0,9.0,0.0,4.0,13.0,474.0,0.0,23.0,497.0,9.0,0.0,4.0,13.0
2026,Mar,GOA,north_goa,158500100012,,0,0,0,0,0.0,0.0,0.0,True,True,data/raw\2026-03\north_goa\158500100012_158500100012___sayukta_b__kesarkar_105_fps.json,0.0,0.0,0.0,0.0,0.0,0.0,0.0,0.0,0.0,0.0,0.0,0.0,0.0,0.0,0.0,0.0
2026,Mar,GOA,north_goa,158500100012,SAYUKTA B. KESARKAR-105 FPS,0,0,0,0,0.0,0.0,0.0,True,True,data/raw\2026-03\north_goa\158500100012_sayukta_b__kesarkar_105_fps.json,63.0,31.0,0.0,94.0,5.0,0.0,0.0,5.0,63.0,31.0,0.0,94.0,5.0,0.0,0.0,5.0
2026,Mar,GOA,north_goa,158500100013,,0,0,0,0,0.0,0.0,0.0,True,True,data/raw\2026-03\north_goa\158500100013_158500100013___pandurang_v_govekar_85_fps.json,0.0,0.0,0.0,0.0,0.0,0.0,0.0,0.0,0.0,0.0,0.0,0.0,0.0,0.0,0.0,0.0
2026,Mar,GOA,north_goa,158500100013,PANDURANG V GOVEKAR-85 FPS,0,0,0,0,0.0,0.0,0.0,True,True,data/raw\2026-03\north_goa\158500100013_pandurang_v_govekar_85_fps.json,54.0,0.0,3.0,57.0,34.0,0.0,1.0,35.0,54.0,0.0,3.0,57.0,34.0,0.0,1.0,35.0
2026,Mar,GOA,north_goa,158500100014,,0,0,0,0,0.0,0.0,0.0,True,True,data/raw\2026-03\north_goa\158500100014_158500100014___pradeep_p_mishal_77_fps.json,0.0,0.0,0.0,0.0,0.0,0.0,0.0,0.0,0.0,0.0,0.0,0.0,0.0,0.0,0.0,0.0
2026,Mar,GOA,north_goa,158500100014,PRADEEP P MISHAL-77 FPS,0,0,0,0,0.0,0.0,0.0,True,True,data/raw\2026-03\north_goa\158500100014_pradeep_p_mishal_77_fps.json,68.0,4.0,0.0,72.0,8.0,0.0,0.0,8.0,68.0,4.0,0.0,72.0,8.0,0.0,0.0,8.0
2026,Mar,GOA,north_goa,158500100015,,0,0,0,0,0.0,0.0,0.0,True,True,data/raw\2026-03\north_goa\158500100015_158500100015___gokuldas_fair_price_shop_111_fps.json,0.0,0.0,0.0,0.0,0.0,0.0,0.0,0.0,0.0,0.0,0.0,0.0,0.0,0.0,0.0,0.0
2026,Mar,GOA,north_goa,158500100015,GOKULDAS FAIR PRICE SHOP-111 FPS,0,0,0,0,0.0,0.0,0.0,True,True,data/raw\2026-03\north_goa\158500100015_gokuldas_fair_price_shop_111_fps.json,67.0,1.0,0.0,68.0,5.0,0.0,0.0,5.0,67.0,1.0,0.0,68.0,5.0,0.0,0.0,5.0
2026,Mar,GOA,north_goa,158500100016,,0,0,0,0,0.0,0.0,0.0,True,True,data/raw\2026-03\north_goa\158500100016_158500100016___vimal_r_azgaonkar_67_fps.json,0.0,0.0,0.0,0.0,0.0,0.0,0.0,0.0,0.0,0.0,0.0,0.0,0.0,0.0,0.0,0.0
2026,Mar,GOA,north_goa,158500100016,VIMAL R AZGAONKAR-67 FPS,0,0,0,0,0.0,0.0,0.0,True,True,data/raw\2026-03\north_goa\158500100016_vimal_r_azgaonkar_67_fps.json,101.0,0.0,1.0,102.0,5.0,0.0,0.0,5.0,101.0,0.0,1.0,102.0,5.0,0.0,0.0,5.0
2026,Mar,GOA,north_goa,158500100017,,0,0,0,0,0.0,0.0,0.0,True,True,data/raw\2026-03\north_goa\158500100017_158500100017___ranjana_c_naik_109_fps.json,0.0,0.0,0.0,0.0,0.0,0.0,0.0,0.0,0.0,0.0,0.0,0.0,0.0,0.0,0.0,0.0
2026,Mar,GOA,north_goa,158500100017,RANJANA C NAIK-109 FPS,0,0,0,0,0.0,0.0,0.0,True,True,data/raw\2026-03\north_goa\158500100017_ranjana_c_naik_109_fps.json,170.0,0.0,13.0,183.0,28.0,0.0,4.0,32.0,170.0,0.0,13.0,183.0,28.0,0.0,4.0,32.0
2026,Mar,GOA,north_goa,158500100019,,0,0,0,0,0.0,0.0,0.0,True,True,data/raw\2026-03\north_goa\158500100019_158500100019___dhond_shop_57_fps.json,0.0,0.0,0.0,0.0,0.0,0.0,0.0,0.0,0.0,0.0,0.0,0.0,0.0,0.0,0.0,0.0
2026,Mar,GOA,north_goa,158500100019,Dhond Shop-57 FPS,0,0,0,0,0.0,0.0,0.0,True,True,data/raw\2026-03\north_goa\158500100019_dhond_shop_57_fps.json,307.0,2.0,0.0,309.0,4.0,0.0,0.0,4.0,307.0,2.0,0.0,309.0,4.0,0.0,0.0,4.0
2026,Mar,GOA,north_goa,158500100020,,0,0,0,0,0.0,0.0,0.0,True,True,data/raw\2026-03\north_goa\158500100020_158500100020___m_s_pandhari_pangam_51_fps.json,0.0,0.0,0.0,0.0,0.0,0.0,0.0,0.0,0.0,0.0,0.0,0.0,0.0,0.0,0.0,0.0
2026,Mar,GOA,north_goa,158500100020,M/S PANDHARI PANGAM-51 FPS,0,0,0,0,0.0,0.0,0.0,True,True,data/raw\2026-03\north_goa\158500100020_m_s_pandhari_pangam_51_fps.json,215.0,7.0,25.0,247.0,9.0,0.0,4.0,13.0,215.0,7.0,25.0,247.0,9.0,0.0,4.0,13.0
2026,Mar,GOA,north_goa,158500100021,,0,0,0,0,0.0,0.0,0.0,True,True,data/raw\2026-03\north_goa\158500100021_158500100021___sadanand_s_lotlikar_32_fps.json,0.0,0.0,0.0,0.0,0.0,0.0,0.0,0.0,0.0,0.0,0.0,0.0,0.0,0.0,0.0,0.0
2026,Mar,GOA,north_goa,158500100021,SADANAND S LOTLIKAR-32 FPS,0,0,0,0,0.0,0.0,0.0,True,True,data/raw\2026-03\north_goa\158500100021_sadanand_s_lotlikar_32_fps.json,156.0,2.0,15.0,173.0,11.0,0.0,3.0,14.0,156.0,2.0,15.0,173.0,11.0,0.0,3.0,14.0
2026,Mar,GOA,north_goa,158500100022,,0,0,0,0,0.0,0.0,0.0,True,True,data/raw\2026-03\north_goa\158500100022_158500100022___suresh_p_sawant_91_fps.json,0.0,0.0,0.0,0.0,0.0,0.0,0.0,0.0,0.0,0.0,0.0,0.0,0.0,0.0,0.0,0.0
2026,Mar,GOA,north_goa,158500100022,SURESH P SAWANT-91 FPS,0,0,0,0,0.0,0.0,0.0,True,True,data/raw\2026-03\north_goa\158500100022_suresh_p_sawant_91_fps.json,88.0,0.0,0.0,88.0,9.0,0.0,0.0,9.0,88.0,0.0,0.0,88.0,9.0,0.0,0.0,9.0
2026,Mar,GOA,north_goa,158500100023,,0,0,0,0,0.0,0.0,0.0,True,True,data/raw\2026-03\north_goa\158500100023_158500100023___dayanand_kenkre_33_fps.json,0.0,0.0,0.0,0.0,0.0,0.0,0.0,0.0,0.0,0.0,0.0,0.0,0.0,0.0,0.0,0.0
2026,Mar,GOA,north_goa,158500100023,DAYANAND KENKRE-33 FPS,0,0,0,0,0.0,0.0,0.0,True,True,data/raw\2026-03\north_goa\158500100023_dayanand_kenkre_33_fps.json,172.0,4.0,15.0,191.0,8.0,0.0,0.0,8.0,172.0,4.0,15.0,191.0,8.0,0.0,0.0,8.0
2026,Mar,GOA,north_goa,158500100024,,0,0,0,0,0.0,0.0,0.0,True,True,data/raw\2026-03\north_goa\158500100024_158500100024___deepak_atchut_naik_101_fps.json,0.0,0.0,0.0,0.0,0.0,0.0,0.0,0.0,0.0,0.0,0.0,0.0,0.0,0.0,0.0,0.0
2026,Mar,GOA,north_goa,158500100024,DEEPAK ATCHUT NAIK-101 FPS,0,0,0,0,0.0,0.0,0.0,True,True,data/raw\2026-03\north_goa\158500100024_deepak_atchut_naik_101_fps.json,78.0,6.0,23.0,107.0,0.0,0.0,1.0,1.0,78.0,6.0,23.0,107.0,0.0,0.0,1.0,1.0
2026,Mar,GOA,north_goa,158500100025,,0,0,0,0,0.0,0.0,0.0,True,True,data/raw\2026-03\north_goa\158500100025_158500100025___shrikrishna_pokhre_116_fps.json,0.0,0.0,0.0,0.0,0.0,0.0,0.0,0.0,0.0,0.0,0.0,0.0,0.0,0.0,0.0,0.0
2026,Mar,GOA,north_goa,158500100025,SHRIKRISHNA POKHRE-116 FPS,0,0,0,0,0.0,0.0,0.0,True,True,data/raw\2026-03\north_goa\158500100025_shrikrishna_pokhre_116_fps.json,222.0,0.0,9.0,231.0,10.0,0.0,2.0,12.0,222.0,0.0,9.0,231.0,10.0,0.0,2.0,12.0
2026,Mar,GOA,north_goa,158500100026,,0,0,0,0,0.0,0.0,0.0,True,True,data/raw\2026-03\north_goa\158500100026_158500100026___dayanand_s_gadekar_110_fps.json,0.0,0.0,0.0,0.0,0.0,0.0,0.0,0.0,0.0,0.0,0.0,0.0,0.0,0.0,0.0,0.0
2026,Mar,GOA,north_goa,158500100026,DAYANAND S GADEKAR-110 FPS,0,0,0,0,0.0,0.0,0.0,True,True,data/raw\2026-03\north_goa\158500100026_dayanand_s_gadekar_110_fps.json,74.0,0.0,4.0,78.0,1.0,0.0,0.0,1.0,74.0,0.0,4.0,78.0,1.0,0.0,0.0,1.0
2026,Mar,GOA,north_goa,158500100027,,0,0,0,0,0.0,0.0,0.0,True,True,data/raw\2026-03\north_goa\158500100027_158500100027___hirabai_trivikram_joshi_53_fps.json,0.0,0.0,0.0,0.0,0.0,0.0,0.0,0.0,0.0,0.0,0.0,0.0,0.0,0.0,0.0,0.0
2026,Mar,GOA,north_goa,158500100027,HIRABAI TRIVIKRAM JOSHI-53 FPS,0,0,0,0,0.0,0.0,0.0,True,True,data/raw\2026-03\north_goa\158500100027_hirabai_trivikram_joshi_53_fps.json,238.0,49.0,1.0,288.0,19.0,3.0,0.0,22.0,238.0,49.0,1.0,288.0,19.0,3.0,0.0,22.0
2026,Mar,GOA,north_goa,158500100028,,0,0,0,0,0.0,0.0,0.0,True,True,data/raw\2026-03\north_goa\158500100028_158500100028___purshottam_a_bandodkar_59_fps.json,0.0,0.0,0.0,0.0,0.0,0.0,0.0,0.0,0.0,0.0,0.0,0.0,0.0,0.0,0.0,0.0
2026,Mar,GOA,north_goa,158500100028,PURSHOTTAM A BANDODKAR-59 FPS,0,0,0,0,0.0,0.0,0.0,True,True,data/raw\2026-03\north_goa\158500100028_purshottam_a_bandodkar_59_fps.json,121.0,0.0,0.0,121.0,5.0,0.0,0.0,5.0,121.0,0.0,0.0,121.0,5.0,0.0,0.0,5.0
2026,Mar,GOA,north_goa,158500100029,,0,0,0,0,0.0,0.0,0.0,True,True,data/raw\2026-03\north_goa\158500100029_158500100029___narliso_lobo_58_fps.json,0.0,0.0,0.0,0.0,0.0,0.0,0.0,0.0,0.0,0.0,0.0,0.0,0.0,0.0,0.0,0.0
2026,Mar,GOA,north_goa,158500100029,NARLISO LOBO-58 FPS,0,0,0,0,0.0,0.0,0.0,True,True,data/raw\2026-03\north_goa\158500100029_narliso_lobo_58_fps.json,121.0,2.0,0.0,123.0,18.0,0.0,0.0,18.0,121.0,2.0,0.0,123.0,18.0,0.0,0.0,18.0
2026,Mar,GOA,north_goa,158500100030,,0,0,0,0,0.0,0.0,0.0,True,True,data/raw\2026-03\north_goa\158500100030_158500100030___sunita_v_umbraxar_100_fps.json,0.0,0.0,0.0,0.0,0.0,0.0,0.0,0.0,0.0,0.0,0.0,0.0,0.0,0.0,0.0,0.0
2026,Mar,GOA,north_goa,158500100030,SUNITA V UMBRAXAR-100 FPS,0,0,0,0,0.0,0.0,0.0,True,True,data/raw\2026-03\north_goa\158500100030_sunita_v_umbraxar_100_fps.json,222.0,0.0,0.0,222.0,6.0,0.0,0.0,6.0,222.0,0.0,0.0,222.0,6.0,0.0,0.0,6.0
2026,Mar,GOA,north_goa,158500100031,,0,0,0,0,0.0,0.0,0.0,True,True,data/raw\2026-03\north_goa\158500100031_158500100031___yogeshwar_ganpat_tamonkar_49_fps.json,0.0,0.0,0.0,0.0,0.0,0.0,0.0,0.0,0.0,0.0,0.0,0.0,0.0,0.0,0.0,0.0
2026,Mar,GOA,north_goa,158500100031,YOGESHWAR GANPAT TAMONKAR-49 FPS,0,0,0,0,0.0,0.0,0.0,True,True,data/raw\2026-03\north_goa\158500100031_yogeshwar_ganpat_tamonkar_49_fps.json,256.0,11.0,10.0,277.0,13.0,0.0,2.0,15.0,256.0,11.0,10.0,277.0,13.0,0.0,2.0,15.0
2026,Mar,GOA,north_goa,158500100032,,0,0,0,0,0.0,0.0,0.0,True,True,data/raw\2026-03\north_goa\158500100032_158500100032___chandrashekhar_y_more_102_fps.json,0.0,0.0,0.0,0.0,0.0,0.0,0.0,0.0,0.0,0.0,0.0,0.0,0.0,0.0,0.0,0.0
2026,Mar,GOA,north_goa,158500100032,CHANDRASHEKHAR Y MORE-102 FPS,0,0,0,0,0.0,0.0,0.0,True,True,data/raw\2026-03\north_goa\158500100032_chandrashekhar_y_more_102_fps.json,47.0,3.0,15.0,65.0,47.0,2.0,2.0,51.0,47.0,3.0,15.0,65.0,47.0,2.0,2.0,51.0
2026,Mar,GOA,north_goa,158500100033,,0,0,0,0,0.0,0.0,0.0,True,True,data/raw\2026-03\north_goa\158500100033_158500100033___ramesh_g_tamankar_64_fps.json,0.0,0.0,0.0,0.0,0.0,0.0,0.0,0.0,0.0,0.0,0.0,0.0,0.0,0.0,0.0,0.0
2026,Mar,GOA,north_goa,158500100033,RAMESH G TAMANKAR-64 FPS,0,0,0,0,0.0,0.0,0.0,True,True,data/raw\2026-03\north_goa\158500100033_ramesh_g_tamankar_64_fps.json,212.0,45.0,0.0,257.0,18.0,3.0,0.0,21.0,212.0,45.0,0.0,257.0,18.0,3.0,0.0,21.0
2026,Mar,GOA,north_goa,158500100034,,0,0,0,0,0.0,0.0,0.0,True,True,data/raw\2026-03\north_goa\158500100034_158500100034___sunita_kaskar_95_fps.json,0.0,0.0,0.0,0.0,0.0,0.0,0.0,0.0,0.0,0.0,0.0,0.0,0.0,0.0,0.0,0.0
2026,Mar,GOA,north_goa,158500100034,SUNITA KASKAR-95 FPS,0,0,0,0,0.0,0.0,0.0,True,True,data/raw\2026-03\north_goa\158500100034_sunita_kaskar_95_fps.json,18.0,0.0,0.0,18.0,1.0,0.0,0.0,1.0,18.0,0.0,0.0,18.0,1.0,0.0,0.0,1.0
2026,Mar,GOA,north_goa,158500100035,,0,0,0,0,0.0,0.0,0.0,True,True,data/raw\2026-03\north_goa\158500100035_158500100035___guirim_sangolda_m_p__co_op_service_society_ltd_15_fps.json,0.0,0.0,0.0,0.0,0.0,0.0,0.0,0.0,0.0,0.0,0.0,0.0,0.0,0.0,0.0,0.0
2026,Mar,GOA,north_goa,158500100035,GUIRIM SANGOLDA M.P. CO-OP SERVICE SOCIETY LTD-15 FPS,0,0,0,0,0.0,0.0,0.0,True,True,data/raw\2026-03\north_goa\158500100035_guirim_sangolda_m_p__co_op_service_society_ltd_15_fps.json,231.0,4.0,0.0,235.0,17.0,0.0,1.0,18.0,231.0,4.0,0.0,235.0,17.0,0.0,1.0,18.0
2026,Mar,GOA,north_goa,158500100036,,0,0,0,0,0.0,0.0,0.0,True,True,data/raw\2026-03\north_goa\158500100036_158500100036___guirim_sangolda_m_p_co_op_service_society_ltd_13_fps.json,0.0,0.0,0.0,0.0,0.0,0.0,0.0,0.0,0.0,0.0,0.0,0.0,0.0,0.0,0.0,0.0
2026,Mar,GOA,north_goa,158500100036,GUIRIM SANGOLDA M.P.CO-OP SERVICE SOCIETY LTD-13 FPS,0,0,0,0,0.0,0.0,0.0,True,True,data/raw\2026-03\north_goa\158500100036_guirim_sangolda_m_p_co_op_service_society_ltd_13_fps.json,103.0,3.0,12.0,118.0,8.0,0.0,0.0,8.0,103.0,3.0,12.0,118.0,8.0,0.0,0.0,8.0
2026,Mar,GOA,north_goa,158500100037,,0,0,0,0,0.0,0.0,0.0,True,True,data/raw\2026-03\north_goa\158500100037_158500100037___guirim_sangolda_m_p__co_op_service_society_ltd_14_fps.json,0.0,0.0,0.0,0.0,0.0,0.0,0.0,0.0,0.0,0.0,0.0,0.0,0.0,0.0,0.0,0.0
2026,Mar,GOA,north_goa,158500100037,GUIRIM SANGOLDA M.P. CO-OP SERVICE SOCIETY LTD-14 FPS,0,0,0,0,0.0,0.0,0.0,True,True,data/raw\2026-03\north_goa\158500100037_guirim_sangolda_m_p__co_op_service_society_ltd_14_fps.json,144.0,1.0,3.0,148.0,26.0,0.0,1.0,27.0,144.0,1.0,3.0,148.0,26.0,0.0,1.0,27.0
2026,Mar,GOA,north_goa,158500100038,,0,0,0,0,0.0,0.0,0.0,True,True,data/raw\2026-03\north_goa\158500100038_158500100038___porob_fair_price_shop_40_fps.json,0.0,0.0,0.0,0.0,0.0,0.0,0.0,0.0,0.0,0.0,0.0,0.0,0.0,0.0,0.0,0.0
2026,Mar,GOA,north_goa,158500100038,POROB FAIR PRICE SHOP-40 FPS,0,0,0,0,0.0,0.0,0.0,True,True,data/raw\2026-03\north_goa\158500100038_porob_fair_price_shop_40_fps.json,39.0,76.0,0.0,115.0,0.0,0.0,0.0,0.0,39.0,76.0,0.0,115.0,0.0,0.0,0.0,0.0
2026,Mar,GOA,north_goa,158500100039,,0,0,0,0,0.0,0.0,0.0,True,True,data/raw\2026-03\north_goa\158500100039_158500100039___sumati_c_kalangutkar_79_fps.json,0.0,0.0,0.0,0.0,0.0,0.0,0.0,0.0,0.0,0.0,0.0,0.0,0.0,0.0,0.0,0.0
2026,Mar,GOA,north_goa,158500100039,SUMATI C KALANGUTKAR-79 FPS,0,0,0,0,0.0,0.0,0.0,True,True,data/raw\2026-03\north_goa\158500100039_sumati_c_kalangutkar_79_fps.json,33.0,9.0,0.0,42.0,57.0,5.0,0.0,62.0,33.0,9.0,0.0,42.0,57.0,5.0,0.0,62.0
2026,Mar,GOA,north_goa,158500100040,,0,0,0,0,0.0,0.0,0.0,True,True,data/raw\2026-03\north_goa\158500100040_158500100040___shri_devanand_v_shirodkar_108_fps.json,0.0,0.0,0.0,0.0,0.0,0.0,0.0,0.0,0.0,0.0,0.0,0.0,0.0,0.0,0.0,0.0
2026,Mar,GOA,north_goa,158500100040,SHRI DEVANAND V SHIRODKAR-108 FPS,0,0,0,0,0.0,0.0,0.0,True,True,data/raw\2026-03\north_goa\158500100040_shri_devanand_v_shirodkar_108_fps.json,77.0,59.0,0.0,136.0,0.0,0.0,0.0,0.0,77.0,59.0,0.0,136.0,0.0,0.0,0.0,0.0
2026,Mar,GOA,north_goa,158500100041,,0,0,0,0,0.0,0.0,0.0,True,True,data/raw\2026-03\north_goa\158500100041_158500100041___shanker__v__prabhu_khorjunvkar_88_fps.json,0.0,0.0,0.0,0.0,0.0,0.0,0.0,0.0,0.0,0.0,0.0,0.0,0.0,0.0,0.0,0.0
2026,Mar,GOA,north_goa,158500100041,SHANKER .V. PRABHU KHORJUNVKAR-88 FPS,0,0,0,0,0.0,0.0,0.0,True,True,data/raw\2026-03\north_goa\158500100041_shanker__v__prabhu_khorjunvkar_88_fps.json,96.0,2.0,0.0,98.0,6.0,0.0,0.0,6.0,96.0,2.0,0.0,98.0,6.0,0.0,0.0,6.0
2026,Mar,GOA,north_goa,158500100042,,0,0,0,0,0.0,0.0,0.0,True,True,data/raw\2026-03\north_goa\158500100042_158500100042___bhagirathi_117_fps.json,0.0,0.0,0.0,0.0,0.0,0.0,0.0,0.0,0.0,0.0,0.0,0.0,0.0,0.0,0.0,0.0
2026,Mar,GOA,north_goa,158500100042,BHAGIRATHI-117 FPS,0,0,0,0,0.0,0.0,0.0,True,True,data/raw\2026-03\north_goa\158500100042_bhagirathi_117_fps.json,323.0,7.0,0.0,330.0,3.0,0.0,0.0,3.0,323.0,7.0,0.0,330.0,3.0,0.0,0.0,3.0
2026,Mar,GOA,north_goa,158500100043,,0,0,0,0,0.0,0.0,0.0,True,True,data/raw\2026-03\north_goa\158500100043_158500100043___duler_v_k_s_society_6_fps.json,0.0,0.0,0.0,0.0,0.0,0.0,0.0,0.0,0.0,0.0,0.0,0.0,0.0,0.0,0.0,0.0
2026,Mar,GOA,north_goa,158500100043,DULER V.K.S SOCIETY-6 FPS,0,0,0,0,0.0,0.0,0.0,True,True,data/raw\2026-03\north_goa\158500100043_duler_v_k_s_society_6_fps.json,248.0,13.0,101.0,362.0,4.0,0.0,3.0,7.0,248.0,13.0,101.0,362.0,4.0,0.0,3.0,7.0
2026,Mar,GOA,north_goa,158500100044,,0,0,0,0,0.0,0.0,0.0,True,True,data/raw\2026-03\north_goa\158500100044_158500100044___prafulla_p__kandolkar_45_fps.json,0.0,0.0,0.0,0.0,0.0,0.0,0.0,0.0,0.0,0.0,0.0,0.0,0.0,0.0,0.0,0.0
2026,Mar,GOA,north_goa,158500100044,PRAFULLA P. KANDOLKAR-45 FPS,0,0,0,0,0.0,0.0,0.0,True,True,data/raw\2026-03\north_goa\158500100044_prafulla_p__kandolkar_45_fps.json,58.0,10.0,0.0,68.0,46.0,5.0,0.0,51.0,58.0,10.0,0.0,68.0,46.0,5.0,0.0,51.0
2026,Mar,GOA,north_goa,158500100046,,0,0,0,0,0.0,0.0,0.0,True,True,data/raw\2026-03\north_goa\158500100046_158500100046___sangeeta_fair_price_shop_114_fps.json,0.0,0.0,0.0,0.0,0.0,0.0,0.0,0.0,0.0,0.0,0.0,0.0,0.0,0.0,0.0,0.0
2026,Mar,GOA,north_goa,158500100046,SANGEETA FAIR PRICE SHOP-114 FPS,0,0,0,0,0.0,0.0,0.0,True,True,data/raw\2026-03\north_goa\158500100046_sangeeta_fair_price_shop_114_fps.json,33.0,4.0,0.0,37.0,0.0,0.0,0.0,0.0,33.0,4.0,0.0,37.0,0.0,0.0,0.0,0.0
2026,Mar,GOA,north_goa,158500100047,,0,0,0,0,0.0,0.0,0.0,True,True,data/raw\2026-03\north_goa\158500100047_158500100047___alini_a_bhonsle_47_fps.json,0.0,0.0,0.0,0.0,0.0,0.0,0.0,0.0,0.0,0.0,0.0,0.0,0.0,0.0,0.0,0.0
2026,Mar,GOA,north_goa,158500100047,ALINI A BHONSLE-47 FPS,0,0,0,0,0.0,0.0,0.0,True,True,data/raw\2026-03\north_goa\158500100047_alini_a_bhonsle_47_fps.json,109.0,0.0,25.0,134.0,22.0,1.0,6.0,29.0,109.0,0.0,25.0,134.0,22.0,1.0,6.0,29.0
2026,Mar,GOA,north_goa,158500100048,,0,0,0,0,0.0,0.0,0.0,True,True,data/raw\2026-03\north_goa\158500100048_158500100048___prakash_m_coulekar_75_fps.json,0.0,0.0,0.0,0.0,0.0,0.0,0.0,0.0,0.0,0.0,0.0,0.0,0.0,0.0,0.0,0.0
2026,Mar,GOA,north_goa,158500100048,PRAKASH M COULEKAR-75 FPS,0,0,0,0,0.0,0.0,0.0,True,True,data/raw\2026-03\north_goa\158500100048_prakash_m_coulekar_75_fps.json,293.0,1.0,0.0,294.0,9.0,0.0,0.0,9.0,293.0,1.0,0.0,294.0,9.0,0.0,0.0,9.0
2026,Mar,GOA,north_goa,158500100049,,0,0,0,0,0.0,0.0,0.0,True,True,data/raw\2026-03\north_goa\158500100049_158500100049___rohidas_g_parab_99_fps.json,0.0,0.0,0.0,0.0,0.0,0.0,0.0,0.0,0.0,0.0,0.0,0.0,0.0,0.0,0.0,0.0
2026,Mar,GOA,north_goa,158500100049,ROHIDAS G PARAB-99 FPS,0,0,0,0,0.0,0.0,0.0,True,True,data/raw\2026-03\north_goa\158500100049_rohidas_g_parab_99_fps.json,102.0,0.0,1.0,103.0,27.0,0.0,0.0,27.0,102.0,0.0,1.0,103.0,27.0,0.0,0.0,27.0
2026,Mar,GOA,north_goa,158500100050,,0,0,0,0,0.0,0.0,0.0,True,True,data/raw\2026-03\north_goa\158500100050_158500100050___shanta_trivikrm_joshi_90_fps.json,0.0,0.0,0.0,0.0,0.0,0.0,0.0,0.0,0.0,0.0,0.0,0.0,0.0,0.0,0.0,0.0
2026,Mar,GOA,north_goa,158500100050,SHANTA TRIVIKRM JOSHI-90 FPS,0,0,0,0,0.0,0.0,0.0,True,True,data/raw\2026-03\north_goa\158500100050_shanta_trivikrm_joshi_90_fps.json,31.0,37.0,0.0,68.0,3.0,3.0,0.0,6.0,31.0,37.0,0.0,68.0,3.0,3.0,0.0,6.0
2026,Mar,GOA,north_goa,158500100051,,0,0,0,0,0.0,0.0,0.0,True,True,data/raw\2026-03\north_goa\158500100051_158500100051___smt__sujata_v__naik_19_fps.json,0.0,0.0,0.0,0.0,0.0,0.0,0.0,0.0,0.0,0.0,0.0,0.0,0.0,0.0,0.0,0.0
2026,Mar,GOA,north_goa,158500100051,SMT. SUJATA V. NAIK-19 FPS,0,0,0,0,0.0,0.0,0.0,True,True,data/raw\2026-03\north_goa\158500100051_smt__sujata_v__naik_19_fps.json,109.0,0.0,0.0,109.0,12.0,0.0,0.0,12.0,109.0,0.0,0.0,109.0,12.0,0.0,0.0,12.0
2026,Mar,GOA,north_goa,158500100054,,0,0,0,0,0.0,0.0,0.0,True,True,data/raw\2026-03\north_goa\158500100054_158500100054___gajanan_k_prabhu_46_fps.json,0.0,0.0,0.0,0.0,0.0,0.0,0.0,0.0,0.0,0.0,0.0,0.0,0.0,0.0,0.0,0.0
2026,Mar,GOA,north_goa,158500100054,GAJANAN K PRABHU-46 FPS,0,0,0,0,0.0,0.0,0.0,True,True,data/raw\2026-03\north_goa\158500100054_gajanan_k_prabhu_46_fps.json,104.0,9.0,1.0,114.0,18.0,0.0,0.0,18.0,104.0,9.0,1.0,114.0,18.0,0.0,0.0,18.0
2026,Mar,GOA,north_goa,158500100055,,0,0,0,0,0.0,0.0,0.0,True,True,data/raw\2026-03\north_goa\158500100055_158500100055___sangeeta_s_prabhu_80_fps.json,0.0,0.0,0.0,0.0,0.0,0.0,0.0,0.0,0.0,0.0,0.0,0.0,0.0,0.0,0.0,0.0
2026,Mar,GOA,north_goa,158500100055,SANGEETA S PRABHU-80 FPS,0,0,0,0,0.0,0.0,0.0,True,True,data/raw\2026-03\north_goa\158500100055_sangeeta_s_prabhu_80_fps.json,72.0,4.0,11.0,87.0,3.0,0.0,0.0,3.0,72.0,4.0,11.0,87.0,3.0,0.0,0.0,3.0
2026,Mar,GOA,north_goa,158500100056,,0,0,0,0,0.0,0.0,0.0,True,True,data/raw\2026-03\north_goa\158500100056_158500100056___kashinath_s_sawal_61_fps.json,0.0,0.0,0.0,0.0,0.0,0.0,0.0,0.0,0.0,0.0,0.0,0.0,0.0,0.0,0.0,0.0
2026,Mar,GOA,north_goa,158500100056,KASHINATH S SAWAL-61 FPS,0,0,0,0,0.0,0.0,0.0,True,True,data/raw\2026-03\north_goa\158500100056_kashinath_s_sawal_61_fps.json,137.0,0.0,33.0,170.0,0.0,0.0,1.0,1.0,137.0,0.0,33.0,170.0,0.0,0.0,1.0,1.0
2026,Mar,GOA,north_goa,158500100317,,0,0,0,0,0.0,0.0,0.0,True,True,data/raw\2026-03\north_goa\158500100317_158500100317___ramtirth_nagvekar_29_fps.json,0.0,0.0,0.0,0.0,0.0,0.0,0.0,0.0,0.0,0.0,0.0,0.0,0.0,0.0,0.0,0.0
2026,Mar,GOA,north_goa,158500100317,RAMTIRTH NAGVEKAR-29 FPS,0,0,0,0,0.0,0.0,0.0,True,True,data/raw\2026-03\north_goa\158500100317_ramtirth_nagvekar_29_fps.json,152.0,4.0,5.0,161.0,13.0,0.0,1.0,14.0,152.0,4.0,5.0,161.0,13.0,0.0,1.0,14.0
2026,Mar,GOA,north_goa,158500100318,,0,0,0,0,0.0,0.0,0.0,True,True,data/raw\2026-03\north_goa\158500100318_158500100318___vithal_c_thali_4_fps.json,0.0,0.0,0.0,0.0,0.0,0.0,0.0,0.0,0.0,0.0,0.0,0.0,0.0,0.0,0.0,0.0
2026,Mar,GOA,north_goa,158500100318,VITHAL C THALI-4 FPS,0,0,0,0,0.0,0.0,0.0,True,True,data/raw\2026-03\north_goa\158500100318_vithal_c_thali_4_fps.json,246.0,5.0,7.0,258.0,10.0,0.0,1.0,11.0,246.0,5.0,7.0,258.0,10.0,0.0,1.0,11.0
2026,Mar,GOA,north_goa,158500100319,,0,0,0,0,0.0,0.0,0.0,True,True,data/raw\2026-03\north_goa\158500100319_158500100319___dharma_g_tamankar_52_fps.json,0.0,0.0,0.0,0.0,0.0,0.0,0.0,0.0,0.0,0.0,0.0,0.0,0.0,0.0,0.0,0.0
2026,Mar,GOA,north_goa,158500100319,DHARMA G TAMANKAR-52 FPS,0,0,0,0,0.0,0.0,0.0,True,True,data/raw\2026-03\north_goa\158500100319_dharma_g_tamankar_52_fps.json,166.0,7.0,7.0,180.0,14.0,0.0,1.0,15.0,166.0,7.0,7.0,180.0,14.0,0.0,1.0,15.0
2026,Mar,GOA,north_goa,158500100320,,0,0,0,0,0.0,0.0,0.0,True,True,data/raw\2026-03\north_goa\158500100320_158500100320___shrikant_u_naik_50_fps.json,0.0,0.0,0.0,0.0,0.0,0.0,0.0,0.0,0.0,0.0,0.0,0.0,0.0,0.0,0.0,0.0
2026,Mar,GOA,north_goa,158500100320,SHRIKANT U NAIK-50 FPS,0,0,0,0,0.0,0.0,0.0,True,True,data/raw\2026-03\north_goa\158500100320_shrikant_u_naik_50_fps.json,181.0,59.0,0.0,240.0,22.0,2.0,0.0,24.0,181.0,59.0,0.0,240.0,22.0,2.0,0.0,24.0
2026,Mar,GOA,north_goa,158500100321,,0,0,0,0,0.0,0.0,0.0,True,True,data/raw\2026-03\north_goa\158500100321_158500100321___bastora_ucasaim_sty_17_fps.json,0.0,0.0,0.0,0.0,0.0,0.0,0.0,0.0,0.0,0.0,0.0,0.0,0.0,0.0,0.0,0.0
2026,Mar,GOA,north_goa,158500100321,BASTORA UCASAIM STY-17 FPS,0,0,0,0,0.0,0.0,0.0,True,True,data/raw\2026-03\north_goa\158500100321_bastora_ucasaim_sty_17_fps.json,453.0,3.0,3.0,459.0,42.0,0.0,0.0,42.0,453.0,3.0,3.0,459.0,42.0,0.0,0.0,42.0
2026,Mar,GOA,north_goa,158500100323,,0,0,0,0,0.0,0.0,0.0,True,True,data/raw\2026-03\north_goa\158500100323_158500100323___reginald_b_lobo_107_fps.json,0.0,0.0,0.0,0.0,0.0,0.0,0.0,0.0,0.0,0.0,0.0,0.0,0.0,0.0,0.0,0.0
2026,Mar,GOA,north_goa,158500100323,REGINALD B LOBO-107 FPS,0,0,0,0,0.0,0.0,0.0,True,True,data/raw\2026-03\north_goa\158500100323_reginald_b_lobo_107_fps.json,94.0,2.0,6.0,102.0,2.0,0.0,1.0,3.0,94.0,2.0,6.0,102.0,2.0,0.0,1.0,3.0
2026,Mar,GOA,north_goa,158500100324,,0,0,0,0,0.0,0.0,0.0,True,True,data/raw\2026-03\north_goa\158500100324_158500100324___pratima_n_varkhandkar_113_fps.json,0.0,0.0,0.0,0.0,0.0,0.0,0.0,0.0,0.0,0.0,0.0,0.0,0.0,0.0,0.0,0.0
2026,Mar,GOA,north_goa,158500100324,PRATIMA N VARKHANDKAR-113 FPS,0,0,0,0,0.0,0.0,0.0,True,True,data/raw\2026-03\north_goa\158500100324_pratima_n_varkhandkar_113_fps.json,173.0,2.0,0.0,175.0,0.0,0.0,0.0,0.0,173.0,2.0,0.0,175.0,0.0,0.0,0.0,0.0
2026,Mar,GOA,north_goa,158500100325,,0,0,0,0,0.0,0.0,0.0,True,True,data/raw\2026-03\north_goa\158500100325_158500100325___anand_d_kamat_48_fps.json,0.0,0.0,0.0,0.0,0.0,0.0,0.0,0.0,0.0,0.0,0.0,0.0,0.0,0.0,0.0,0.0
2026,Mar,GOA,north_goa,158500100325,ANAND D KAMAT-48 FPS,0,0,0,0,0.0,0.0,0.0,True,True,data/raw\2026-03\north_goa\158500100325_anand_d_kamat_48_fps.json,20.0,74.0,0.0,94.0,10.0,0.0,0.0,10.0,20.0,74.0,0.0,94.0,10.0,0.0,0.0,10.0
2026,Mar,GOA,north_goa,158500100326,,0,0,0,0,0.0,0.0,0.0,True,True,data/raw\2026-03\north_goa\158500100326_158500100326___shri_somnath_v_halarnkar.json,0.0,0.0,0.0,0.0,0.0,0.0,0.0,0.0,0.0,0.0,0.0,0.0,0.0,0.0,0.0,0.0
2026,Mar,GOA,north_goa,158500100326,SHRI SOMNATH V HALARNKAR,0,0,0,0,0.0,0.0,0.0,True,True,data/raw\2026-03\north_goa\158500100326_shri_somnath_v_halarnkar.json,199.0,0.0,0.0,199.0,5.0,0.0,0.0,5.0,199.0,0.0,0.0,199.0,5.0,0.0,0.0,5.0
2026,Mar,GOA,north_goa,158500100327,,0,0,0,0,0.0,0.0,0.0,True,True,data/raw\2026-03\north_goa\158500100327_158500100327___vishwanath_volvaikar_69_fps.json,0.0,0.0,0.0,0.0,0.0,0.0,0.0,0.0,0.0,0.0,0.0,0.0,0.0,0.0,0.0,0.0
2026,Mar,GOA,north_goa,158500100327,VISHWANATH VOLVAIKAR-69 FPS,0,0,0,0,0.0,0.0,0.0,True,True,data/raw\2026-03\north_goa\158500100327_vishwanath_volvaikar_69_fps.json,29.0,0.0,0.0,29.0,0.0,0.0,0.0,0.0,29.0,0.0,0.0,29.0,0.0,0.0,0.0,0.0
2026,Mar,GOA,north_goa,158500100328,,0,0,0,0,0.0,0.0,0.0,True,True,data/raw\2026-03\north_goa\158500100328_158500100328___amit_chodankar_112_fps.json,0.0,0.0,0.0,0.0,0.0,0.0,0.0,0.0,0.0,0.0,0.0,0.0,0.0,0.0,0.0,0.0
2026,Mar,GOA,north_goa,158500100328,AMIT CHODANKAR-112 FPS,0,0,0,0,0.0,0.0,0.0,True,True,data/raw\2026-03\north_goa\158500100328_amit_chodankar_112_fps.json,36.0,84.0,0.0,120.0,0.0,4.0,0.0,4.0,36.0,84.0,0.0,120.0,0.0,4.0,0.0,4.0
2026,Mar,GOA,north_goa,158500100329,,0,0,0,0,0.0,0.0,0.0,True,True,data/raw\2026-03\north_goa\158500100329_158500100329___n_d_kambli_71_fps.json,0.0,0.0,0.0,0.0,0.0,0.0,0.0,0.0,0.0,0.0,0.0,0.0,0.0,0.0,0.0,0.0
2026,Mar,GOA,north_goa,158500100329,N.D.KAMBLI-71 FPS,0,0,0,0,0.0,0.0,0.0,True,True,data/raw\2026-03\north_goa\158500100329_n_d_kambli_71_fps.json,217.0,0.0,1.0,218.0,15.0,0.0,0.0,15.0,217.0,0.0,1.0,218.0,15.0,0.0,0.0,15.0
2026,Mar,GOA,north_goa,158500100330,,0,0,0,0,0.0,0.0,0.0,True,True,data/raw\2026-03\north_goa\158500100330_158500100330___agnelo_lobo_78_fps.json,0.0,0.0,0.0,0.0,0.0,0.0,0.0,0.0,0.0,0.0,0.0,0.0,0.0,0.0,0.0,0.0
2026,Mar,GOA,north_goa,158500100330,AGNELO LOBO-78 FPS,0,0,0,0,0.0,0.0,0.0,True,True,data/raw\2026-03\north_goa\158500100330_agnelo_lobo_78_fps.json,179.0,1.0,0.0,180.0,16.0,0.0,0.0,16.0,179.0,1.0,0.0,180.0,16.0,0.0,0.0,16.0
2026,Mar,GOA,north_goa,158500100331,,0,0,0,0,0.0,0.0,0.0,True,True,data/raw\2026-03\north_goa\158500100331_158500100331___shaila_b_vaigankar_72_fps.json,0.0,0.0,0.0,0.0,0.0,0.0,0.0,0.0,0.0,0.0,0.0,0.0,0.0,0.0,0.0,0.0
2026,Mar,GOA,north_goa,158500100331,SHAILA B VAIGANKAR-72 FPS,0,0,0,0,0.0,0.0,0.0,True,True,data/raw\2026-03\north_goa\158500100331_shaila_b_vaigankar_72_fps.json,4.0,11.0,0.0,15.0,5.0,0.0,0.0,5.0,4.0,11.0,0.0,15.0,5.0,0.0,0.0,5.0
2026,Mar,GOA,north_goa,158500100333,,0,0,0,0,0.0,0.0,0.0,True,True,data/raw\2026-03\north_goa\158500100333_158500100333___shaliesh_s__mahambrey__93_fps.json,0.0,0.0,0.0,0.0,0.0,0.0,0.0,0.0,0.0,0.0,0.0,0.0,0.0,0.0,0.0,0.0
2026,Mar,GOA,north_goa,158500100333,Shaliesh S. Mahambrey -93 FPS,0,0,0,0,0.0,0.0,0.0,True,True,data/raw\2026-03\north_goa\158500100333_shaliesh_s__mahambrey__93_fps.json,34.0,0.0,52.0,86.0,2.0,0.0,17.0,19.0,34.0,0.0,52.0,86.0,2.0,0.0,17.0,19.0
2026,Mar,GOA,north_goa,158500100334,,0,0,0,0,0.0,0.0,0.0,True,True,data/raw\2026-03\north_goa\158500100334_158500100334___netaji_r_dhargalkar_97_fps.json,0.0,0.0,0.0,0.0,0.0,0.0,0.0,0.0,0.0,0.0,0.0,0.0,0.0,0.0,0.0,0.0
2026,Mar,GOA,north_goa,158500100334,NETAJI R DHARGALKAR-97 FPS,0,0,0,0,0.0,0.0,0.0,True,True,data/raw\2026-03\north_goa\158500100334_netaji_r_dhargalkar_97_fps.json,139.0,0.0,0.0,139.0,6.0,0.0,0.0,6.0,139.0,0.0,0.0,139.0,6.0,0.0,0.0,6.0
2026,Mar,GOA,north_goa,158500100335,,0,0,0,0,0.0,0.0,0.0,True,True,data/raw\2026-03\north_goa\158500100335_158500100335___s_v_malik_92_fps.json,0.0,0.0,0.0,0.0,0.0,0.0,0.0,0.0,0.0,0.0,0.0,0.0,0.0,0.0,0.0,0.0
2026,Mar,GOA,north_goa,158500100335,S.V MALIK-92 FPS,0,0,0,0,0.0,0.0,0.0,True,True,data/raw\2026-03\north_goa\158500100335_s_v_malik_92_fps.json,57.0,0.0,0.0,57.0,3.0,0.0,0.0,3.0,57.0,0.0,0.0,57.0,3.0,0.0,0.0,3.0
2026,Mar,GOA,north_goa,158500100336,,0,0,0,0,0.0,0.0,0.0,True,True,data/raw\2026-03\north_goa\158500100336_158500100336___the_revora_nadora_vkks_sty_ltd_60_fps.json,0.0,0.0,0.0,0.0,0.0,0.0,0.0,0.0,0.0,0.0,0.0,0.0,0.0,0.0,0.0,0.0
2026,Mar,GOA,north_goa,158500100336,THE REVORA NADORA VKKS STY LTD-60 FPS,0,0,0,0,0.0,0.0,0.0,True,True,data/raw\2026-03\north_goa\158500100336_the_revora_nadora_vkks_sty_ltd_60_fps.json,365.0,0.0,0.0,365.0,56.0,0.0,0.0,56.0,365.0,0.0,0.0,365.0,56.0,0.0,0.0,56.0
2026,Mar,GOA,north_goa,158500100337,,0,0,0,0,0.0,0.0,0.0,True,True,data/raw\2026-03\north_goa\158500100337_158500100337___sakharam_s_falari_9_fps.json,0.0,0.0,0.0,0.0,0.0,0.0,0.0,0.0,0.0,0.0,0.0,0.0,0.0,0.0,0.0,0.0
2026,Mar,GOA,north_goa,158500100337,SAKHARAM S FALARI-9 FPS,0,0,0,0,0.0,0.0,0.0,True,True,data/raw\2026-03\north_goa\158500100337_sakharam_s_falari_9_fps.json,10.0,22.0,0.0,32.0,3.0,2.0,0.0,5.0,10.0,22.0,0.0,32.0,3.0,2.0,0.0,5.0
2026,Mar,GOA,north_goa,158500100338,,0,0,0,0,0.0,0.0,0.0,True,True,data/raw\2026-03\north_goa\158500100338_158500100338___sitabai_r_naik_41_fps.json,0.0,0.0,0.0,0.0,0.0,0.0,0.0,0.0,0.0,0.0,0.0,0.0,0.0,0.0,0.0,0.0
2026,Mar,GOA,north_goa,158500100338,SITABAI R NAIK-41 FPS,0,0,0,0,0.0,0.0,0.0,True,True,data/raw\2026-03\north_goa\158500100338_sitabai_r_naik_41_fps.json,266.0,1.0,0.0,267.0,1.0,0.0,0.0,1.0,266.0,1.0,0.0,267.0,1.0,0.0,0.0,1.0
2026,Mar,GOA,north_goa,158500100339,,0,0,0,0,0.0,0.0,0.0,True,True,data/raw\2026-03\north_goa\158500100339_158500100339___amir_sudan_shetye_106_fps.json,0.0,0.0,0.0,0.0,0.0,0.0,0.0,0.0,0.0,0.0,0.0,0.0,0.0,0.0,0.0,0.0
2026,Mar,GOA,north_goa,158500100339,AMIR SUDAN SHETYE-106 FPS,0,0,0,0,0.0,0.0,0.0,True,True,data/raw\2026-03\north_goa\158500100339_amir_sudan_shetye_106_fps.json,51.0,1.0,0.0,52.0,9.0,0.0,0.0,9.0,51.0,1.0,0.0,52.0,9.0,0.0,0.0,9.0
2026,Mar,GOA,north_goa,158500100340,,0,0,0,0,0.0,0.0,0.0,True,True,data/raw\2026-03\north_goa\158500100340_158500100340___bhiku_y_vaigankar_44_fps.json,0.0,0.0,0.0,0.0,0.0,0.0,0.0,0.0,0.0,0.0,0.0,0.0,0.0,0.0,0.0,0.0
2026,Mar,GOA,north_goa,158500100340,BHIKU Y VAIGANKAR-44 FPS,0,0,0,0,0.0,0.0,0.0,True,True,data/raw\2026-03\north_goa\158500100340_bhiku_y_vaigankar_44_fps.json,107.0,1.0,6.0,114.0,50.0,0.0,0.0,50.0,107.0,1.0,6.0,114.0,50.0,0.0,0.0,50.0
2026,Mar,GOA,north_goa,158500100341,,0,0,0,0,0.0,0.0,0.0,True,True,data/raw\2026-03\north_goa\158500100341_158500100341___anand_b_bhaidkar_7_fps.json,0.0,0.0,0.0,0.0,0.0,0.0,0.0,0.0,0.0,0.0,0.0,0.0,0.0,0.0,0.0,0.0
2026,Mar,GOA,north_goa,158500100341,ANAND B BHAIDKAR-7 FPS,0,0,0,0,0.0,0.0,0.0,True,True,data/raw\2026-03\north_goa\158500100341_anand_b_bhaidkar_7_fps.json,321.0,1.0,2.0,324.0,4.0,0.0,1.0,5.0,321.0,1.0,2.0,324.0,4.0,0.0,1.0,5.0
2026,Mar,GOA,north_goa,158500100342,,0,0,0,0,0.0,0.0,0.0,True,True,data/raw\2026-03\north_goa\158500100342_158500100342___jeixri_shyam_naik__21_fps.json,0.0,0.0,0.0,0.0,0.0,0.0,0.0,0.0,0.0,0.0,0.0,0.0,0.0,0.0,0.0,0.0
2026,Mar,GOA,north_goa,158500100342,Jeixri Shyam Naik -21 FPS,0,0,0,0,0.0,0.0,0.0,True,True,data/raw\2026-03\north_goa\158500100342_jeixri_shyam_naik__21_fps.json,598.0,11.0,7.0,616.0,6.0,0.0,0.0,6.0,598.0,11.0,7.0,616.0,6.0,0.0,0.0,6.0
2026,Mar,GOA,north_goa,158500100343,,0,0,0,0,0.0,0.0,0.0,True,True,data/raw\2026-03\north_goa\158500100343_158500100343___smt__c__simepurushkar_65_fps.json,0.0,0.0,0.0,0.0,0.0,0.0,0.0,0.0,0.0,0.0,0.0,0.0,0.0,0.0,0.0,0.0
2026,Mar,GOA,north_goa,158500100343,SMT. C. SIMEPURUSHKAR-65 FPS,0,0,0,0,0.0,0.0,0.0,True,True,data/raw\2026-03\north_goa\158500100343_smt__c__simepurushkar_65_fps.json,19.0,0.0,0.0,19.0,1.0,0.0,0.0,1.0,19.0,0.0,0.0,19.0,1.0,0.0,0.0,1.0
2026,Mar,GOA,north_goa,158500100344,,0,0,0,0,0.0,0.0,0.0,True,True,data/raw\2026-03\north_goa\158500100344_158500100344___fondu_u_shirodkar_98_fps.json,0.0,0.0,0.0,0.0,0.0,0.0,0.0,0.0,0.0,0.0,0.0,0.0,0.0,0.0,0.0,0.0
2026,Mar,GOA,north_goa,158500100344,FONDU U SHIRODKAR-98 FPS,0,0,0,0,0.0,0.0,0.0,True,True,data/raw\2026-03\north_goa\158500100344_fondu_u_shirodkar_98_fps.json,133.0,1.0,0.0,134.0,11.0,0.0,0.0,11.0,133.0,1.0,0.0,134.0,11.0,0.0,0.0,11.0
2026,Mar,GOA,north_goa,158500100345,,0,0,0,0,0.0,0.0,0.0,True,True,data/raw\2026-03\north_goa\158500100345_158500100345___darin_julian_lobo_18_fps.json,0.0,0.0,0.0,0.0,0.0,0.0,0.0,0.0,0.0,0.0,0.0,0.0,0.0,0.0,0.0,0.0
2026,Mar,GOA,north_goa,158500100345,DARIN JULIAN LOBO-18 FPS,0,0,0,0,0.0,0.0,0.0,True,True,data/raw\2026-03\north_goa\158500100345_darin_julian_lobo_18_fps.json,233.0,3.0,22.0,258.0,76.0,0.0,2.0,78.0,233.0,3.0,22.0,258.0,76.0,0.0,2.0,78.0
2026,Mar,GOA,north_goa,158500100348,,0,0,0,0,0.0,0.0,0.0,True,True,data/raw\2026-03\north_goa\158500100348_158500100348___anna_christina_alvares_118_fps.json,0.0,0.0,0.0,0.0,0.0,0.0,0.0,0.0,0.0,0.0,0.0,0.0,0.0,0.0,0.0,0.0
2026,Mar,GOA,north_goa,158500100348,ANNA CHRISTINA ALVARES-118 FPS,0,0,0,0,0.0,0.0,0.0,True,True,data/raw\2026-03\north_goa\158500100348_anna_christina_alvares_118_fps.json,144.0,8.0,19.0,171.0,47.0,0.0,2.0,49.0,144.0,8.0,19.0,171.0,47.0,0.0,2.0,49.0
2026,Mar,GOA,north_goa,158500100349,,0,0,0,0,0.0,0.0,0.0,True,True,data/raw\2026-03\north_goa\158500100349_158500100349___prachi_premnath_maulingcar_55_fps.json,0.0,0.0,0.0,0.0,0.0,0.0,0.0,0.0,0.0,0.0,0.0,0.0,0.0,0.0,0.0,0.0
2026,Mar,GOA,north_goa,158500100349,PRACHI PREMNATH MAULINGCAR-55 FPS,0,0,0,0,0.0,0.0,0.0,True,True,data/raw\2026-03\north_goa\158500100349_prachi_premnath_maulingcar_55_fps.json,332.0,1.0,0.0,333.0,3.0,0.0,0.0,3.0,332.0,1.0,0.0,333.0,3.0,0.0,0.0,3.0
2026,Mar,GOA,north_goa,158500100351,,0,0,0,0,0.0,0.0,0.0,True,True,data/raw\2026-03\north_goa\158500100351_158500100351___pranay_s__naik_kalangutkar____84_fps.json,0.0,0.0,0.0,0.0,0.0,0.0,0.0,0.0,0.0,0.0,0.0,0.0,0.0,0.0,0.0,0.0
2026,Mar,GOA,north_goa,158500100351,PRANAY S. NAIK KALANGUTKAR  - 84 FPS,0,0,0,0,0.0,0.0,0.0,True,True,data/raw\2026-03\north_goa\158500100351_pranay_s__naik_kalangutkar____84_fps.json,162.0,28.0,10.0,200.0,6.0,0.0,2.0,8.0,162.0,28.0,10.0,200.0,6.0,0.0,2.0,8.0
2026,Mar,GOA,north_goa,158500100352,,0,0,0,0,0.0,0.0,0.0,True,True,data/raw\2026-03\north_goa\158500100352_158500100352___zico_j__sequeira__36_fps.json,0.0,0.0,0.0,0.0,0.0,0.0,0.0,0.0,0.0,0.0,0.0,0.0,0.0,0.0,0.0,0.0
2026,Mar,GOA,north_goa,158500100352,ZICO J. SEQUEIRA- 36 FPS,0,0,0,0,0.0,0.0,0.0,True,True,data/raw\2026-03\north_goa\158500100352_zico_j__sequeira__36_fps.json,94.0,2.0,11.0,107.0,0.0,0.0,1.0,1.0,94.0,2.0,11.0,107.0,0.0,0.0,1.0,1.0
2026,Mar,GOA,north_goa,158500100356,,0,0,0,0,0.0,0.0,0.0,True,True,data/raw\2026-03\north_goa\158500100356_158500100356___aparna_v__kambli___68_fps.json,0.0,0.0,0.0,0.0,0.0,0.0,0.0,0.0,0.0,0.0,0.0,0.0,0.0,0.0,0.0,0.0
2026,Mar,GOA,north_goa,158500100356,APARNA V. KAMBLI - 68 FPS,0,0,0,0,0.0,0.0,0.0,True,True,data/raw\2026-03\north_goa\158500100356_aparna_v__kambli___68_fps.json,83.0,0.0,0.0,83.0,0.0,0.0,0.0,0.0,83.0,0.0,0.0,83.0,0.0,0.0,0.0,0.0
2026,Mar,GOA,north_goa,158500100357,,0,0,0,0,0.0,0.0,0.0,True,True,data/raw\2026-03\north_goa\158500100357_158500100357___kishori_d__shinde_fps_10.json,0.0,0.0,0.0,0.0,0.0,0.0,0.0,0.0,0.0,0.0,0.0,0.0,0.0,0.0,0.0,0.0
2026,Mar,GOA,north_goa,158500100357,KISHORI D. SHINDE FPS-10,0,0,0,0,0.0,0.0,0.0,True,True,data/raw\2026-03\north_goa\158500100357_kishori_d__shinde_fps_10.json,147.0,9.0,30.0,186.0,19.0,0.0,11.0,30.0,147.0,9.0,30.0,186.0,19.0,0.0,11.0,30.0
2026,Mar,GOA,north_goa,158500100369,,0,0,0,0,0.0,0.0,0.0,True,True,data/raw\2026-03\north_goa\158500100369_158500100369___pankaj_n__dhargalkar_119_fps.json,0.0,0.0,0.0,0.0,0.0,0.0,0.0,0.0,0.0,0.0,0.0,0.0,0.0,0.0,0.0,0.0
2026,Mar,GOA,north_goa,158500100369,PANKAJ N. DHARGALKAR-119 FPS,0,0,0,0,0.0,0.0,0.0,True,True,data/raw\2026-03\north_goa\158500100369_pankaj_n__dhargalkar_119_fps.json,100.0,5.0,6.0,111.0,0.0,0.0,0.0,0.0,100.0,5.0,6.0,111.0,0.0,0.0,0.0,0.0
2026,Mar,GOA,north_goa,158500100370,,0,0,0,0,0.0,0.0,0.0,True,True,data/raw\2026-03\north_goa\158500100370_158500100370___sulochana_kalangutkar_120_fps.json,0.0,0.0,0.0,0.0,0.0,0.0,0.0,0.0,0.0,0.0,0.0,0.0,0.0,0.0,0.0,0.0
2026,Mar,GOA,north_goa,158500100370,SULOCHANA KALANGUTKAR-120 FPS,0,0,0,0,0.0,0.0,0.0,True,True,data/raw\2026-03\north_goa\158500100370_sulochana_kalangutkar_120_fps.json,130.0,1.0,0.0,131.0,10.0,0.0,0.0,10.0,130.0,1.0,0.0,131.0,10.0,0.0,0.0,10.0
2026,Mar,GOA,north_goa,158500100371,,0,0,0,0,0.0,0.0,0.0,True,True,data/raw\2026-03\north_goa\158500100371_158500100371___snehal_narayan_salgaonkar.json,0.0,0.0,0.0,0.0,0.0,0.0,0.0,0.0,0.0,0.0,0.0,0.0,0.0,0.0,0.0,0.0
2026,Mar,GOA,north_goa,158500100371,SNEHAL NARAYAN SALGAONKAR,0,0,0,0,0.0,0.0,0.0,True,True,data/raw\2026-03\north_goa\158500100371_snehal_narayan_salgaonkar.json,186.0,5.0,0.0,191.0,2.0,0.0,0.0,2.0,186.0,5.0,0.0,191.0,2.0,0.0,0.0,2.0
2026,Mar,GOA,north_goa,158500200002,,0,0,0,0,0.0,0.0,0.0,True,True,data/raw\2026-03\north_goa\158500200002_158500200002___purshottam_c_naik_5_fps.json,0.0,0.0,0.0,0.0,0.0,0.0,0.0,0.0,0.0,0.0,0.0,0.0,0.0,0.0,0.0,0.0
2026,Mar,GOA,north_goa,158500200002,PURSHOTTAM C NAIK-5 FPS,0,0,0,0,0.0,0.0,0.0,True,True,data/raw\2026-03\north_goa\158500200002_purshottam_c_naik_5_fps.json,96.0,0.0,0.0,96.0,27.0,0.0,0.0,27.0,96.0,0.0,0.0,96.0,27.0,0.0,0.0,27.0
2026,Mar,GOA,north_goa,158500200003,,0,0,0,0,0.0,0.0,0.0,True,True,data/raw\2026-03\north_goa\158500200003_158500200003___mulgao_shirgao_advalpal_v_k_s_s_society_ltd_6_fps.json,0.0,0.0,0.0,0.0,0.0,0.0,0.0,0.0,0.0,0.0,0.0,0.0,0.0,0.0,0.0,0.0
2026,Mar,GOA,north_goa,158500200003,MULGAO SHIRGAO ADVALPAL V.K.S.S.SOCIETY LTD-6 FPS,0,0,0,0,0.0,0.0,0.0,True,True,data/raw\2026-03\north_goa\158500200003_mulgao_shirgao_advalpal_v_k_s_s_society_ltd_6_fps.json,272.0,9.0,8.0,289.0,29.0,0.0,0.0,29.0,272.0,9.0,8.0,289.0,29.0,0.0,0.0,29.0
2026,Mar,GOA,north_goa,158500200004,,0,0,0,0,0.0,0.0,0.0,True,True,data/raw\2026-03\north_goa\158500200004_158500200004___piligao_v_k_s_sty_ltd_12_fps.json,0.0,0.0,0.0,0.0,0.0,0.0,0.0,0.0,0.0,0.0,0.0,0.0,0.0,0.0,0.0,0.0
2026,Mar,GOA,north_goa,158500200004,PILIGAO V.K.S.STY LTD-12 FPS,0,0,0,0,0.0,0.0,0.0,True,True,data/raw\2026-03\north_goa\158500200004_piligao_v_k_s_sty_ltd_12_fps.json,294.0,1.0,6.0,301.0,10.0,0.0,0.0,10.0,294.0,1.0,6.0,301.0,10.0,0.0,0.0,10.0
2026,Mar,GOA,north_goa,158500200005,,0,0,0,0,0.0,0.0,0.0,True,True,data/raw\2026-03\north_goa\158500200005_158500200005___bicholim_vkss_society_ltd_8___11_fps.json,0.0,0.0,0.0,0.0,0.0,0.0,0.0,0.0,0.0,0.0,0.0,0.0,0.0,0.0,0.0,0.0
2026,Mar,GOA,north_goa,158500200005,BICHOLIM VKSS SOCIETY LTD-8 & 11 FPS,0,0,0,0,0.0,0.0,0.0,True,True,data/raw\2026-03\north_goa\158500200005_bicholim_vkss_society_ltd_8___11_fps.json,199.0,6.0,12.0,217.0,90.0,4.0,0.0,94.0,199.0,6.0,12.0,217.0,90.0,4.0,0.0,94.0
2026,Mar,GOA,north_goa,158500200006,,0,0,0,0,0.0,0.0,0.0,True,True,data/raw\2026-03\north_goa\158500200006_158500200006___bicholim_vkss_soc_ltd_9_fps.json,0.0,0.0,0.0,0.0,0.0,0.0,0.0,0.0,0.0,0.0,0.0,0.0,0.0,0.0,0.0,0.0
2026,Mar,GOA,north_goa,158500200006,BICHOLIM VKSS SOC LTD-9 FPS,0,0,0,0,0.0,0.0,0.0,True,True,data/raw\2026-03\north_goa\158500200006_bicholim_vkss_soc_ltd_9_fps.json,54.0,0.0,2.0,56.0,37.0,1.0,0.0,38.0,54.0,0.0,2.0,56.0,37.0,1.0,0.0,38.0
2026,Mar,GOA,north_goa,158500200007,,0,0,0,0,0.0,0.0,0.0,True,True,data/raw\2026-03\north_goa\158500200007_158500200007___kalyan_consumers_co_operative_society_ltd_10_fps.json,0.0,0.0,0.0,0.0,0.0,0.0,0.0,0.0,0.0,0.0,0.0,0.0,0.0,0.0,0.0,0.0
2026,Mar,GOA,north_goa,158500200007,KALYAN CONSUMERS CO-OPERATIVE SOCIETY LTD-10 FPS,0,0,0,0,0.0,0.0,0.0,True,True,data/raw\2026-03\north_goa\158500200007_kalyan_consumers_co_operative_society_ltd_10_fps.json,99.0,0.0,16.0,115.0,56.0,0.0,1.0,57.0,99.0,0.0,16.0,115.0,56.0,0.0,1.0,57.0
2026,Mar,GOA,north_goa,158500200009,,0,0,0,0,0.0,0.0,0.0,True,True,data/raw\2026-03\north_goa\158500200009_158500200009___karapur_sarvan_v_k_sty_16_fps.json,0.0,0.0,0.0,0.0,0.0,0.0,0.0,0.0,0.0,0.0,0.0,0.0,0.0,0.0,0.0,0.0
2026,Mar,GOA,north_goa,158500200009,KARAPUR SARVAN V K STY-16 FPS,0,0,0,0,0.0,0.0,0.0,True,True,data/raw\2026-03\north_goa\158500200009_karapur_sarvan_v_k_sty_16_fps.json,371.0,2.0,9.0,382.0,1.0,0.0,4.0,5.0,371.0,2.0,9.0,382.0,1.0,0.0,4.0,5.0
2026,Mar,GOA,north_goa,158500200010,,0,0,0,0,0.0,0.0,0.0,True,True,data/raw\2026-03\north_goa\158500200010_158500200010___maharastra_v_k_s_society_ltd_17_fps.json,0.0,0.0,0.0,0.0,0.0,0.0,0.0,0.0,0.0,0.0,0.0,0.0,0.0,0.0,0.0,0.0
2026,Mar,GOA,north_goa,158500200010,MAHARASTRA V.K.S SOCIETY LTD-17 FPS,0,0,0,0,0.0,0.0,0.0,True,True,data/raw\2026-03\north_goa\158500200010_maharastra_v_k_s_society_ltd_17_fps.json,231.0,41.0,55.0,327.0,5.0,1.0,8.0,14.0,231.0,41.0,55.0,327.0,5.0,1.0,8.0,14.0
2026,Mar,GOA,north_goa,158500200011,,0,0,0,0,0.0,0.0,0.0,True,True,data/raw\2026-03\north_goa\158500200011_158500200011___navelim_vkss_sty_ltd_20_fps.json,0.0,0.0,0.0,0.0,0.0,0.0,0.0,0.0,0.0,0.0,0.0,0.0,0.0,0.0,0.0,0.0
2026,Mar,GOA,north_goa,158500200011,NAVELIM VKSS STY LTD-20 FPS,0,0,0,0,0.0,0.0,0.0,True,True,data/raw\2026-03\north_goa\158500200011_navelim_vkss_sty_ltd_20_fps.json,287.0,3.0,0.0,290.0,0.0,0.0,0.0,0.0,287.0,3.0,0.0,290.0,0.0,0.0,0.0,0.0
2026,Mar,GOA,north_goa,158500200012,,0,0,0,0,0.0,0.0,0.0,True,True,data/raw\2026-03\north_goa\158500200012_158500200012___surla_kothambi_v_k_s_s__sty_ltd__23_fps.json,0.0,0.0,0.0,0.0,0.0,0.0,0.0,0.0,0.0,0.0,0.0,0.0,0.0,0.0,0.0,0.0
2026,Mar,GOA,north_goa,158500200012,SURLA KOTHAMBI V.K.S.S. STY LTD.-23 FPS,0,0,0,0,0.0,0.0,0.0,True,True,data/raw\2026-03\north_goa\158500200012_surla_kothambi_v_k_s_s__sty_ltd__23_fps.json,465.0,2.0,0.0,467.0,28.0,0.0,0.0,28.0,464.0,2.0,0.0,466.0,28.0,0.0,0.0,28.0
2026,Mar,GOA,north_goa,158500200013,,0,0,0,0,0.0,0.0,0.0,True,True,data/raw\2026-03\north_goa\158500200013_158500200013___maharastra__v_k_s_society__25_fps.json,0.0,0.0,0.0,0.0,0.0,0.0,0.0,0.0,0.0,0.0,0.0,0.0,0.0,0.0,0.0,0.0
2026,Mar,GOA,north_goa,158500200013,MAHARASTRA  V.K.S.SOCIETY -25 FPS,0,0,0,0,0.0,0.0,0.0,True,True,data/raw\2026-03\north_goa\158500200013_maharastra__v_k_s_society__25_fps.json,286.0,29.0,53.0,368.0,5.0,0.0,1.0,6.0,286.0,29.0,53.0,368.0,5.0,0.0,1.0,6.0
2026,Mar,GOA,north_goa,158500200014,,0,0,0,0,0.0,0.0,0.0,True,True,data/raw\2026-03\north_goa\158500200014_158500200014___vishnu_ramchandra_parab_29_fps.json,0.0,0.0,0.0,0.0,0.0,0.0,0.0,0.0,0.0,0.0,0.0,0.0,0.0,0.0,0.0,0.0
2026,Mar,GOA,north_goa,158500200014,VISHNU RAMCHANDRA PARAB-29 FPS,0,0,0,0,0.0,0.0,0.0,True,True,data/raw\2026-03\north_goa\158500200014_vishnu_ramchandra_parab_29_fps.json,387.0,0.0,0.0,387.0,15.0,0.0,0.0,15.0,387.0,0.0,0.0,387.0,15.0,0.0,0.0,15.0
2026,Mar,GOA,north_goa,158500200015,,0,0,0,0,0.0,0.0,0.0,True,True,data/raw\2026-03\north_goa\158500200015_158500200015___santosh_k_gadekar_30_fps.json,0.0,0.0,0.0,0.0,0.0,0.0,0.0,0.0,0.0,0.0,0.0,0.0,0.0,0.0,0.0,0.0
2026,Mar,GOA,north_goa,158500200015,SANTOSH K GADEKAR-30 FPS,0,0,0,0,0.0,0.0,0.0,True,True,data/raw\2026-03\north_goa\158500200015_santosh_k_gadekar_30_fps.json,284.0,3.0,0.0,287.0,15.0,0.0,0.0,15.0,284.0,3.0,0.0,287.0,15.0,0.0,0.0,15.0
2026,Mar,GOA,north_goa,158500200016,,0,0,0,0,0.0,0.0,0.0,True,True,data/raw\2026-03\north_goa\158500200016_158500200016___tukaram_raghoba_gaonkar_33_fps.json,0.0,0.0,0.0,0.0,0.0,0.0,0.0,0.0,0.0,0.0,0.0,0.0,0.0,0.0,0.0,0.0
2026,Mar,GOA,north_goa,158500200016,TUKARAM RAGHOBA GAONKAR-33 FPS,0,0,0,0,0.0,0.0,0.0,True,True,data/raw\2026-03\north_goa\158500200016_tukaram_raghoba_gaonkar_33_fps.json,138.0,0.0,0.0,138.0,41.0,0.0,0.0,41.0,138.0,0.0,0.0,138.0,41.0,0.0,0.0,41.0
2026,Mar,GOA,north_goa,158500200018,,0,0,0,0,0.0,0.0,0.0,True,True,data/raw\2026-03\north_goa\158500200018_158500200018___smt__nafisa_imran_shaikh_35_fps.json,0.0,0.0,0.0,0.0,0.0,0.0,0.0,0.0,0.0,0.0,0.0,0.0,0.0,0.0,0.0,0.0
2026,Mar,GOA,north_goa,158500200018,SMT. NAFISA IMRAN SHAIKH-35 FPS,0,0,0,0,0.0,0.0,0.0,True,True,data/raw\2026-03\north_goa\158500200018_smt__nafisa_imran_shaikh_35_fps.json,240.0,3.0,42.0,285.0,51.0,1.0,9.0,61.0,240.0,3.0,42.0,285.0,51.0,1.0,9.0,61.0
2026,Mar,GOA,north_goa,158500200019,,0,0,0,0,0.0,0.0,0.0,True,True,data/raw\2026-03\north_goa\158500200019_158500200019___shambhu_vaman_fadte_36_fps.json,0.0,0.0,0.0,0.0,0.0,0.0,0.0,0.0,0.0,0.0,0.0,0.0,0.0,0.0,0.0,0.0
2026,Mar,GOA,north_goa,158500200019,SHAMBHU VAMAN FADTE-36 FPS,0,0,0,0,0.0,0.0,0.0,True,True,data/raw\2026-03\north_goa\158500200019_shambhu_vaman_fadte_36_fps.json,96.0,2.0,6.0,104.0,3.0,0.0,0.0,3.0,96.0,2.0,6.0,104.0,3.0,0.0,0.0,3.0
2026,Mar,GOA,north_goa,158500200020,,0,0,0,0,0.0,0.0,0.0,True,True,data/raw\2026-03\north_goa\158500200020_158500200020___mohan_ganesh_tari_37_fps.json,0.0,0.0,0.0,0.0,0.0,0.0,0.0,0.0,0.0,0.0,0.0,0.0,0.0,0.0,0.0,0.0
2026,Mar,GOA,north_goa,158500200020,MOHAN GANESH TARI-37 FPS,0,0,0,0,0.0,0.0,0.0,True,True,data/raw\2026-03\north_goa\158500200020_mohan_ganesh_tari_37_fps.json,277.0,0.0,0.0,277.0,4.0,0.0,0.0,4.0,277.0,0.0,0.0,277.0,4.0,0.0,0.0,4.0
2026,Mar,GOA,north_goa,158500200021,,0,0,0,0,0.0,0.0,0.0,True,True,data/raw\2026-03\north_goa\158500200021_158500200021___velguem_mah__consumer_co_op_society_ltd_38_fps.json,0.0,0.0,0.0,0.0,0.0,0.0,0.0,0.0,0.0,0.0,0.0,0.0,0.0,0.0,0.0,0.0
2026,Mar,GOA,north_goa,158500200021,VELGUEM MAH  CONSUMER CO-OP SOCIETY LTD-38 FPS,0,0,0,0,0.0,0.0,0.0,True,True,data/raw\2026-03\north_goa\158500200021_velguem_mah__consumer_co_op_society_ltd_38_fps.json,367.0,0.0,0.0,367.0,4.0,0.0,0.0,4.0,367.0,0.0,0.0,367.0,4.0,0.0,0.0,4.0
2026,Mar,GOA,north_goa,158500200022,,0,0,0,0,0.0,0.0,0.0,True,True,data/raw\2026-03\north_goa\158500200022_158500200022___deepak_p_n_kumbharjuvekar_40_fps.json,0.0,0.0,0.0,0.0,0.0,0.0,0.0,0.0,0.0,0.0,0.0,0.0,0.0,0.0,0.0,0.0
2026,Mar,GOA,north_goa,158500200022,DEEPAK P.N KUMBHARJUVEKAR-40 FPS,0,0,0,0,0.0,0.0,0.0,True,True,data/raw\2026-03\north_goa\158500200022_deepak_p_n_kumbharjuvekar_40_fps.json,105.0,0.0,0.0,105.0,3.0,0.0,0.0,3.0,105.0,0.0,0.0,105.0,3.0,0.0,0.0,3.0
2026,Mar,GOA,north_goa,158500200023,,0,0,0,0,0.0,0.0,0.0,True,True,data/raw\2026-03\north_goa\158500200023_158500200023___sanjay_s_arondekar_43_fps.json,0.0,0.0,0.0,0.0,0.0,0.0,0.0,0.0,0.0,0.0,0.0,0.0,0.0,0.0,0.0,0.0
2026,Mar,GOA,north_goa,158500200023,SANJAY S ARONDEKAR-43 FPS,0,0,0,0,0.0,0.0,0.0,True,True,data/raw\2026-03\north_goa\158500200023_sanjay_s_arondekar_43_fps.json,450.0,0.0,0.0,450.0,87.0,0.0,0.0,87.0,450.0,0.0,0.0,450.0,87.0,0.0,0.0,87.0
2026,Mar,GOA,north_goa,158500200024,,0,0,0,0,0.0,0.0,0.0,True,True,data/raw\2026-03\north_goa\158500200024_158500200024___sunil_v_govekar_45_fps.json,0.0,0.0,0.0,0.0,0.0,0.0,0.0,0.0,0.0,0.0,0.0,0.0,0.0,0.0,0.0,0.0
2026,Mar,GOA,north_goa,158500200024,Sunil V Govekar-45 FPS,0,0,0,0,0.0,0.0,0.0,True,True,data/raw\2026-03\north_goa\158500200024_sunil_v_govekar_45_fps.json,161.0,3.0,3.0,167.0,6.0,0.0,0.0,6.0,161.0,3.0,3.0,167.0,6.0,0.0,0.0,6.0
2026,Mar,GOA,north_goa,158500200171,,0,0,0,0,0.0,0.0,0.0,True,True,data/raw\2026-03\north_goa\158500200171_158500200171___smt_shilpa_umesh_raut_4_fps.json,0.0,0.0,0.0,0.0,0.0,0.0,0.0,0.0,0.0,0.0,0.0,0.0,0.0,0.0,0.0,0.0
2026,Mar,GOA,north_goa,158500200171,SMT SHILPA UMESH RAUT-4 FPS,0,0,0,0,0.0,0.0,0.0,True,True,data/raw\2026-03\north_goa\158500200171_smt_shilpa_umesh_raut_4_fps.json,267.0,2.0,6.0,275.0,14.0,0.0,1.0,15.0,267.0,2.0,6.0,275.0,14.0,0.0,1.0,15.0
2026,Mar,GOA,north_goa,158500200172,,0,0,0,0,0.0,0.0,0.0,True,True,data/raw\2026-03\north_goa\158500200172_158500200172___van_group_v_k_s_sty_7_fps.json,0.0,0.0,0.0,0.0,0.0,0.0,0.0,0.0,0.0,0.0,0.0,0.0,0.0,0.0,0.0,0.0
2026,Mar,GOA,north_goa,158500200172,VAN GROUP V.K.S.STY-7 FPS,0,0,0,0,0.0,0.0,0.0,True,True,data/raw\2026-03\north_goa\158500200172_van_group_v_k_s_sty_7_fps.json,326.0,3.0,7.0,336.0,35.0,0.0,0.0,35.0,326.0,3.0,7.0,336.0,35.0,0.0,0.0,35.0
2026,Mar,GOA,north_goa,158500200173,,0,0,0,0,0.0,0.0,0.0,True,True,data/raw\2026-03\north_goa\158500200173_158500200173___krishna_r__satardekar_18_fps.json,0.0,0.0,0.0,0.0,0.0,0.0,0.0,0.0,0.0,0.0,0.0,0.0,0.0,0.0,0.0,0.0
2026,Mar,GOA,north_goa,158500200173,KRISHNA R. SATARDEKAR-18 FPS,0,0,0,0,0.0,0.0,0.0,True,True,data/raw\2026-03\north_goa\158500200173_krishna_r__satardekar_18_fps.json,423.0,15.0,0.0,438.0,6.0,0.0,0.0,6.0,423.0,15.0,0.0,438.0,6.0,0.0,0.0,6.0
2026,Mar,GOA,north_goa,158500200174,,0,0,0,0,0.0,0.0,0.0,True,True,data/raw\2026-03\north_goa\158500200174_158500200174___mahalaxmi_v_k_s_sty_19___32_fps.json,0.0,0.0,0.0,0.0,0.0,0.0,0.0,0.0,0.0,0.0,0.0,0.0,0.0,0.0,0.0,0.0
2026,Mar,GOA,north_goa,158500200174,MAHALAXMI V.K.S.STY-19 & 32 FPS,0,0,0,0,0.0,0.0,0.0,True,True,data/raw\2026-03\north_goa\158500200174_mahalaxmi_v_k_s_sty_19___32_fps.json,283.0,2.0,7.0,292.0,16.0,0.0,0.0,16.0,283.0,2.0,7.0,292.0,16.0,0.0,0.0,16.0
2026,Mar,GOA,north_goa,158500200175,,0,0,0,0,0.0,0.0,0.0,True,True,data/raw\2026-03\north_goa\158500200175_158500200175___sajro_u_parab_22_fps.json,0.0,0.0,0.0,0.0,0.0,0.0,0.0,0.0,0.0,0.0,0.0,0.0,0.0,0.0,0.0,0.0
2026,Mar,GOA,north_goa,158500200175,SAJRO U PARAB-22 FPS,0,0,0,0,0.0,0.0,0.0,True,True,data/raw\2026-03\north_goa\158500200175_sajro_u_parab_22_fps.json,153.0,0.0,2.0,155.0,7.0,0.0,0.0,7.0,153.0,0.0,2.0,155.0,7.0,0.0,0.0,7.0
2026,Mar,GOA,north_goa,158500200176,,0,0,0,0,0.0,0.0,0.0,True,True,data/raw\2026-03\north_goa\158500200176_158500200176___navdurga_v_k_s_sty_24___26_fps.json,0.0,0.0,0.0,0.0,0.0,0.0,0.0,0.0,0.0,0.0,0.0,0.0,0.0,0.0,0.0,0.0
2026,Mar,GOA,north_goa,158500200176,NAVDURGA V K S STY-24 & 26 FPS,0,0,0,0,0.0,0.0,0.0,True,True,data/raw\2026-03\north_goa\158500200176_navdurga_v_k_s_sty_24___26_fps.json,535.0,11.0,5.0,551.0,10.0,0.0,0.0,10.0,535.0,11.0,5.0,551.0,10.0,0.0,0.0,10.0
2026,Mar,GOA,north_goa,158500200177,,0,0,0,0,0.0,0.0,0.0,True,True,data/raw\2026-03\north_goa\158500200177_158500200177___sweta_prabhugaonkar_31_fps.json,0.0,0.0,0.0,0.0,0.0,0.0,0.0,0.0,0.0,0.0,0.0,0.0,0.0,0.0,0.0,0.0
2026,Mar,GOA,north_goa,158500200177,SWETA PRABHUGAONKAR-31 FPS,0,0,0,0,0.0,0.0,0.0,True,True,data/raw\2026-03\north_goa\158500200177_sweta_prabhugaonkar_31_fps.json,210.0,3.0,0.0,213.0,2.0,0.0,0.0,2.0,210.0,3.0,0.0,213.0,2.0,0.0,0.0,2.0
2026,Mar,GOA,north_goa,158500200178,,0,0,0,0,0.0,0.0,0.0,True,True,data/raw\2026-03\north_goa\158500200178_158500200178___kalyan_consumers_co_operative_society_ltd_34_fps.json,0.0,0.0,0.0,0.0,0.0,0.0,0.0,0.0,0.0,0.0,0.0,0.0,0.0,0.0,0.0,0.0
2026,Mar,GOA,north_goa,158500200178,KALYAN CONSUMERS CO-OPERATIVE SOCIETY LTD-34 FPS,0,0,0,0,0.0,0.0,0.0,True,True,data/raw\2026-03\north_goa\158500200178_kalyan_consumers_co_operative_society_ltd_34_fps.json,138.0,0.0,6.0,144.0,54.0,0.0,0.0,54.0,138.0,0.0,6.0,144.0,54.0,0.0,0.0,54.0
2026,Mar,GOA,north_goa,158500200181,,0,0,0,0,0.0,0.0,0.0,True,True,data/raw\2026-03\north_goa\158500200181_158500200181___navdurga_v_k_s_sty_42___28_fps.json,0.0,0.0,0.0,0.0,0.0,0.0,0.0,0.0,0.0,0.0,0.0,0.0,0.0,0.0,0.0,0.0
2026,Mar,GOA,north_goa,158500200181,NAVDURGA V K S STY-42 & 28 FPS,0,0,0,0,0.0,0.0,0.0,True,True,data/raw\2026-03\north_goa\158500200181_navdurga_v_k_s_sty_42___28_fps.json,179.0,6.0,0.0,185.0,0.0,0.0,0.0,0.0,179.0,6.0,0.0,185.0,0.0,0.0,0.0,0.0
2026,Mar,GOA,north_goa,158500200182,,0,0,0,0,0.0,0.0,0.0,True,True,data/raw\2026-03\north_goa\158500200182_158500200182___sandhya_g_kasar_44_fps.json,0.0,0.0,0.0,0.0,0.0,0.0,0.0,0.0,0.0,0.0,0.0,0.0,0.0,0.0,0.0,0.0
2026,Mar,GOA,north_goa,158500200182,SANDHYA G KASAR-44 FPS,0,0,0,0,0.0,0.0,0.0,True,True,data/raw\2026-03\north_goa\158500200182_sandhya_g_kasar_44_fps.json,85.0,1.0,0.0,86.0,8.0,0.0,0.0,8.0,85.0,1.0,0.0,86.0,8.0,0.0,0.0,8.0
2026,Mar,GOA,north_goa,158500200183,,0,0,0,0,0.0,0.0,0.0,True,True,data/raw\2026-03\north_goa\158500200183_158500200183___advalpal_v_k_s_sty_1_fps.json,0.0,0.0,0.0,0.0,0.0,0.0,0.0,0.0,0.0,0.0,0.0,0.0,0.0,0.0,0.0,0.0
2026,Mar,GOA,north_goa,158500200183,ADVALPAL V.K.S STY-1 FPS,0,0,0,0,0.0,0.0,0.0,True,True,data/raw\2026-03\north_goa\158500200183_advalpal_v_k_s_sty_1_fps.json,189.0,0.0,0.0,189.0,23.0,0.0,0.0,23.0,189.0,0.0,0.0,189.0,23.0,0.0,0.0,23.0
2026,Mar,GOA,north_goa,158500200184,,0,0,0,0,0.0,0.0,0.0,True,True,data/raw\2026-03\north_goa\158500200184_158500200184___maharashtra_v_k_s_sty_15_fps.json,0.0,0.0,0.0,0.0,0.0,0.0,0.0,0.0,0.0,0.0,0.0,0.0,0.0,0.0,0.0,0.0
2026,Mar,GOA,north_goa,158500200184,MAHARASHTRA V K S STY-15 FPS,0,0,0,0,0.0,0.0,0.0,True,True,data/raw\2026-03\north_goa\158500200184_maharashtra_v_k_s_sty_15_fps.json,370.0,16.0,0.0,386.0,8.0,0.0,0.0,8.0,370.0,16.0,0.0,386.0,8.0,0.0,0.0,8.0
2026,Mar,GOA,north_goa,158500200185,,0,0,0,0,0.0,0.0,0.0,True,True,data/raw\2026-03\north_goa\158500200185_158500200185___narva_v_k_s_sty_13_fps.json,0.0,0.0,0.0,0.0,0.0,0.0,0.0,0.0,0.0,0.0,0.0,0.0,0.0,0.0,0.0,0.0
2026,Mar,GOA,north_goa,158500200185,NARVA V K S STY-13 FPS,0,0,0,0,0.0,0.0,0.0,True,True,data/raw\2026-03\north_goa\158500200185_narva_v_k_s_sty_13_fps.json,228.0,2.0,0.0,230.0,41.0,0.0,0.0,41.0,228.0,2.0,0.0,230.0,41.0,0.0,0.0,41.0
2026,Mar,GOA,north_goa,158500200187,,0,0,0,0,0.0,0.0,0.0,True,True,data/raw\2026-03\north_goa\158500200187_158500200187___rahul_rama_naik__46_fps.json,0.0,0.0,0.0,0.0,0.0,0.0,0.0,0.0,0.0,0.0,0.0,0.0,0.0,0.0,0.0,0.0
2026,Mar,GOA,north_goa,158500200187,RAHUL RAMA NAIK- 46 FPS,0,0,0,0,0.0,0.0,0.0,True,True,data/raw\2026-03\north_goa\158500200187_rahul_rama_naik__46_fps.json,182.0,0.0,0.0,182.0,2.0,0.0,0.0,2.0,182.0,0.0,0.0,182.0,2.0,0.0,0.0,2.0
2026,Mar,GOA,north_goa,158500200188,,0,0,0,0,0.0,0.0,0.0,True,True,data/raw\2026-03\north_goa\158500200188_158500200188___kasarpal_v_k_s_sty_2___3_fps.json,0.0,0.0,0.0,0.0,0.0,0.0,0.0,0.0,0.0,0.0,0.0,0.0,0.0,0.0,0.0,0.0
2026,Mar,GOA,north_goa,158500200188,KASARPAL V K S STY-2 & 3 FPS,0,0,0,0,0.0,0.0,0.0,True,True,data/raw\2026-03\north_goa\158500200188_kasarpal_v_k_s_sty_2___3_fps.json,444.0,1.0,2.0,447.0,74.0,0.0,1.0,75.0,444.0,1.0,2.0,447.0,74.0,0.0,1.0,75.0
2026,Mar,GOA,north_goa,158500200189,,0,0,0,0,0.0,0.0,0.0,True,True,data/raw\2026-03\north_goa\158500200189_158500200189___vithoba_l_ghadi_39_fps.json,0.0,0.0,0.0,0.0,0.0,0.0,0.0,0.0,0.0,0.0,0.0,0.0,0.0,0.0,0.0,0.0
2026,Mar,GOA,north_goa,158500200189,VITHOBA L GHADI-39 FPS,0,0,0,0,0.0,0.0,0.0,True,True,data/raw\2026-03\north_goa\158500200189_vithoba_l_ghadi_39_fps.json,211.0,0.0,0.0,211.0,0.0,0.0,0.0,0.0,211.0,0.0,0.0,211.0,0.0,0.0,0.0,0.0
2026,Mar,GOA,north_goa,158500200190,,0,0,0,0,0.0,0.0,0.0,True,True,data/raw\2026-03\north_goa\158500200190_158500200190___tulshidas_k_gaonkar_41_fps.json,0.0,0.0,0.0,0.0,0.0,0.0,0.0,0.0,0.0,0.0,0.0,0.0,0.0,0.0,0.0,0.0
2026,Mar,GOA,north_goa,158500200190,TULSHIDAS K GAONKAR-41 FPS,0,0,0,0,0.0,0.0,0.0,True,True,data/raw\2026-03\north_goa\158500200190_tulshidas_k_gaonkar_41_fps.json,201.0,0.0,0.0,201.0,32.0,0.0,0.0,32.0,201.0,0.0,0.0,201.0,32.0,0.0,0.0,32.0
2026,Mar,GOA,north_goa,158500200191,,0,0,0,0,0.0,0.0,0.0,True,True,data/raw\2026-03\north_goa\158500200191_158500200191___digvetta_d_karbothkar_14_fps.json,0.0,0.0,0.0,0.0,0.0,0.0,0.0,0.0,0.0,0.0,0.0,0.0,0.0,0.0,0.0,0.0
2026,Mar,GOA,north_goa,158500200191,DIGVETTA D KARBOTHKAR-14 FPS,0,0,0,0,0.0,0.0,0.0,True,True,data/raw\2026-03\north_goa\158500200191_digvetta_d_karbothkar_14_fps.json,95.0,0.0,0.0,95.0,0.0,0.0,0.0,0.0,95.0,0.0,0.0,95.0,0.0,0.0,0.0,0.0
2026,Mar,GOA,north_goa,158500200192,,0,0,0,0,0.0,0.0,0.0,True,True,data/raw\2026-03\north_goa\158500200192_158500200192___mahalaxmi_ravalnath_multipurpose_co_operative_society_ltd.json,0.0,0.0,0.0,0.0,0.0,0.0,0.0,0.0,0.0,0.0,0.0,0.0,0.0,0.0,0.0,0.0
2026,Mar,GOA,north_goa,158500200192,MAHALAXMI RAVALNATH MULTIPURPOSE CO-OPERATIVE SOCIETY LTD,0,0,0,0,0.0,0.0,0.0,True,True,data/raw\2026-03\north_goa\158500200192_mahalaxmi_ravalnath_multipurpose_co_operative_society_ltd.json,97.0,0.0,0.0,97.0,1.0,0.0,0.0,1.0,97.0,0.0,0.0,97.0,1.0,0.0,0.0,1.0
2026,Mar,GOA,north_goa,158500300002,,0,0,0,0,0.0,0.0,0.0,True,True,data/raw\2026-03\north_goa\158500300002_158500300002___govind_p_shetgaonkar_3_fps.json,0.0,0.0,0.0,0.0,0.0,0.0,0.0,0.0,0.0,0.0,0.0,0.0,0.0,0.0,0.0,0.0
2026,Mar,GOA,north_goa,158500300002,GOVIND P SHETGAONKAR-3 FPS,0,0,0,0,0.0,0.0,0.0,True,True,data/raw\2026-03\north_goa\158500300002_govind_p_shetgaonkar_3_fps.json,83.0,2.0,0.0,85.0,23.0,0.0,0.0,23.0,83.0,2.0,0.0,85.0,23.0,0.0,0.0,23.0
2026,Mar,GOA,north_goa,158500300003,,0,0,0,0,0.0,0.0,0.0,True,True,data/raw\2026-03\north_goa\158500300003_158500300003___krishna_s_shetgaonkar_5_fps.json,0.0,0.0,0.0,0.0,0.0,0.0,0.0,0.0,0.0,0.0,0.0,0.0,0.0,0.0,0.0,0.0
2026,Mar,GOA,north_goa,158500300003,KRISHNA S.SHETGAONKAR-5 FPS,0,0,0,0,0.0,0.0,0.0,True,True,data/raw\2026-03\north_goa\158500300003_krishna_s_shetgaonkar_5_fps.json,159.0,4.0,0.0,163.0,83.0,0.0,0.0,83.0,159.0,4.0,0.0,163.0,83.0,0.0,0.0,83.0
2026,Mar,GOA,north_goa,158500300004,,0,0,0,0,0.0,0.0,0.0,True,True,data/raw\2026-03\north_goa\158500300004_158500300004___m_s_laxman_shamba_naik_6_fps.json,0.0,0.0,0.0,0.0,0.0,0.0,0.0,0.0,0.0,0.0,0.0,0.0,0.0,0.0,0.0,0.0
2026,Mar,GOA,north_goa,158500300004,M/S LAXMAN SHAMBA NAIK-6 FPS,0,0,0,0,0.0,0.0,0.0,True,True,data/raw\2026-03\north_goa\158500300004_m_s_laxman_shamba_naik_6_fps.json,146.0,0.0,0.0,146.0,58.0,0.0,0.0,58.0,146.0,0.0,0.0,146.0,58.0,0.0,0.0,58.0
2026,Mar,GOA,north_goa,158500300005,,0,0,0,0,0.0,0.0,0.0,True,True,data/raw\2026-03\north_goa\158500300005_158500300005___shri_baptista_d_souza_7_fps.json,0.0,0.0,0.0,0.0,0.0,0.0,0.0,0.0,0.0,0.0,0.0,0.0,0.0,0.0,0.0,0.0
2026,Mar,GOA,north_goa,158500300005,SHRI BAPTISTA D'SOUZA-7 FPS,0,0,0,0,0.0,0.0,0.0,True,True,data/raw\2026-03\north_goa\158500300005_shri_baptista_d_souza_7_fps.json,313.0,2.0,0.0,315.0,51.0,0.0,0.0,51.0,313.0,2.0,0.0,315.0,51.0,0.0,0.0,51.0
2026,Mar,GOA,north_goa,158500300006,,0,0,0,0,0.0,0.0,0.0,True,True,data/raw\2026-03\north_goa\158500300006_158500300006___sadanand_d_palni_8_fps.json,0.0,0.0,0.0,0.0,0.0,0.0,0.0,0.0,0.0,0.0,0.0,0.0,0.0,0.0,0.0,0.0
2026,Mar,GOA,north_goa,158500300006,SADANAND D PALNI-8 FPS,0,0,0,0,0.0,0.0,0.0,True,True,data/raw\2026-03\north_goa\158500300006_sadanand_d_palni_8_fps.json,148.0,0.0,0.0,148.0,95.0,0.0,0.0,95.0,148.0,0.0,0.0,148.0,95.0,0.0,0.0,95.0
2026,Mar,GOA,north_goa,158500300008,,0,0,0,0,0.0,0.0,0.0,True,True,data/raw\2026-03\north_goa\158500300008_158500300008___abhijit_ulhas_narvekar_10_fps.json,0.0,0.0,0.0,0.0,0.0,0.0,0.0,0.0,0.0,0.0,0.0,0.0,0.0,0.0,0.0,0.0
2026,Mar,GOA,north_goa,158500300008,ABHIJIT ULHAS NARVEKAR-10 FPS,0,0,0,0,0.0,0.0,0.0,True,True,data/raw\2026-03\north_goa\158500300008_abhijit_ulhas_narvekar_10_fps.json,243.0,0.0,0.0,243.0,113.0,0.0,0.0,113.0,243.0,0.0,0.0,243.0,113.0,0.0,0.0,113.0
2026,Mar,GOA,north_goa,158500300010,,0,0,0,0,0.0,0.0,0.0,True,True,data/raw\2026-03\north_goa\158500300010_158500300010___nandakumar_shet_12_fps.json,0.0,0.0,0.0,0.0,0.0,0.0,0.0,0.0,0.0,0.0,0.0,0.0,0.0,0.0,0.0,0.0
2026,Mar,GOA,north_goa,158500300010,NANDAKUMAR SHET-12 FPS,0,0,0,0,0.0,0.0,0.0,True,True,data/raw\2026-03\north_goa\158500300010_nandakumar_shet_12_fps.json,225.0,5.0,1.0,231.0,162.0,2.0,1.0,165.0,225.0,5.0,1.0,231.0,162.0,2.0,1.0,165.0
2026,Mar,GOA,north_goa,158500300011,,0,0,0,0,0.0,0.0,0.0,True,True,data/raw\2026-03\north_goa\158500300011_158500300011___shri_ashok_rajaram_kamat_13_fps.json,0.0,0.0,0.0,0.0,0.0,0.0,0.0,0.0,0.0,0.0,0.0,0.0,0.0,0.0,0.0,0.0
2026,Mar,GOA,north_goa,158500300011,SHRI ASHOK RAJARAM KAMAT-13 FPS,0,0,0,0,0.0,0.0,0.0,True,True,data/raw\2026-03\north_goa\158500300011_shri_ashok_rajaram_kamat_13_fps.json,178.0,1.0,0.0,179.0,130.0,2.0,0.0,132.0,178.0,1.0,0.0,179.0,130.0,2.0,0.0,132.0
2026,Mar,GOA,north_goa,158500300012,,0,0,0,0,0.0,0.0,0.0,True,True,data/raw\2026-03\north_goa\158500300012_158500300012___prakash_b_naik_14_fps.json,0.0,0.0,0.0,0.0,0.0,0.0,0.0,0.0,0.0,0.0,0.0,0.0,0.0,0.0,0.0,0.0
2026,Mar,GOA,north_goa,158500300012,PRAKASH B NAIK-14 FPS,0,0,0,0,0.0,0.0,0.0,True,True,data/raw\2026-03\north_goa\158500300012_prakash_b_naik_14_fps.json,28.0,0.0,0.0,28.0,50.0,0.0,0.0,50.0,28.0,0.0,0.0,28.0,50.0,0.0,0.0,50.0
2026,Mar,GOA,north_goa,158500300013,,0,0,0,0,0.0,0.0,0.0,True,True,data/raw\2026-03\north_goa\158500300013_158500300013___suhasini_kashiram_korgaonkar_15_fps.json,0.0,0.0,0.0,0.0,0.0,0.0,0.0,0.0,0.0,0.0,0.0,0.0,0.0,0.0,0.0,0.0
2026,Mar,GOA,north_goa,158500300013,SUHASINI KASHIRAM KORGAONKAR-15 FPS,0,0,0,0,0.0,0.0,0.0,True,True,data/raw\2026-03\north_goa\158500300013_suhasini_kashiram_korgaonkar_15_fps.json,93.0,2.0,0.0,95.0,58.0,0.0,2.0,60.0,93.0,2.0,0.0,95.0,58.0,0.0,2.0,60.0
2026,Mar,GOA,north_goa,158500300014,,0,0,0,0,0.0,0.0,0.0,True,True,data/raw\2026-03\north_goa\158500300014_158500300014___gautami_r_mandrekar_49_fps.json,0.0,0.0,0.0,0.0,0.0,0.0,0.0,0.0,0.0,0.0,0.0,0.0,0.0,0.0,0.0,0.0
2026,Mar,GOA,north_goa,158500300014,GAUTAMI R MANDREKAR-49 FPS,0,0,0,0,0.0,0.0,0.0,True,True,data/raw\2026-03\north_goa\158500300014_gautami_r_mandrekar_49_fps.json,203.0,4.0,5.0,212.0,136.0,0.0,0.0,136.0,203.0,4.0,5.0,212.0,136.0,0.0,0.0,136.0
2026,Mar,GOA,north_goa,158500300016,,0,0,0,0,0.0,0.0,0.0,True,True,data/raw\2026-03\north_goa\158500300016_158500300016___sai_prasad_19_fps.json,0.0,0.0,0.0,0.0,0.0,0.0,0.0,0.0,0.0,0.0,0.0,0.0,0.0,0.0,0.0,0.0
2026,Mar,GOA,north_goa,158500300016,SAI PRASAD-19 FPS,0,0,0,0,0.0,0.0,0.0,True,True,data/raw\2026-03\north_goa\158500300016_sai_prasad_19_fps.json,290.0,0.0,0.0,290.0,55.0,0.0,0.0,55.0,290.0,0.0,0.0,290.0,55.0,0.0,0.0,55.0
2026,Mar,GOA,north_goa,158500300017,,0,0,0,0,0.0,0.0,0.0,True,True,data/raw\2026-03\north_goa\158500300017_158500300017___saiprasad_stores_20_fps.json,0.0,0.0,0.0,0.0,0.0,0.0,0.0,0.0,0.0,0.0,0.0,0.0,0.0,0.0,0.0,0.0
2026,Mar,GOA,north_goa,158500300017,Saiprasad Stores-20 FPS,0,0,0,0,0.0,0.0,0.0,True,True,data/raw\2026-03\north_goa\158500300017_saiprasad_stores_20_fps.json,73.0,0.0,0.0,73.0,23.0,0.0,0.0,23.0,73.0,0.0,0.0,73.0,23.0,0.0,0.0,23.0
2026,Mar,GOA,north_goa,158500300018,,0,0,0,0,0.0,0.0,0.0,True,True,data/raw\2026-03\north_goa\158500300018_158500300018___manohar_daji_naik_21_fps.json,0.0,0.0,0.0,0.0,0.0,0.0,0.0,0.0,0.0,0.0,0.0,0.0,0.0,0.0,0.0,0.0
2026,Mar,GOA,north_goa,158500300018,MANOHAR DAJI NAIK-21 FPS,0,0,0,0,0.0,0.0,0.0,True,True,data/raw\2026-03\north_goa\158500300018_manohar_daji_naik_21_fps.json,165.0,0.0,0.0,165.0,171.0,0.0,0.0,171.0,165.0,0.0,0.0,165.0,171.0,0.0,0.0,171.0
2026,Mar,GOA,north_goa,158500300019,,0,0,0,0,0.0,0.0,0.0,True,True,data/raw\2026-03\north_goa\158500300019_158500300019___vishnu_g_mahale_22_fps.json,0.0,0.0,0.0,0.0,0.0,0.0,0.0,0.0,0.0,0.0,0.0,0.0,0.0,0.0,0.0,0.0
2026,Mar,GOA,north_goa,158500300019,VISHNU G MAHALE-22 FPS,0,0,0,0,0.0,0.0,0.0,True,True,data/raw\2026-03\north_goa\158500300019_vishnu_g_mahale_22_fps.json,129.0,2.0,0.0,131.0,34.0,0.0,0.0,34.0,129.0,2.0,0.0,131.0,34.0,0.0,0.0,34.0
2026,Mar,GOA,north_goa,158500300020,,0,0,0,0,0.0,0.0,0.0,True,True,data/raw\2026-03\north_goa\158500300020_158500300020___atmaram_r__parab_23_fps.json,0.0,0.0,0.0,0.0,0.0,0.0,0.0,0.0,0.0,0.0,0.0,0.0,0.0,0.0,0.0,0.0
2026,Mar,GOA,north_goa,158500300020,Atmaram R. Parab-23 FPS,0,0,0,0,0.0,0.0,0.0,True,True,data/raw\2026-03\north_goa\158500300020_atmaram_r__parab_23_fps.json,126.0,0.0,0.0,126.0,55.0,0.0,0.0,55.0,126.0,0.0,0.0,126.0,55.0,0.0,0.0,55.0
2026,Mar,GOA,north_goa,158500300026,,0,0,0,0,0.0,0.0,0.0,True,True,data/raw\2026-03\north_goa\158500300026_158500300026___arun_s_sawant_32_fps.json,0.0,0.0,0.0,0.0,0.0,0.0,0.0,0.0,0.0,0.0,0.0,0.0,0.0,0.0,0.0,0.0
2026,Mar,GOA,north_goa,158500300026,ARUN S SAWANT-32 FPS,0,0,0,0,0.0,0.0,0.0,True,True,data/raw\2026-03\north_goa\158500300026_arun_s_sawant_32_fps.json,222.0,0.0,0.0,222.0,78.0,0.0,0.0,78.0,222.0,0.0,0.0,222.0,78.0,0.0,0.0,78.0
2026,Mar,GOA,north_goa,158500300027,,0,0,0,0,0.0,0.0,0.0,True,True,data/raw\2026-03\north_goa\158500300027_158500300027___gadekar_stores_33_fps.json,0.0,0.0,0.0,0.0,0.0,0.0,0.0,0.0,0.0,0.0,0.0,0.0,0.0,0.0,0.0,0.0
2026,Mar,GOA,north_goa,158500300027,GADEKAR STORES-33 FPS,0,0,0,0,0.0,0.0,0.0,True,True,data/raw\2026-03\north_goa\158500300027_gadekar_stores_33_fps.json,173.0,0.0,0.0,173.0,38.0,0.0,0.0,38.0,173.0,0.0,0.0,173.0,38.0,0.0,0.0,38.0
2026,Mar,GOA,north_goa,158500300028,,0,0,0,0,0.0,0.0,0.0,True,True,data/raw\2026-03\north_goa\158500300028_158500300028___s_b_sawant_36_fps.json,0.0,0.0,0.0,0.0,0.0,0.0,0.0,0.0,0.0,0.0,0.0,0.0,0.0,0.0,0.0,0.0
2026,Mar,GOA,north_goa,158500300028,S.B.SAWANT-36 FPS,0,0,0,0,0.0,0.0,0.0,True,True,data/raw\2026-03\north_goa\158500300028_s_b_sawant_36_fps.json,114.0,0.0,0.0,114.0,102.0,0.0,0.0,102.0,114.0,0.0,0.0,114.0,102.0,0.0,0.0,102.0
2026,Mar,GOA,north_goa,158500300029,,0,0,0,0,0.0,0.0,0.0,True,True,data/raw\2026-03\north_goa\158500300029_158500300029___g_v_subhaji_37_fps.json,0.0,0.0,0.0,0.0,0.0,0.0,0.0,0.0,0.0,0.0,0.0,0.0,0.0,0.0,0.0,0.0
2026,Mar,GOA,north_goa,158500300029,G.V.SUBHAJI-37 FPS,0,0,0,0,0.0,0.0,0.0,True,True,data/raw\2026-03\north_goa\158500300029_g_v_subhaji_37_fps.json,334.0,1.0,2.0,337.0,58.0,0.0,0.0,58.0,334.0,1.0,2.0,337.0,58.0,0.0,0.0,58.0
2026,Mar,GOA,north_goa,158500300030,,0,0,0,0,0.0,0.0,0.0,True,True,data/raw\2026-03\north_goa\158500300030_158500300030___pedne_taluka_farmers_service_coop_sty_ltd__38_fps.json,0.0,0.0,0.0,0.0,0.0,0.0,0.0,0.0,0.0,0.0,0.0,0.0,0.0,0.0,0.0,0.0
2026,Mar,GOA,north_goa,158500300030,PEDNE TALUKA FARMERS SERVICE COOP STY LTD.-38 FPS,0,0,0,0,0.0,0.0,0.0,True,True,data/raw\2026-03\north_goa\158500300030_pedne_taluka_farmers_service_coop_sty_ltd__38_fps.json,130.0,6.0,0.0,136.0,40.0,0.0,0.0,40.0,130.0,6.0,0.0,136.0,40.0,0.0,0.0,40.0
2026,Mar,GOA,north_goa,158500300031,,0,0,0,0,0.0,0.0,0.0,True,True,data/raw\2026-03\north_goa\158500300031_158500300031___smt_sunita_shriram_bugde_40_fps.json,0.0,0.0,0.0,0.0,0.0,0.0,0.0,0.0,0.0,0.0,0.0,0.0,0.0,0.0,0.0,0.0
2026,Mar,GOA,north_goa,158500300031,SMT SUNITA SHRIRAM BUGDE-40 FPS,0,0,0,0,0.0,0.0,0.0,True,True,data/raw\2026-03\north_goa\158500300031_smt_sunita_shriram_bugde_40_fps.json,194.0,3.0,0.0,197.0,69.0,0.0,0.0,69.0,194.0,3.0,0.0,197.0,69.0,0.0,0.0,69.0
2026,Mar,GOA,north_goa,158500300033,,0,0,0,0,0.0,0.0,0.0,True,True,data/raw\2026-03\north_goa\158500300033_158500300033___ankush_shyam_sawant_42_fps.json,0.0,0.0,0.0,0.0,0.0,0.0,0.0,0.0,0.0,0.0,0.0,0.0,0.0,0.0,0.0,0.0
2026,Mar,GOA,north_goa,158500300033,ANKUSH SHYAM SAWANT-42 FPS,0,0,0,0,0.0,0.0,0.0,True,True,data/raw\2026-03\north_goa\158500300033_ankush_shyam_sawant_42_fps.json,116.0,0.0,0.0,116.0,54.0,0.0,0.0,54.0,116.0,0.0,0.0,116.0,54.0,0.0,0.0,54.0
2026,Mar,GOA,north_goa,158500300034,,0,0,0,0,0.0,0.0,0.0,True,True,data/raw\2026-03\north_goa\158500300034_158500300034___gurunath_vasudev_talavanekar_45_fps.json,0.0,0.0,0.0,0.0,0.0,0.0,0.0,0.0,0.0,0.0,0.0,0.0,0.0,0.0,0.0,0.0
2026,Mar,GOA,north_goa,158500300034,GURUNATH VASUDEV TALAVANEKAR-45 FPS,0,0,0,0,0.0,0.0,0.0,True,True,data/raw\2026-03\north_goa\158500300034_gurunath_vasudev_talavanekar_45_fps.json,99.0,0.0,0.0,99.0,48.0,0.0,0.0,48.0,99.0,0.0,0.0,99.0,48.0,0.0,0.0,48.0
2026,Mar,GOA,north_goa,158500300036,,0,0,0,0,0.0,0.0,0.0,True,True,data/raw\2026-03\north_goa\158500300036_158500300036___mulvir_store_48_fps.json,0.0,0.0,0.0,0.0,0.0,0.0,0.0,0.0,0.0,0.0,0.0,0.0,0.0,0.0,0.0,0.0
2026,Mar,GOA,north_goa,158500300036,MULVIR STORE-48 FPS,0,0,0,0,0.0,0.0,0.0,True,True,data/raw\2026-03\north_goa\158500300036_mulvir_store_48_fps.json,66.0,0.0,0.0,66.0,43.0,0.0,0.0,43.0,66.0,0.0,0.0,66.0,43.0,0.0,0.0,43.0
2026,Mar,GOA,north_goa,158500300037,,0,0,0,0,0.0,0.0,0.0,True,True,data/raw\2026-03\north_goa\158500300037_158500300037___pedne_taluka_farmers_service_co_op_society_ltd_25_fps.json,0.0,0.0,0.0,0.0,0.0,0.0,0.0,0.0,0.0,0.0,0.0,0.0,0.0,0.0,0.0,0.0
2026,Mar,GOA,north_goa,158500300037,PEDNE TALUKA FARMERS SERVICE CO-OP SOCIETY LTD-25 FPS,0,0,0,0,0.0,0.0,0.0,True,True,data/raw\2026-03\north_goa\158500300037_pedne_taluka_farmers_service_co_op_society_ltd_25_fps.json,277.0,1.0,14.0,292.0,12.0,0.0,1.0,13.0,277.0,1.0,14.0,292.0,12.0,0.0,1.0,13.0
2026,Mar,GOA,north_goa,158500300038,,0,0,0,0,0.0,0.0,0.0,True,True,data/raw\2026-03\north_goa\158500300038_158500300038___mr_uttam_k_kotkar_2_fps.json,0.0,0.0,0.0,0.0,0.0,0.0,0.0,0.0,0.0,0.0,0.0,0.0,0.0,0.0,0.0,0.0
2026,Mar,GOA,north_goa,158500300038,MR.UTTAM K KOTKAR-2 FPS,0,0,0,0,0.0,0.0,0.0,True,True,data/raw\2026-03\north_goa\158500300038_mr_uttam_k_kotkar_2_fps.json,222.0,5.0,0.0,227.0,184.0,2.0,0.0,186.0,222.0,5.0,0.0,227.0,184.0,2.0,0.0,186.0
2026,Mar,GOA,north_goa,158500300132,,0,0,0,0,0.0,0.0,0.0,True,True,data/raw\2026-03\north_goa\158500300132_158500300132___ulhas_r_naik_17_fps.json,0.0,0.0,0.0,0.0,0.0,0.0,0.0,0.0,0.0,0.0,0.0,0.0,0.0,0.0,0.0,0.0
2026,Mar,GOA,north_goa,158500300132,ULHAS R NAIK-17 FPS,0,0,0,0,0.0,0.0,0.0,True,True,data/raw\2026-03\north_goa\158500300132_ulhas_r_naik_17_fps.json,182.0,0.0,0.0,182.0,66.0,1.0,0.0,67.0,182.0,0.0,0.0,182.0,66.0,1.0,0.0,67.0
2026,Mar,GOA,north_goa,158500300133,,0,0,0,0,0.0,0.0,0.0,True,True,data/raw\2026-03\north_goa\158500300133_158500300133___pedne_taluka_farmers_service_co_op_society_24_fps.json,0.0,0.0,0.0,0.0,0.0,0.0,0.0,0.0,0.0,0.0,0.0,0.0,0.0,0.0,0.0,0.0
2026,Mar,GOA,north_goa,158500300133,PEDNE TALUKA FARMERS SERVICE CO.OP.SOCIETY-24 FPS,0,0,0,0,0.0,0.0,0.0,True,True,data/raw\2026-03\north_goa\158500300133_pedne_taluka_farmers_service_co_op_society_24_fps.json,144.0,0.0,1.0,145.0,155.0,1.0,0.0,156.0,144.0,0.0,1.0,145.0,155.0,1.0,0.0,156.0
2026,Mar,GOA,north_goa,158500300134,,0,0,0,0,0.0,0.0,0.0,True,True,data/raw\2026-03\north_goa\158500300134_158500300134___pernem_taluka_farmer_co_op_sty_26_fps.json,0.0,0.0,0.0,0.0,0.0,0.0,0.0,0.0,0.0,0.0,0.0,0.0,0.0,0.0,0.0,0.0
2026,Mar,GOA,north_goa,158500300134,PERNEM TALUKA FARMER CO.OP.STY-26 FPS,0,0,0,0,0.0,0.0,0.0,True,True,data/raw\2026-03\north_goa\158500300134_pernem_taluka_farmer_co_op_sty_26_fps.json,538.0,22.0,7.0,567.0,81.0,2.0,2.0,85.0,538.0,22.0,7.0,567.0,81.0,2.0,2.0,85.0
2026,Mar,GOA,north_goa,158500300135,,0,0,0,0,0.0,0.0,0.0,True,True,data/raw\2026-03\north_goa\158500300135_158500300135___pernem_taluka_farmer_co_op_sty_ltd__27_fps.json,0.0,0.0,0.0,0.0,0.0,0.0,0.0,0.0,0.0,0.0,0.0,0.0,0.0,0.0,0.0,0.0
2026,Mar,GOA,north_goa,158500300135,PERNEM TALUKA FARMER CO.OP.STY.LTD.-27 FPS,0,0,0,0,0.0,0.0,0.0,True,True,data/raw\2026-03\north_goa\158500300135_pernem_taluka_farmer_co_op_sty_ltd__27_fps.json,221.0,3.0,0.0,224.0,155.0,0.0,0.0,155.0,221.0,3.0,0.0,224.0,155.0,0.0,0.0,155.0
2026,Mar,GOA,north_goa,158500300136,,0,0,0,0,0.0,0.0,0.0,True,True,data/raw\2026-03\north_goa\158500300136_158500300136___pernem_taluka_farmer_co_op_sty_ltd__28_fps.json,0.0,0.0,0.0,0.0,0.0,0.0,0.0,0.0,0.0,0.0,0.0,0.0,0.0,0.0,0.0,0.0
2026,Mar,GOA,north_goa,158500300136,PERNEM TALUKA FARMER CO.OP.STY.LTD.-28 FPS,0,0,0,0,0.0,0.0,0.0,True,True,data/raw\2026-03\north_goa\158500300136_pernem_taluka_farmer_co_op_sty_ltd__28_fps.json,217.0,2.0,0.0,219.0,129.0,0.0,0.0,129.0,217.0,2.0,0.0,219.0,129.0,0.0,0.0,129.0
2026,Mar,GOA,north_goa,158500300137,,0,0,0,0,0.0,0.0,0.0,True,True,data/raw\2026-03\north_goa\158500300137_158500300137___pernem_taluka_farmer_co_op_sty_ltd__29_fps.json,0.0,0.0,0.0,0.0,0.0,0.0,0.0,0.0,0.0,0.0,0.0,0.0,0.0,0.0,0.0,0.0
2026,Mar,GOA,north_goa,158500300137,PERNEM TALUKA FARMER CO.OP.STY.LTD.-29 FPS,0,0,0,0,0.0,0.0,0.0,True,True,data/raw\2026-03\north_goa\158500300137_pernem_taluka_farmer_co_op_sty_ltd__29_fps.json,275.0,6.0,0.0,281.0,110.0,0.0,0.0,110.0,275.0,6.0,0.0,281.0,110.0,0.0,0.0,110.0
2026,Mar,GOA,north_goa,158500300138,,0,0,0,0,0.0,0.0,0.0,True,True,data/raw\2026-03\north_goa\158500300138_158500300138___pernem_taluka_farmer_co_op_sty_ltd__31_fps.json,0.0,0.0,0.0,0.0,0.0,0.0,0.0,0.0,0.0,0.0,0.0,0.0,0.0,0.0,0.0,0.0
2026,Mar,GOA,north_goa,158500300138,PERNEM TALUKA FARMER CO.OP.STY.LTD.-31 FPS,0,0,0,0,0.0,0.0,0.0,True,True,data/raw\2026-03\north_goa\158500300138_pernem_taluka_farmer_co_op_sty_ltd__31_fps.json,109.0,1.0,0.0,110.0,121.0,0.0,0.0,121.0,109.0,1.0,0.0,110.0,121.0,0.0,0.0,121.0
2026,Mar,GOA,north_goa,158500300141,,0,0,0,0,0.0,0.0,0.0,True,True,data/raw\2026-03\north_goa\158500300141_158500300141___pernem_taluka_farmer_co_op_sty_ltd__41_fps.json,0.0,0.0,0.0,0.0,0.0,0.0,0.0,0.0,0.0,0.0,0.0,0.0,0.0,0.0,0.0,0.0
2026,Mar,GOA,north_goa,158500300141,PERNEM TALUKA FARMER CO.OP.STY.LTD.-41 FPS,0,0,0,0,0.0,0.0,0.0,True,True,data/raw\2026-03\north_goa\158500300141_pernem_taluka_farmer_co_op_sty_ltd__41_fps.json,128.0,1.0,0.0,129.0,74.0,0.0,0.0,74.0,128.0,1.0,0.0,129.0,74.0,0.0,0.0,74.0
2026,Mar,GOA,north_goa,158500300143,,0,0,0,0,0.0,0.0,0.0,True,True,data/raw\2026-03\north_goa\158500300143_158500300143___j_r_deshprabhu_1_fps.json,0.0,0.0,0.0,0.0,0.0,0.0,0.0,0.0,0.0,0.0,0.0,0.0,0.0,0.0,0.0,0.0
2026,Mar,GOA,north_goa,158500300143,J.R DESHPRABHU-1 FPS,0,0,0,0,0.0,0.0,0.0,True,True,data/raw\2026-03\north_goa\158500300143_j_r_deshprabhu_1_fps.json,63.0,3.0,0.0,66.0,50.0,0.0,0.0,50.0,63.0,3.0,0.0,66.0,50.0,0.0,0.0,50.0
2026,Mar,GOA,north_goa,158500300144,,0,0,0,0,0.0,0.0,0.0,True,True,data/raw\2026-03\north_goa\158500300144_158500300144___g_j_shirgaonkar_39_fps.json,0.0,0.0,0.0,0.0,0.0,0.0,0.0,0.0,0.0,0.0,0.0,0.0,0.0,0.0,0.0,0.0
2026,Mar,GOA,north_goa,158500300144,G.J SHIRGAONKAR-39 FPS,0,0,0,0,0.0,0.0,0.0,True,True,data/raw\2026-03\north_goa\158500300144_g_j_shirgaonkar_39_fps.json,134.0,3.0,0.0,137.0,95.0,2.0,0.0,97.0,134.0,3.0,0.0,137.0,95.0,2.0,0.0,97.0
2026,Mar,GOA,north_goa,158500300146,,0,0,0,0,0.0,0.0,0.0,True,True,data/raw\2026-03\north_goa\158500300146_158500300146___pedne_taluka_farmers_service_co_op_sty_18_fps.json,0.0,0.0,0.0,0.0,0.0,0.0,0.0,0.0,0.0,0.0,0.0,0.0,0.0,0.0,0.0,0.0
2026,Mar,GOA,north_goa,158500300146,PEDNE TALUKA FARMERS SERVICE CO-OP STY-18 FPS,0,0,0,0,0.0,0.0,0.0,True,True,data/raw\2026-03\north_goa\158500300146_pedne_taluka_farmers_service_co_op_sty_18_fps.json,152.0,2.0,1.0,155.0,157.0,0.0,0.0,157.0,152.0,2.0,1.0,155.0,157.0,0.0,0.0,157.0
2026,Mar,GOA,north_goa,158500300147,,0,0,0,0,0.0,0.0,0.0,True,True,data/raw\2026-03\north_goa\158500300147_158500300147___mr__shaila_gawas_11_fps.json,0.0,0.0,0.0,0.0,0.0,0.0,0.0,0.0,0.0,0.0,0.0,0.0,0.0,0.0,0.0,0.0
2026,Mar,GOA,north_goa,158500300147,MR. SHAILA GAWAS-11 FPS,0,0,0,0,0.0,0.0,0.0,True,True,data/raw\2026-03\north_goa\158500300147_mr__shaila_gawas_11_fps.json,284.0,0.0,0.0,284.0,89.0,0.0,0.0,89.0,284.0,0.0,0.0,284.0,89.0,0.0,0.0,89.0
2026,Mar,GOA,north_goa,158500300148,,0,0,0,0,0.0,0.0,0.0,True,True,data/raw\2026-03\north_goa\158500300148_158500300148___ashish_laxman_kalangutkar_9_fps.json,0.0,0.0,0.0,0.0,0.0,0.0,0.0,0.0,0.0,0.0,0.0,0.0,0.0,0.0,0.0,0.0
2026,Mar,GOA,north_goa,158500300148,ASHISH LAXMAN KALANGUTKAR-9 FPS,0,0,0,0,0.0,0.0,0.0,True,True,data/raw\2026-03\north_goa\158500300148_ashish_laxman_kalangutkar_9_fps.json,205.0,2.0,0.0,207.0,53.0,0.0,0.0,53.0,205.0,2.0,0.0,207.0,53.0,0.0,0.0,53.0
2026,Mar,GOA,north_goa,158500300149,,0,0,0,0,0.0,0.0,0.0,True,True,data/raw\2026-03\north_goa\158500300149_158500300149___radhika_r__kanolkar_46_fps.json,0.0,0.0,0.0,0.0,0.0,0.0,0.0,0.0,0.0,0.0,0.0,0.0,0.0,0.0,0.0,0.0
2026,Mar,GOA,north_goa,158500300149,RADHIKA R. KANOLKAR-46 FPS,0,0,0,0,0.0,0.0,0.0,True,True,data/raw\2026-03\north_goa\158500300149_radhika_r__kanolkar_46_fps.json,61.0,0.0,0.0,61.0,45.0,0.0,0.0,45.0,61.0,0.0,0.0,61.0,45.0,0.0,0.0,45.0
2026,Mar,GOA,north_goa,158500300150,,0,0,0,0,0.0,0.0,0.0,True,True,data/raw\2026-03\north_goa\158500300150_158500300150___pernem_taluka_farmer_co_op_sty_ltd_aroba_35_fps.json,0.0,0.0,0.0,0.0,0.0,0.0,0.0,0.0,0.0,0.0,0.0,0.0,0.0,0.0,0.0,0.0
2026,Mar,GOA,north_goa,158500300150,PERNEM TALUKA FARMER CO.OP.STY.LTD AROBA-35 FPS,0,0,0,0,0.0,0.0,0.0,True,True,data/raw\2026-03\north_goa\158500300150_pernem_taluka_farmer_co_op_sty_ltd_aroba_35_fps.json,64.0,3.0,0.0,67.0,95.0,2.0,0.0,97.0,64.0,3.0,0.0,67.0,95.0,2.0,0.0,97.0
2026,Mar,GOA,north_goa,158500300157,,0,0,0,0,0.0,0.0,0.0,True,True,data/raw\2026-03\north_goa\158500300157_158500300157___shruti_sadguru_thakur.json,0.0,0.0,0.0,0.0,0.0,0.0,0.0,0.0,0.0,0.0,0.0,0.0,0.0,0.0,0.0,0.0
2026,Mar,GOA,north_goa,158500300157,SHRUTI SADGURU THAKUR,0,0,0,0,0.0,0.0,0.0,True,True,data/raw\2026-03\north_goa\158500300157_shruti_sadguru_thakur.json,170.0,8.0,1.0,179.0,87.0,2.0,0.0,89.0,170.0,8.0,1.0,179.0,87.0,2.0,0.0,89.0
2026,Mar,GOA,north_goa,158500500002,,0,0,0,0,0.0,0.0,0.0,True,True,data/raw\2026-03\north_goa\158500500002_158500500002___malini_k_gawas_26_fps.json,0.0,0.0,0.0,0.0,0.0,0.0,0.0,0.0,0.0,0.0,0.0,0.0,0.0,0.0,0.0,0.0
2026,Mar,GOA,north_goa,158500500002,MALINI K GAWAS-26 FPS,0,0,0,0,0.0,0.0,0.0,True,True,data/raw\2026-03\north_goa\158500500002_malini_k_gawas_26_fps.json,101.0,0.0,0.0,101.0,37.0,0.0,0.0,37.0,101.0,0.0,0.0,101.0,37.0,0.0,0.0,37.0
2026,Mar,GOA,north_goa,158500500003,,0,0,0,0,0.0,0.0,0.0,True,True,data/raw\2026-03\north_goa\158500500003_158500500003___deepa_d_kalangutkar_24_fps.json,0.0,0.0,0.0,0.0,0.0,0.0,0.0,0.0,0.0,0.0,0.0,0.0,0.0,0.0,0.0,0.0
2026,Mar,GOA,north_goa,158500500003,DEEPA D KALANGUTKAR-24 FPS,0,0,0,0,0.0,0.0,0.0,True,True,data/raw\2026-03\north_goa\158500500003_deepa_d_kalangutkar_24_fps.json,111.0,0.0,0.0,111.0,49.0,0.0,0.0,49.0,111.0,0.0,0.0,111.0,49.0,0.0,0.0,49.0
2026,Mar,GOA,north_goa,158500500004,,0,0,0,0,0.0,0.0,0.0,True,True,data/raw\2026-03\north_goa\158500500004_158500500004___chandrakant_jaidev_pangam_20_fps.json,0.0,0.0,0.0,0.0,0.0,0.0,0.0,0.0,0.0,0.0,0.0,0.0,0.0,0.0,0.0,0.0
2026,Mar,GOA,north_goa,158500500004,CHANDRAKANT JAIDEV PANGAM-20 FPS,0,0,0,0,0.0,0.0,0.0,True,True,data/raw\2026-03\north_goa\158500500004_chandrakant_jaidev_pangam_20_fps.json,241.0,4.0,0.0,245.0,18.0,0.0,0.0,18.0,241.0,4.0,0.0,245.0,18.0,0.0,0.0,18.0
2026,Mar,GOA,north_goa,158500500005,,0,0,0,0,0.0,0.0,0.0,True,True,data/raw\2026-03\north_goa\158500500005_158500500005___kashinath_sawant_19_fps.json,0.0,0.0,0.0,0.0,0.0,0.0,0.0,0.0,0.0,0.0,0.0,0.0,0.0,0.0,0.0,0.0
2026,Mar,GOA,north_goa,158500500005,KASHINATH SAWANT-19 FPS,0,0,0,0,0.0,0.0,0.0,True,True,data/raw\2026-03\north_goa\158500500005_kashinath_sawant_19_fps.json,74.0,0.0,0.0,74.0,43.0,0.0,0.0,43.0,74.0,0.0,0.0,74.0,43.0,0.0,0.0,43.0
2026,Mar,GOA,north_goa,158500500006,,0,0,0,0,0.0,0.0,0.0,True,True,data/raw\2026-03\north_goa\158500500006_158500500006___babaji_damodar_majik_18_fps.json,0.0,0.0,0.0,0.0,0.0,0.0,0.0,0.0,0.0,0.0,0.0,0.0,0.0,0.0,0.0,0.0
2026,Mar,GOA,north_goa,158500500006,BABAJI DAMODAR MAJIK-18 FPS,0,0,0,0,0.0,0.0,0.0,True,True,data/raw\2026-03\north_goa\158500500006_babaji_damodar_majik_18_fps.json,92.0,0.0,0.0,92.0,31.0,0.0,0.0,31.0,92.0,0.0,0.0,92.0,31.0,0.0,0.0,31.0
2026,Mar,GOA,north_goa,158500500007,,0,0,0,0,0.0,0.0,0.0,True,True,data/raw\2026-03\north_goa\158500500007_158500500007___kashinath_y_sawant_17_fps.json,0.0,0.0,0.0,0.0,0.0,0.0,0.0,0.0,0.0,0.0,0.0,0.0,0.0,0.0,0.0,0.0
2026,Mar,GOA,north_goa,158500500007,KASHINATH Y SAWANT-17 FPS,0,0,0,0,0.0,0.0,0.0,True,True,data/raw\2026-03\north_goa\158500500007_kashinath_y_sawant_17_fps.json,238.0,0.0,0.0,238.0,79.0,0.0,0.0,79.0,238.0,0.0,0.0,238.0,79.0,0.0,0.0,79.0
2026,Mar,GOA,north_goa,158500500008,,0,0,0,0,0.0,0.0,0.0,True,True,data/raw\2026-03\north_goa\158500500008_158500500008___sarita_j_desai_16_fps.json,0.0,0.0,0.0,0.0,0.0,0.0,0.0,0.0,0.0,0.0,0.0,0.0,0.0,0.0,0.0,0.0
2026,Mar,GOA,north_goa,158500500008,SARITA J DESAI-16 FPS,0,0,0,0,0.0,0.0,0.0,True,True,data/raw\2026-03\north_goa\158500500008_sarita_j_desai_16_fps.json,354.0,0.0,0.0,354.0,71.0,0.0,0.0,71.0,354.0,0.0,0.0,354.0,71.0,0.0,0.0,71.0
2026,Mar,GOA,north_goa,158500500009,,0,0,0,0,0.0,0.0,0.0,True,True,data/raw\2026-03\north_goa\158500500009_158500500009___smt__anita_anandrao_rane_25_fps.json,0.0,0.0,0.0,0.0,0.0,0.0,0.0,0.0,0.0,0.0,0.0,0.0,0.0,0.0,0.0,0.0
2026,Mar,GOA,north_goa,158500500009,SMT. ANITA ANANDRAO RANE-25 FPS,0,0,0,0,0.0,0.0,0.0,True,True,data/raw\2026-03\north_goa\158500500009_smt__anita_anandrao_rane_25_fps.json,127.0,0.0,0.0,127.0,1.0,0.0,0.0,1.0,127.0,0.0,0.0,127.0,1.0,0.0,0.0,1.0
2026,Mar,GOA,north_goa,158500500010,,0,0,0,0,0.0,0.0,0.0,True,True,data/raw\2026-03\north_goa\158500500010_158500500010___gawane_g_v_k_s_sty_14_fps.json,0.0,0.0,0.0,0.0,0.0,0.0,0.0,0.0,0.0,0.0,0.0,0.0,0.0,0.0,0.0,0.0
2026,Mar,GOA,north_goa,158500500010,GAWANE G V K S STY-14 FPS,0,0,0,0,0.0,0.0,0.0,True,True,data/raw\2026-03\north_goa\158500500010_gawane_g_v_k_s_sty_14_fps.json,156.0,0.0,0.0,156.0,18.0,0.0,0.0,18.0,156.0,0.0,0.0,156.0,18.0,0.0,0.0,18.0
2026,Mar,GOA,north_goa,158500500011,,0,0,0,0,0.0,0.0,0.0,True,True,data/raw\2026-03\north_goa\158500500011_158500500011___shamsunder_k_shirodkar_23_fps.json,0.0,0.0,0.0,0.0,0.0,0.0,0.0,0.0,0.0,0.0,0.0,0.0,0.0,0.0,0.0,0.0
2026,Mar,GOA,north_goa,158500500011,SHAMSUNDER K SHIRODKAR-23 FPS,0,0,0,0,0.0,0.0,0.0,True,True,data/raw\2026-03\north_goa\158500500011_shamsunder_k_shirodkar_23_fps.json,80.0,1.0,0.0,81.0,21.0,0.0,0.0,21.0,80.0,1.0,0.0,81.0,21.0,0.0,0.0,21.0
2026,Mar,GOA,north_goa,158500500012,,0,0,0,0,0.0,0.0,0.0,True,True,data/raw\2026-03\north_goa\158500500012_158500500012___sagar_m_shirodkar_11_fps.json,0.0,0.0,0.0,0.0,0.0,0.0,0.0,0.0,0.0,0.0,0.0,0.0,0.0,0.0,0.0,0.0
2026,Mar,GOA,north_goa,158500500012,SAGAR M SHIRODKAR-11 FPS,0,0,0,0,0.0,0.0,0.0,True,True,data/raw\2026-03\north_goa\158500500012_sagar_m_shirodkar_11_fps.json,233.0,2.0,0.0,235.0,57.0,0.0,0.0,57.0,233.0,2.0,0.0,235.0,57.0,0.0,0.0,57.0
2026,Mar,GOA,north_goa,158500500013,,0,0,0,0,0.0,0.0,0.0,True,True,data/raw\2026-03\north_goa\158500500013_158500500013___sattari_taluka_co_op_sty_10_fps.json,0.0,0.0,0.0,0.0,0.0,0.0,0.0,0.0,0.0,0.0,0.0,0.0,0.0,0.0,0.0,0.0
2026,Mar,GOA,north_goa,158500500013,SATTARI TALUKA CO-OP STY-10 FPS,0,0,0,0,0.0,0.0,0.0,True,True,data/raw\2026-03\north_goa\158500500013_sattari_taluka_co_op_sty_10_fps.json,511.0,0.0,0.0,511.0,140.0,0.0,0.0,140.0,511.0,0.0,0.0,511.0,140.0,0.0,0.0,140.0
2026,Mar,GOA,north_goa,158500500014,,0,0,0,0,0.0,0.0,0.0,True,True,data/raw\2026-03\north_goa\158500500014_158500500014___devdatt_s_wadkar_9_fps.json,0.0,0.0,0.0,0.0,0.0,0.0,0.0,0.0,0.0,0.0,0.0,0.0,0.0,0.0,0.0,0.0
2026,Mar,GOA,north_goa,158500500014,DEVDATT S WADKAR-9 FPS,0,0,0,0,0.0,0.0,0.0,True,True,data/raw\2026-03\north_goa\158500500014_devdatt_s_wadkar_9_fps.json,781.0,10.0,33.0,824.0,9.0,0.0,2.0,11.0,781.0,10.0,33.0,824.0,9.0,0.0,2.0,11.0
2026,Mar,GOA,north_goa,158500500015,,0,0,0,0,0.0,0.0,0.0,True,True,data/raw\2026-03\north_goa\158500500015_158500500015___sunita_suresh_naik_8_fps.json,0.0,0.0,0.0,0.0,0.0,0.0,0.0,0.0,0.0,0.0,0.0,0.0,0.0,0.0,0.0,0.0
2026,Mar,GOA,north_goa,158500500015,SUNITA SURESH NAIK-8 FPS,0,0,0,0,0.0,0.0,0.0,True,True,data/raw\2026-03\north_goa\158500500015_sunita_suresh_naik_8_fps.json,233.0,6.0,0.0,239.0,47.0,1.0,0.0,48.0,233.0,6.0,0.0,239.0,47.0,1.0,0.0,48.0
2026,Mar,GOA,north_goa,158500500016,,0,0,0,0,0.0,0.0,0.0,True,True,data/raw\2026-03\north_goa\158500500016_158500500016___siddesh_m__sawaikar_7_fps.json,0.0,0.0,0.0,0.0,0.0,0.0,0.0,0.0,0.0,0.0,0.0,0.0,0.0,0.0,0.0,0.0
2026,Mar,GOA,north_goa,158500500016,SIDDESH M. SAWAIKAR-7 FPS,0,0,0,0,0.0,0.0,0.0,True,True,data/raw\2026-03\north_goa\158500500016_siddesh_m__sawaikar_7_fps.json,496.0,2.0,0.0,498.0,90.0,0.0,0.0,90.0,496.0,2.0,0.0,498.0,90.0,0.0,0.0,90.0
2026,Mar,GOA,north_goa,158500500017,,0,0,0,0,0.0,0.0,0.0,True,True,data/raw\2026-03\north_goa\158500500017_158500500017___premnath_g_dalvi_5_fps.json,0.0,0.0,0.0,0.0,0.0,0.0,0.0,0.0,0.0,0.0,0.0,0.0,0.0,0.0,0.0,0.0
2026,Mar,GOA,north_goa,158500500017,PREMNATH G DALVI-5 FPS,0,0,0,0,0.0,0.0,0.0,True,True,data/raw\2026-03\north_goa\158500500017_premnath_g_dalvi_5_fps.json,437.0,2.0,0.0,439.0,98.0,0.0,0.0,98.0,437.0,2.0,0.0,439.0,98.0,0.0,0.0,98.0
2026,Mar,GOA,north_goa,158500500019,,0,0,0,0,0.0,0.0,0.0,True,True,data/raw\2026-03\north_goa\158500500019_158500500019___laximan_vaman_dalvi___4_fps.json,0.0,0.0,0.0,0.0,0.0,0.0,0.0,0.0,0.0,0.0,0.0,0.0,0.0,0.0,0.0,0.0
2026,Mar,GOA,north_goa,158500500019,LAXIMAN VAMAN DALVI - 4 FPS,0,0,0,0,0.0,0.0,0.0,True,True,data/raw\2026-03\north_goa\158500500019_laximan_vaman_dalvi___4_fps.json,545.0,0.0,0.0,545.0,34.0,0.0,0.0,34.0,545.0,0.0,0.0,545.0,34.0,0.0,0.0,34.0
2026,Mar,GOA,north_goa,158500500020,,0,0,0,0,0.0,0.0,0.0,True,True,data/raw\2026-03\north_goa\158500500020_158500500020___nagargao_group_vikas_credit_sty_3_fps.json,0.0,0.0,0.0,0.0,0.0,0.0,0.0,0.0,0.0,0.0,0.0,0.0,0.0,0.0,0.0,0.0
2026,Mar,GOA,north_goa,158500500020,NAGARGAO GROUP VIKAS CREDIT STY-3 FPS,0,0,0,0,0.0,0.0,0.0,True,True,data/raw\2026-03\north_goa\158500500020_nagargao_group_vikas_credit_sty_3_fps.json,339.0,1.0,4.0,344.0,51.0,0.0,1.0,52.0,339.0,1.0,4.0,344.0,51.0,0.0,1.0,52.0
2026,Mar,GOA,north_goa,158500500022,,0,0,0,0,0.0,0.0,0.0,True,True,data/raw\2026-03\north_goa\158500500022_158500500022___m_s_sudesh_a_teli_1_fps.json,0.0,0.0,0.0,0.0,0.0,0.0,0.0,0.0,0.0,0.0,0.0,0.0,0.0,0.0,0.0,0.0
2026,Mar,GOA,north_goa,158500500022,M/S SUDESH A TELI-1 FPS,0,0,0,0,0.0,0.0,0.0,True,True,data/raw\2026-03\north_goa\158500500022_m_s_sudesh_a_teli_1_fps.json,245.0,2.0,41.0,288.0,41.0,1.0,6.0,48.0,245.0,2.0,41.0,288.0,41.0,1.0,6.0,48.0
2026,Mar,GOA,north_goa,158500500099,,0,0,0,0,0.0,0.0,0.0,True,True,data/raw\2026-03\north_goa\158500500099_158500500099___sattari_taluka_farmers_co_op_sty__2_fps.json,0.0,0.0,0.0,0.0,0.0,0.0,0.0,0.0,0.0,0.0,0.0,0.0,0.0,0.0,0.0,0.0
2026,Mar,GOA,north_goa,158500500099,SATTARI TALUKA FARMERS CO OP STY -2 FPS,0,0,0,0,0.0,0.0,0.0,True,True,data/raw\2026-03\north_goa\158500500099_sattari_taluka_farmers_co_op_sty__2_fps.json,459.0,1.0,1.0,461.0,73.0,0.0,0.0,73.0,459.0,1.0,1.0,461.0,73.0,0.0,0.0,73.0
2026,Mar,GOA,north_goa,158500500100,,0,0,0,0,0.0,0.0,0.0,True,True,data/raw\2026-03\north_goa\158500500100_158500500100___sattari_taluka_co_op_sty_15_fps.json,0.0,0.0,0.0,0.0,0.0,0.0,0.0,0.0,0.0,0.0,0.0,0.0,0.0,0.0,0.0,0.0
2026,Mar,GOA,north_goa,158500500100,SATTARI TALUKA CO-OP STY-15 FPS,0,0,0,0,0.0,0.0,0.0,True,True,data/raw\2026-03\north_goa\158500500100_sattari_taluka_co_op_sty_15_fps.json,212.0,6.0,0.0,218.0,42.0,0.0,0.0,42.0,212.0,6.0,0.0,218.0,42.0,0.0,0.0,42.0
2026,Mar,GOA,north_goa,158500500104,,0,0,0,0,0.0,0.0,0.0,True,True,data/raw\2026-03\north_goa\158500500104_158500500104___shri__deepak_parmeshmar_rane_6_fps.json,0.0,0.0,0.0,0.0,0.0,0.0,0.0,0.0,0.0,0.0,0.0,0.0,0.0,0.0,0.0,0.0
2026,Mar,GOA,north_goa,158500500104,SHRI. DEEPAK PARMESHMAR RANE-6 FPS,0,0,0,0,0.0,0.0,0.0,True,True,data/raw\2026-03\north_goa\158500500104_shri__deepak_parmeshmar_rane_6_fps.json,61.0,1.0,0.0,62.0,9.0,0.0,0.0,9.0,61.0,1.0,0.0,62.0,9.0,0.0,0.0,9.0
2026,Mar,GOA,north_goa,158500500105,,0,0,0,0,0.0,0.0,0.0,True,True,data/raw\2026-03\north_goa\158500500105_158500500105___smt__mansi_mahadev_gawas_13_fps.json,0.0,0.0,0.0,0.0,0.0,0.0,0.0,0.0,0.0,0.0,0.0,0.0,0.0,0.0,0.0,0.0
2026,Mar,GOA,north_goa,158500500105,SMT. MANSI MAHADEV GAWAS-13 FPS,0,0,0,0,0.0,0.0,0.0,True,True,data/raw\2026-03\north_goa\158500500105_smt__mansi_mahadev_gawas_13_fps.json,131.0,1.0,0.0,132.0,20.0,0.0,0.0,20.0,131.0,1.0,0.0,132.0,20.0,0.0,0.0,20.0
2026,Mar,GOA,north_goa,158500500107,,0,0,0,0,0.0,0.0,0.0,True,True,data/raw\2026-03\north_goa\158500500107_158500500107___shri__sham_joto_pavane_21_fps.json,0.0,0.0,0.0,0.0,0.0,0.0,0.0,0.0,0.0,0.0,0.0,0.0,0.0,0.0,0.0,0.0
2026,Mar,GOA,north_goa,158500500107,SHRI. SHAM JOTO PAVANE-21 FPS,0,0,0,0,0.0,0.0,0.0,True,True,data/raw\2026-03\north_goa\158500500107_shri__sham_joto_pavane_21_fps.json,159.0,1.0,0.0,160.0,3.0,0.0,0.0,3.0,159.0,1.0,0.0,160.0,3.0,0.0,0.0,3.0
2026,Mar,GOA,north_goa,158500600002,,0,0,0,0,0.0,0.0,0.0,True,True,data/raw\2026-03\north_goa\158500600002_158500600002___janata_consumer_co_op_sty_1_fps.json,0.0,0.0,0.0,0.0,0.0,0.0,0.0,0.0,0.0,0.0,0.0,0.0,0.0,0.0,0.0,0.0
2026,Mar,GOA,north_goa,158500600002,JANATA CONSUMER CO OP STY-1 FPS,0,0,0,0,0.0,0.0,0.0,True,True,data/raw\2026-03\north_goa\158500600002_janata_consumer_co_op_sty_1_fps.json,41.0,9.0,6.0,56.0,8.0,0.0,0.0,8.0,41.0,9.0,6.0,56.0,8.0,0.0,0.0,8.0
2026,Mar,GOA,north_goa,158500600003,,0,0,0,0,0.0,0.0,0.0,True,True,data/raw\2026-03\north_goa\158500600003_158500600003___gurudas_yashwant_shet_2_fps.json,0.0,0.0,0.0,0.0,0.0,0.0,0.0,0.0,0.0,0.0,0.0,0.0,0.0,0.0,0.0,0.0
2026,Mar,GOA,north_goa,158500600003,GURUDAS YASHWANT SHET-2 FPS,0,0,0,0,0.0,0.0,0.0,True,True,data/raw\2026-03\north_goa\158500600003_gurudas_yashwant_shet_2_fps.json,0.0,1.0,0.0,1.0,0.0,0.0,0.0,0.0,0.0,1.0,0.0,1.0,0.0,0.0,0.0,0.0
2026,Mar,GOA,north_goa,158500600005,,0,0,0,0,0.0,0.0,0.0,True,True,data/raw\2026-03\north_goa\158500600005_158500600005___smita_ankush_naik_5_fps.json,0.0,0.0,0.0,0.0,0.0,0.0,0.0,0.0,0.0,0.0,0.0,0.0,0.0,0.0,0.0,0.0
2026,Mar,GOA,north_goa,158500600005,Smita Ankush Naik-5 FPS,0,0,0,0,0.0,0.0,0.0,True,True,data/raw\2026-03\north_goa\158500600005_smita_ankush_naik_5_fps.json,30.0,0.0,0.0,30.0,22.0,0.0,0.0,22.0,30.0,0.0,0.0,30.0,22.0,0.0,0.0,22.0
2026,Mar,GOA,north_goa,158500600006,,0,0,0,0,0.0,0.0,0.0,True,True,data/raw\2026-03\north_goa\158500600006_158500600006___gurudas_yashwant_shet_6_fps.json,0.0,0.0,0.0,0.0,0.0,0.0,0.0,0.0,0.0,0.0,0.0,0.0,0.0,0.0,0.0,0.0
2026,Mar,GOA,north_goa,158500600006,GURUDAS YASHWANT SHET-6 FPS,0,0,0,0,0.0,0.0,0.0,True,True,data/raw\2026-03\north_goa\158500600006_gurudas_yashwant_shet_6_fps.json,37.0,8.0,20.0,65.0,19.0,3.0,4.0,26.0,37.0,8.0,20.0,65.0,19.0,3.0,4.0,26.0
2026,Mar,GOA,north_goa,158500600024,,0,0,0,0,0.0,0.0,0.0,True,True,data/raw\2026-03\north_goa\158500600024_158500600024___sidharth_k__shetvargaonkar_24_fps.json,0.0,0.0,0.0,0.0,0.0,0.0,0.0,0.0,0.0,0.0,0.0,0.0,0.0,0.0,0.0,0.0
2026,Mar,GOA,north_goa,158500600024,SIDHARTH K. SHETVARGAONKAR-24 FPS,0,0,0,0,0.0,0.0,0.0,True,True,data/raw\2026-03\north_goa\158500600024_sidharth_k__shetvargaonkar_24_fps.json,142.0,1.0,0.0,143.0,2.0,0.0,0.0,2.0,142.0,1.0,0.0,143.0,2.0,0.0,0.0,2.0
2026,Mar,GOA,north_goa,158500600037,,0,0,0,0,0.0,0.0,0.0,True,True,data/raw\2026-03\north_goa\158500600037_158500600037___rajesh_store_38_fps.json,0.0,0.0,0.0,0.0,0.0,0.0,0.0,0.0,0.0,0.0,0.0,0.0,0.0,0.0,0.0,0.0
2026,Mar,GOA,north_goa,158500600037,RAJESH STORE-38 FPS,0,0,0,0,0.0,0.0,0.0,True,True,data/raw\2026-03\north_goa\158500600037_rajesh_store_38_fps.json,4.0,4.0,0.0,8.0,0.0,0.0,0.0,0.0,4.0,4.0,0.0,8.0,0.0,0.0,0.0,0.0
2026,Mar,GOA,north_goa,158500600046,,0,0,0,0,0.0,0.0,0.0,True,True,data/raw\2026-03\north_goa\158500600046_158500600046___prakash_stores_54_fps.json,0.0,0.0,0.0,0.0,0.0,0.0,0.0,0.0,0.0,0.0,0.0,0.0,0.0,0.0,0.0,0.0
2026,Mar,GOA,north_goa,158500600046,PRAKASH STORES-54 FPS,0,0,0,0,0.0,0.0,0.0,True,True,data/raw\2026-03\north_goa\158500600046_prakash_stores_54_fps.json,75.0,2.0,19.0,96.0,1.0,0.0,5.0,6.0,75.0,2.0,19.0,96.0,1.0,0.0,5.0,6.0
2026,Mar,GOA,north_goa,158500600047,,0,0,0,0,0.0,0.0,0.0,True,True,data/raw\2026-03\north_goa\158500600047_158500600047___premakant_a_naik_57_fps.json,0.0,0.0,0.0,0.0,0.0,0.0,0.0,0.0,0.0,0.0,0.0,0.0,0.0,0.0,0.0,0.0
2026,Mar,GOA,north_goa,158500600047,PREMAKANT A NAIK-57 FPS,0,0,0,0,0.0,0.0,0.0,True,True,data/raw\2026-03\north_goa\158500600047_premakant_a_naik_57_fps.json,20.0,1.0,0.0,21.0,0.0,0.0,0.0,0.0,20.0,1.0,0.0,21.0,0.0,0.0,0.0,0.0
2026,Mar,GOA,north_goa,158500600053,,0,0,0,0,0.0,0.0,0.0,True,True,data/raw\2026-03\north_goa\158500600053_158500600053___mahesh_a_chodankar_69_fps.json,0.0,0.0,0.0,0.0,0.0,0.0,0.0,0.0,0.0,0.0,0.0,0.0,0.0,0.0,0.0,0.0
2026,Mar,GOA,north_goa,158500600053,MAHESH A CHODANKAR-69 FPS,0,0,0,0,0.0,0.0,0.0,True,True,data/raw\2026-03\north_goa\158500600053_mahesh_a_chodankar_69_fps.json,9.0,0.0,0.0,9.0,2.0,0.0,0.0,2.0,9.0,0.0,0.0,9.0,2.0,0.0,0.0,2.0
2026,Mar,GOA,north_goa,158500600063,,0,0,0,0,0.0,0.0,0.0,True,True,data/raw\2026-03\north_goa\158500600063_158500600063___sujay_vasant_naik_77_fps.json,0.0,0.0,0.0,0.0,0.0,0.0,0.0,0.0,0.0,0.0,0.0,0.0,0.0,0.0,0.0,0.0
2026,Mar,GOA,north_goa,158500600063,SUJAY VASANT NAIK-77 FPS,0,0,0,0,0.0,0.0,0.0,True,True,data/raw\2026-03\north_goa\158500600063_sujay_vasant_naik_77_fps.json,0.0,8.0,0.0,8.0,0.0,0.0,0.0,0.0,0.0,8.0,0.0,8.0,0.0,0.0,0.0,0.0
2026,Mar,GOA,north_goa,158500600065,,0,0,0,0,0.0,0.0,0.0,True,True,data/raw\2026-03\north_goa\158500600065_158500600065___shri_ganesh_66_fps.json,0.0,0.0,0.0,0.0,0.0,0.0,0.0,0.0,0.0,0.0,0.0,0.0,0.0,0.0,0.0,0.0
2026,Mar,GOA,north_goa,158500600065,SHRI GANESH-66 FPS,0,0,0,0,0.0,0.0,0.0,True,True,data/raw\2026-03\north_goa\158500600065_shri_ganesh_66_fps.json,137.0,98.0,29.0,264.0,2.0,2.0,6.0,10.0,137.0,98.0,29.0,264.0,2.0,2.0,6.0,10.0
2026,Mar,GOA,north_goa,158500600066,,0,0,0,0,0.0,0.0,0.0,True,True,data/raw\2026-03\north_goa\158500600066_158500600066___subij_dattaram_parulekar_14_fps.json,0.0,0.0,0.0,0.0,0.0,0.0,0.0,0.0,0.0,0.0,0.0,0.0,0.0,0.0,0.0,0.0
2026,Mar,GOA,north_goa,158500600066,SUBIJ DATTARAM PARULEKAR-14 FPS,0,0,0,0,0.0,0.0,0.0,True,True,data/raw\2026-03\north_goa\158500600066_subij_dattaram_parulekar_14_fps.json,167.0,4.0,4.0,175.0,6.0,0.0,2.0,8.0,167.0,4.0,4.0,175.0,6.0,0.0,2.0,8.0
2026,Mar,GOA,north_goa,158500600067,,0,0,0,0,0.0,0.0,0.0,True,True,data/raw\2026-03\north_goa\158500600067_158500600067___pushpa_r_naik_18_fps.json,0.0,0.0,0.0,0.0,0.0,0.0,0.0,0.0,0.0,0.0,0.0,0.0,0.0,0.0,0.0,0.0
2026,Mar,GOA,north_goa,158500600067,PUSHPA R NAIK-18 FPS,0,0,0,0,0.0,0.0,0.0,True,True,data/raw\2026-03\north_goa\158500600067_pushpa_r_naik_18_fps.json,23.0,3.0,0.0,26.0,0.0,0.0,0.0,0.0,23.0,3.0,0.0,26.0,0.0,0.0,0.0,0.0
2026,Mar,GOA,north_goa,158500600068,,0,0,0,0,0.0,0.0,0.0,True,True,data/raw\2026-03\north_goa\158500600068_158500600068___a_n_govenkar_21_fps.json,0.0,0.0,0.0,0.0,0.0,0.0,0.0,0.0,0.0,0.0,0.0,0.0,0.0,0.0,0.0,0.0
2026,Mar,GOA,north_goa,158500600068,A N GOVENKAR-21 FPS,0,0,0,0,0.0,0.0,0.0,True,True,data/raw\2026-03\north_goa\158500600068_a_n_govenkar_21_fps.json,18.0,30.0,6.0,54.0,2.0,6.0,2.0,10.0,18.0,30.0,6.0,54.0,2.0,6.0,2.0,10.0
2026,Mar,GOA,north_goa,158500600069,,0,0,0,0,0.0,0.0,0.0,True,True,data/raw\2026-03\north_goa\158500600069_158500600069___suresh_v_borkar_26_fps.json,0.0,0.0,0.0,0.0,0.0,0.0,0.0,0.0,0.0,0.0,0.0,0.0,0.0,0.0,0.0,0.0
2026,Mar,GOA,north_goa,158500600069,SURESH V BORKAR-26 FPS,0,0,0,0,0.0,0.0,0.0,True,True,data/raw\2026-03\north_goa\158500600069_suresh_v_borkar_26_fps.json,84.0,3.0,0.0,87.0,11.0,0.0,0.0,11.0,84.0,3.0,0.0,87.0,11.0,0.0,0.0,11.0
2026,Mar,GOA,north_goa,158500600070,,0,0,0,0,0.0,0.0,0.0,True,True,data/raw\2026-03\north_goa\158500600070_158500600070___priyanka_pandurang_shet_27_fps.json,0.0,0.0,0.0,0.0,0.0,0.0,0.0,0.0,0.0,0.0,0.0,0.0,0.0,0.0,0.0,0.0
2026,Mar,GOA,north_goa,158500600070,PRIYANKA PANDURANG SHET-27 FPS,0,0,0,0,0.0,0.0,0.0,True,True,data/raw\2026-03\north_goa\158500600070_priyanka_pandurang_shet_27_fps.json,266.0,1.0,0.0,267.0,9.0,0.0,0.0,9.0,266.0,1.0,0.0,267.0,9.0,0.0,0.0,9.0
2026,Mar,GOA,north_goa,158500600071,,0,0,0,0,0.0,0.0,0.0,True,True,data/raw\2026-03\north_goa\158500600071_158500600071___shetkari_adarsh_v_k_s_s_sty_29_fps.json,0.0,0.0,0.0,0.0,0.0,0.0,0.0,0.0,0.0,0.0,0.0,0.0,0.0,0.0,0.0,0.0
2026,Mar,GOA,north_goa,158500600071,SHETKARI ADARSH V K S S STY-29 FPS,0,0,0,0,0.0,0.0,0.0,True,True,data/raw\2026-03\north_goa\158500600071_shetkari_adarsh_v_k_s_s_sty_29_fps.json,189.0,1.0,0.0,190.0,45.0,0.0,0.0,45.0,189.0,1.0,0.0,190.0,45.0,0.0,0.0,45.0
2026,Mar,GOA,north_goa,158500600072,,0,0,0,0,0.0,0.0,0.0,True,True,data/raw\2026-03\north_goa\158500600072_158500600072___p_p_karapurkar_35_fps.json,0.0,0.0,0.0,0.0,0.0,0.0,0.0,0.0,0.0,0.0,0.0,0.0,0.0,0.0,0.0,0.0
2026,Mar,GOA,north_goa,158500600072,P P KARAPURKAR-35 FPS,0,0,0,0,0.0,0.0,0.0,True,True,data/raw\2026-03\north_goa\158500600072_p_p_karapurkar_35_fps.json,97.0,1.0,3.0,101.0,23.0,0.0,1.0,24.0,97.0,1.0,3.0,101.0,23.0,0.0,1.0,24.0
2026,Mar,GOA,north_goa,158500600073,,0,0,0,0,0.0,0.0,0.0,True,True,data/raw\2026-03\north_goa\158500600073_158500600073___vivina_vinod_madkaikar__36_fps.json,0.0,0.0,0.0,0.0,0.0,0.0,0.0,0.0,0.0,0.0,0.0,0.0,0.0,0.0,0.0,0.0
2026,Mar,GOA,north_goa,158500600073,Vivina Vinod Madkaikar -36 FPS,0,0,0,0,0.0,0.0,0.0,True,True,data/raw\2026-03\north_goa\158500600073_vivina_vinod_madkaikar__36_fps.json,48.0,0.0,0.0,48.0,1.0,0.0,0.0,1.0,48.0,0.0,0.0,48.0,1.0,0.0,0.0,1.0
2026,Mar,GOA,north_goa,158500600074,,0,0,0,0,0.0,0.0,0.0,True,True,data/raw\2026-03\north_goa\158500600074_158500600074___vrunda_naik_42_fps.json,0.0,0.0,0.0,0.0,0.0,0.0,0.0,0.0,0.0,0.0,0.0,0.0,0.0,0.0,0.0,0.0
2026,Mar,GOA,north_goa,158500600074,VRUNDA NAIK-42 FPS,0,0,0,0,0.0,0.0,0.0,True,True,data/raw\2026-03\north_goa\158500600074_vrunda_naik_42_fps.json,42.0,51.0,4.0,97.0,1.0,2.0,0.0,3.0,42.0,51.0,4.0,97.0,1.0,2.0,0.0,3.0
2026,Mar,GOA,north_goa,158500600075,,0,0,0,0,0.0,0.0,0.0,True,True,data/raw\2026-03\north_goa\158500600075_158500600075___shri__prajay_alias_ramrai_p__naik_40_fps.json,0.0,0.0,0.0,0.0,0.0,0.0,0.0,0.0,0.0,0.0,0.0,0.0,0.0,0.0,0.0,0.0
2026,Mar,GOA,north_goa,158500600075,SHRI. PRAJAY ALIAS RAMRAI P. NAIK-40 FPS,0,0,0,0,0.0,0.0,0.0,True,True,data/raw\2026-03\north_goa\158500600075_shri__prajay_alias_ramrai_p__naik_40_fps.json,170.0,2.0,16.0,188.0,17.0,0.0,1.0,18.0,170.0,2.0,16.0,188.0,17.0,0.0,1.0,18.0
2026,Mar,GOA,north_goa,158500600076,,0,0,0,0,0.0,0.0,0.0,True,True,data/raw\2026-03\north_goa\158500600076_158500600076___namdev_k__naik_49_fps.json,0.0,0.0,0.0,0.0,0.0,0.0,0.0,0.0,0.0,0.0,0.0,0.0,0.0,0.0,0.0,0.0
2026,Mar,GOA,north_goa,158500600076,NAMDEV K .NAIK-49 FPS,0,0,0,0,0.0,0.0,0.0,True,True,data/raw\2026-03\north_goa\158500600076_namdev_k__naik_49_fps.json,111.0,39.0,28.0,178.0,18.0,6.0,1.0,25.0,111.0,39.0,28.0,178.0,18.0,6.0,1.0,25.0
2026,Mar,GOA,north_goa,158500600077,,0,0,0,0,0.0,0.0,0.0,True,True,data/raw\2026-03\north_goa\158500600077_158500600077___ramita_ashok_shirodkar_50_fps.json,0.0,0.0,0.0,0.0,0.0,0.0,0.0,0.0,0.0,0.0,0.0,0.0,0.0,0.0,0.0,0.0
2026,Mar,GOA,north_goa,158500600077,RAMITA ASHOK SHIRODKAR-50 FPS,0,0,0,0,0.0,0.0,0.0,True,True,data/raw\2026-03\north_goa\158500600077_ramita_ashok_shirodkar_50_fps.json,207.0,1.0,0.0,208.0,4.0,0.0,0.0,4.0,207.0,1.0,0.0,208.0,4.0,0.0,0.0,4.0
2026,Mar,GOA,north_goa,158500600078,,0,0,0,0,0.0,0.0,0.0,True,True,data/raw\2026-03\north_goa\158500600078_158500600078___gomati_p__naik_60_fps.json,0.0,0.0,0.0,0.0,0.0,0.0,0.0,0.0,0.0,0.0,0.0,0.0,0.0,0.0,0.0,0.0
2026,Mar,GOA,north_goa,158500600078,GOMATI P. NAIK-60 FPS,0,0,0,0,0.0,0.0,0.0,True,True,data/raw\2026-03\north_goa\158500600078_gomati_p__naik_60_fps.json,37.0,0.0,0.0,37.0,10.0,0.0,0.0,10.0,37.0,0.0,0.0,37.0,10.0,0.0,0.0,10.0
2026,Mar,GOA,north_goa,158500600079,,0,0,0,0,0.0,0.0,0.0,True,True,data/raw\2026-03\north_goa\158500600079_158500600079___judith_vaz_64_fps.json,0.0,0.0,0.0,0.0,0.0,0.0,0.0,0.0,0.0,0.0,0.0,0.0,0.0,0.0,0.0,0.0
2026,Mar,GOA,north_goa,158500600079,JUDITH VAZ-64 FPS,0,0,0,0,0.0,0.0,0.0,True,True,data/raw\2026-03\north_goa\158500600079_judith_vaz_64_fps.json,84.0,6.0,0.0,90.0,2.0,0.0,0.0,2.0,84.0,6.0,0.0,90.0,2.0,0.0,0.0,2.0
2026,Mar,GOA,north_goa,158500600080,,0,0,0,0,0.0,0.0,0.0,True,True,data/raw\2026-03\north_goa\158500600080_158500600080___piedade_service_co_op_society_pvt_ltd_22_fps.json,0.0,0.0,0.0,0.0,0.0,0.0,0.0,0.0,0.0,0.0,0.0,0.0,0.0,0.0,0.0,0.0
2026,Mar,GOA,north_goa,158500600080,PIEDADE SERVICE CO OP SOCIETY PVT LTD-22 FPS,0,0,0,0,0.0,0.0,0.0,True,True,data/raw\2026-03\north_goa\158500600080_piedade_service_co_op_society_pvt_ltd_22_fps.json,157.0,4.0,6.0,167.0,22.0,0.0,0.0,22.0,157.0,4.0,6.0,167.0,22.0,0.0,0.0,22.0
2026,Mar,GOA,north_goa,158500600081,,0,0,0,0,0.0,0.0,0.0,True,True,data/raw\2026-03\north_goa\158500600081_158500600081___venkatesh_a_sawant_23_fps.json,0.0,0.0,0.0,0.0,0.0,0.0,0.0,0.0,0.0,0.0,0.0,0.0,0.0,0.0,0.0,0.0
2026,Mar,GOA,north_goa,158500600081,VENKATESH A SAWANT-23 FPS,0,0,0,0,0.0,0.0,0.0,True,True,data/raw\2026-03\north_goa\158500600081_venkatesh_a_sawant_23_fps.json,142.0,0.0,0.0,142.0,21.0,0.0,0.0,21.0,142.0,0.0,0.0,142.0,21.0,0.0,0.0,21.0
2026,Mar,GOA,north_goa,158500600082,,0,0,0,0,0.0,0.0,0.0,True,True,data/raw\2026-03\north_goa\158500600082_158500600082___ajay_a_pai_28_fps.json,0.0,0.0,0.0,0.0,0.0,0.0,0.0,0.0,0.0,0.0,0.0,0.0,0.0,0.0,0.0,0.0
2026,Mar,GOA,north_goa,158500600082,AJAY A PAI-28 FPS,0,0,0,0,0.0,0.0,0.0,True,True,data/raw\2026-03\north_goa\158500600082_ajay_a_pai_28_fps.json,77.0,1.0,0.0,78.0,1.0,0.0,0.0,1.0,77.0,1.0,0.0,78.0,1.0,0.0,0.0,1.0
2026,Mar,GOA,north_goa,158500600083,,0,0,0,0,0.0,0.0,0.0,True,True,data/raw\2026-03\north_goa\158500600083_158500600083___smt__roshan_v__natekar_37_fps.json,0.0,0.0,0.0,0.0,0.0,0.0,0.0,0.0,0.0,0.0,0.0,0.0,0.0,0.0,0.0,0.0
2026,Mar,GOA,north_goa,158500600083,Smt. Roshan V. Natekar-37 FPS,0,0,0,0,0.0,0.0,0.0,True,True,data/raw\2026-03\north_goa\158500600083_smt__roshan_v__natekar_37_fps.json,27.0,4.0,3.0,34.0,2.0,0.0,0.0,2.0,27.0,4.0,3.0,34.0,2.0,0.0,0.0,2.0
2026,Mar,GOA,north_goa,158500600084,,0,0,0,0,0.0,0.0,0.0,True,True,data/raw\2026-03\north_goa\158500600084_158500600084___damodar_r_hoble_4_fps.json,0.0,0.0,0.0,0.0,0.0,0.0,0.0,0.0,0.0,0.0,0.0,0.0,0.0,0.0,0.0,0.0
2026,Mar,GOA,north_goa,158500600084,DAMODAR R HOBLE-4 FPS,0,0,0,0,0.0,0.0,0.0,True,True,data/raw\2026-03\north_goa\158500600084_damodar_r_hoble_4_fps.json,35.0,0.0,5.0,40.0,2.0,0.0,0.0,2.0,35.0,0.0,5.0,40.0,2.0,0.0,0.0,2.0
2026,Mar,GOA,north_goa,158500600086,,0,0,0,0,0.0,0.0,0.0,True,True,data/raw\2026-03\north_goa\158500600086_158500600086___reena_pilankar_8_fps.json,0.0,0.0,0.0,0.0,0.0,0.0,0.0,0.0,0.0,0.0,0.0,0.0,0.0,0.0,0.0,0.0
2026,Mar,GOA,north_goa,158500600086,REENA PILANKAR-8 FPS,0,0,0,0,0.0,0.0,0.0,True,True,data/raw\2026-03\north_goa\158500600086_reena_pilankar_8_fps.json,8.0,17.0,48.0,73.0,0.0,0.0,7.0,7.0,8.0,17.0,48.0,73.0,0.0,0.0,7.0,7.0
2026,Mar,GOA,north_goa,158500600087,,0,0,0,0,0.0,0.0,0.0,True,True,data/raw\2026-03\north_goa\158500600087_158500600087___janata_consumer_co_op_sty_9_fps.json,0.0,0.0,0.0,0.0,0.0,0.0,0.0,0.0,0.0,0.0,0.0,0.0,0.0,0.0,0.0,0.0
2026,Mar,GOA,north_goa,158500600087,JANATA CONSUMER CO OP STY-9 FPS,0,0,0,0,0.0,0.0,0.0,True,True,data/raw\2026-03\north_goa\158500600087_janata_consumer_co_op_sty_9_fps.json,34.0,0.0,7.0,41.0,3.0,0.0,0.0,3.0,34.0,0.0,7.0,41.0,3.0,0.0,0.0,3.0
2026,Mar,GOA,north_goa,158500600088,,0,0,0,0,0.0,0.0,0.0,True,True,data/raw\2026-03\north_goa\158500600088_158500600088___krishna_v_kudnekar_10_fps.json,0.0,0.0,0.0,0.0,0.0,0.0,0.0,0.0,0.0,0.0,0.0,0.0,0.0,0.0,0.0,0.0
2026,Mar,GOA,north_goa,158500600088,KRISHNA V KUDNEKAR-10 FPS,0,0,0,0,0.0,0.0,0.0,True,True,data/raw\2026-03\north_goa\158500600088_krishna_v_kudnekar_10_fps.json,85.0,1.0,52.0,138.0,0.0,0.0,4.0,4.0,85.0,1.0,52.0,138.0,0.0,0.0,4.0,4.0
2026,Mar,GOA,north_goa,158500600090,,0,0,0,0,0.0,0.0,0.0,True,True,data/raw\2026-03\north_goa\158500600090_158500600090___lavu_raghuvir_hoble_15_fps.json,0.0,0.0,0.0,0.0,0.0,0.0,0.0,0.0,0.0,0.0,0.0,0.0,0.0,0.0,0.0,0.0
2026,Mar,GOA,north_goa,158500600090,LAVU RAGHUVIR HOBLE-15 FPS,0,0,0,0,0.0,0.0,0.0,True,True,data/raw\2026-03\north_goa\158500600090_lavu_raghuvir_hoble_15_fps.json,48.0,7.0,0.0,55.0,5.0,0.0,0.0,5.0,48.0,7.0,0.0,55.0,5.0,0.0,0.0,5.0
2026,Mar,GOA,north_goa,158500600091,,0,0,0,0,0.0,0.0,0.0,True,True,data/raw\2026-03\north_goa\158500600091_158500600091___rukma_r_p_mhambrey_13_fps.json,0.0,0.0,0.0,0.0,0.0,0.0,0.0,0.0,0.0,0.0,0.0,0.0,0.0,0.0,0.0,0.0
2026,Mar,GOA,north_goa,158500600091,RUKMA R.P MHAMBREY-13 FPS,0,0,0,0,0.0,0.0,0.0,True,True,data/raw\2026-03\north_goa\158500600091_rukma_r_p_mhambrey_13_fps.json,95.0,2.0,4.0,101.0,3.0,0.0,0.0,3.0,95.0,2.0,4.0,101.0,3.0,0.0,0.0,3.0
2026,Mar,GOA,north_goa,158500600092,,0,0,0,0,0.0,0.0,0.0,True,True,data/raw\2026-03\north_goa\158500600092_158500600092___radhakrishna_stores_16_fps.json,0.0,0.0,0.0,0.0,0.0,0.0,0.0,0.0,0.0,0.0,0.0,0.0,0.0,0.0,0.0,0.0
2026,Mar,GOA,north_goa,158500600092,RADHAKRISHNA STORES-16 FPS,0,0,0,0,0.0,0.0,0.0,True,True,data/raw\2026-03\north_goa\158500600092_radhakrishna_stores_16_fps.json,249.0,8.0,28.0,285.0,16.0,0.0,3.0,19.0,249.0,8.0,28.0,285.0,16.0,0.0,3.0,19.0
2026,Mar,GOA,north_goa,158500600093,,0,0,0,0,0.0,0.0,0.0,True,True,data/raw\2026-03\north_goa\158500600093_158500600093___sandeep_s_bhonsule_17_fps.json,0.0,0.0,0.0,0.0,0.0,0.0,0.0,0.0,0.0,0.0,0.0,0.0,0.0,0.0,0.0,0.0
2026,Mar,GOA,north_goa,158500600093,SANDEEP S BHONSULE-17 FPS,0,0,0,0,0.0,0.0,0.0,True,True,data/raw\2026-03\north_goa\158500600093_sandeep_s_bhonsule_17_fps.json,39.0,17.0,0.0,56.0,5.0,0.0,0.0,5.0,39.0,17.0,0.0,56.0,5.0,0.0,0.0,5.0
2026,Mar,GOA,north_goa,158500600094,,0,0,0,0,0.0,0.0,0.0,True,True,data/raw\2026-03\north_goa\158500600094_158500600094___nilkanth_p_palekar_19_fps.json,0.0,0.0,0.0,0.0,0.0,0.0,0.0,0.0,0.0,0.0,0.0,0.0,0.0,0.0,0.0,0.0
2026,Mar,GOA,north_goa,158500600094,NILKANTH P PALEKAR-19 FPS,0,0,0,0,0.0,0.0,0.0,True,True,data/raw\2026-03\north_goa\158500600094_nilkanth_p_palekar_19_fps.json,161.0,13.0,160.0,334.0,3.0,0.0,21.0,24.0,161.0,13.0,160.0,334.0,3.0,0.0,21.0,24.0
2026,Mar,GOA,north_goa,158500600095,,0,0,0,0,0.0,0.0,0.0,True,True,data/raw\2026-03\north_goa\158500600095_158500600095___vasudev_v_kamat_30_fps.json,0.0,0.0,0.0,0.0,0.0,0.0,0.0,0.0,0.0,0.0,0.0,0.0,0.0,0.0,0.0,0.0
2026,Mar,GOA,north_goa,158500600095,VASUDEV V KAMAT-30 FPS,0,0,0,0,0.0,0.0,0.0,True,True,data/raw\2026-03\north_goa\158500600095_vasudev_v_kamat_30_fps.json,96.0,0.0,1.0,97.0,18.0,0.0,3.0,21.0,96.0,0.0,1.0,97.0,18.0,0.0,3.0,21.0
2026,Mar,GOA,north_goa,158500600096,,0,0,0,0,0.0,0.0,0.0,True,True,data/raw\2026-03\north_goa\158500600096_158500600096___naresh_v_shirodkar_31_fps.json,0.0,0.0,0.0,0.0,0.0,0.0,0.0,0.0,0.0,0.0,0.0,0.0,0.0,0.0,0.0,0.0
2026,Mar,GOA,north_goa,158500600096,NARESH V SHIRODKAR-31 FPS,0,0,0,0,0.0,0.0,0.0,True,True,data/raw\2026-03\north_goa\158500600096_naresh_v_shirodkar_31_fps.json,54.0,0.0,0.0,54.0,4.0,0.0,0.0,4.0,54.0,0.0,0.0,54.0,4.0,0.0,0.0,4.0
2026,Mar,GOA,north_goa,158500600097,,0,0,0,0,0.0,0.0,0.0,True,True,data/raw\2026-03\north_goa\158500600097_158500600097___r_m_dhond_32_fps.json,0.0,0.0,0.0,0.0,0.0,0.0,0.0,0.0,0.0,0.0,0.0,0.0,0.0,0.0,0.0,0.0
2026,Mar,GOA,north_goa,158500600097,R M DHOND-32 FPS,0,0,0,0,0.0,0.0,0.0,True,True,data/raw\2026-03\north_goa\158500600097_r_m_dhond_32_fps.json,18.0,0.0,0.0,18.0,1.0,0.0,0.0,1.0,18.0,0.0,0.0,18.0,1.0,0.0,0.0,1.0
2026,Mar,GOA,north_goa,158500600098,,0,0,0,0,0.0,0.0,0.0,True,True,data/raw\2026-03\north_goa\158500600098_158500600098___gulabi_prabhakar_naik_33_fps.json,0.0,0.0,0.0,0.0,0.0,0.0,0.0,0.0,0.0,0.0,0.0,0.0,0.0,0.0,0.0,0.0
2026,Mar,GOA,north_goa,158500600098,GULABI PRABHAKAR NAIK-33 FPS,0,0,0,0,0.0,0.0,0.0,True,True,data/raw\2026-03\north_goa\158500600098_gulabi_prabhakar_naik_33_fps.json,82.0,1.0,0.0,83.0,2.0,0.0,0.0,2.0,82.0,1.0,0.0,83.0,2.0,0.0,0.0,2.0
2026,Mar,GOA,north_goa,158500600100,,0,0,0,0,0.0,0.0,0.0,True,True,data/raw\2026-03\north_goa\158500600100_158500600100___r_k_bandodkar_41_fps.json,0.0,0.0,0.0,0.0,0.0,0.0,0.0,0.0,0.0,0.0,0.0,0.0,0.0,0.0,0.0,0.0
2026,Mar,GOA,north_goa,158500600100,R K BANDODKAR-41 FPS,0,0,0,0,0.0,0.0,0.0,True,True,data/raw\2026-03\north_goa\158500600100_r_k_bandodkar_41_fps.json,90.0,3.0,2.0,95.0,3.0,0.0,1.0,4.0,90.0,3.0,2.0,95.0,3.0,0.0,1.0,4.0
2026,Mar,GOA,north_goa,158500600102,,0,0,0,0,0.0,0.0,0.0,True,True,data/raw\2026-03\north_goa\158500600102_158500600102___s_s_vaingankar_53_fps.json,0.0,0.0,0.0,0.0,0.0,0.0,0.0,0.0,0.0,0.0,0.0,0.0,0.0,0.0,0.0,0.0
2026,Mar,GOA,north_goa,158500600102,S S VAINGANKAR-53 FPS,0,0,0,0,0.0,0.0,0.0,True,True,data/raw\2026-03\north_goa\158500600102_s_s_vaingankar_53_fps.json,15.0,0.0,3.0,18.0,0.0,0.0,0.0,0.0,15.0,0.0,3.0,18.0,0.0,0.0,0.0,0.0
2026,Mar,GOA,north_goa,158500600105,,0,0,0,0,0.0,0.0,0.0,True,True,data/raw\2026-03\north_goa\158500600105_158500600105___prakash_u_naik_75_fps.json,0.0,0.0,0.0,0.0,0.0,0.0,0.0,0.0,0.0,0.0,0.0,0.0,0.0,0.0,0.0,0.0
2026,Mar,GOA,north_goa,158500600105,PRAKASH U NAIK-75 FPS,0,0,0,0,0.0,0.0,0.0,True,True,data/raw\2026-03\north_goa\158500600105_prakash_u_naik_75_fps.json,0.0,8.0,0.0,8.0,0.0,0.0,0.0,0.0,0.0,8.0,0.0,8.0,0.0,0.0,0.0,0.0
2026,Mar,GOA,north_goa,158500600107,,0,0,0,0,0.0,0.0,0.0,True,True,data/raw\2026-03\north_goa\158500600107_158500600107___aqshi_v_k_s_sty_20_fps.json,0.0,0.0,0.0,0.0,0.0,0.0,0.0,0.0,0.0,0.0,0.0,0.0,0.0,0.0,0.0,0.0
2026,Mar,GOA,north_goa,158500600107,AQSHI V K S STY-20 FPS,0,0,0,0,0.0,0.0,0.0,True,True,data/raw\2026-03\north_goa\158500600107_aqshi_v_k_s_sty_20_fps.json,137.0,0.0,26.0,163.0,13.0,0.0,2.0,15.0,137.0,0.0,26.0,163.0,13.0,0.0,2.0,15.0
2026,Mar,GOA,north_goa,158500600549,,0,0,0,0,0.0,0.0,0.0,True,True,data/raw\2026-03\north_goa\158500600549_158500600549___ulhas_p_palekar_59_fps.json,0.0,0.0,0.0,0.0,0.0,0.0,0.0,0.0,0.0,0.0,0.0,0.0,0.0,0.0,0.0,0.0
2026,Mar,GOA,north_goa,158500600549,ULHAS P PALEKAR-59 FPS,0,0,0,0,0.0,0.0,0.0,True,True,data/raw\2026-03\north_goa\158500600549_ulhas_p_palekar_59_fps.json,22.0,0.0,0.0,22.0,0.0,0.0,0.0,0.0,22.0,0.0,0.0,22.0,0.0,0.0,0.0,0.0
2026,Mar,GOA,north_goa,158500600551,,0,0,0,0,0.0,0.0,0.0,True,True,data/raw\2026-03\north_goa\158500600551_158500600551___shelly_fernandes_25_fps.json,0.0,0.0,0.0,0.0,0.0,0.0,0.0,0.0,0.0,0.0,0.0,0.0,0.0,0.0,0.0,0.0
2026,Mar,GOA,north_goa,158500600551,SHELLY FERNANDES-25 FPS,0,0,0,0,0.0,0.0,0.0,True,True,data/raw\2026-03\north_goa\158500600551_shelly_fernandes_25_fps.json,163.0,3.0,1.0,167.0,8.0,0.0,0.0,8.0,163.0,3.0,1.0,167.0,8.0,0.0,0.0,8.0
2026,Mar,GOA,north_goa,"Antyodaya Anna Yojana (AAY) 1,15,92,332 15,68,321 83,582 1,32,44,235",unknown,0,0,0,0,0.0,0.0,0.0,True,True,"data/raw\2026-03\north_goa\Antyodaya Anna Yojana (AAY) 1,15,92,332 15,68,321 83,582 1,32,44,235_unknown.json",0.0,0.0,0.0,0.0,0.0,0.0,0.0,0.0,0.0,0.0,0.0,0.0,0.0,0.0,0.0,0.0
2026,Mar,GOA,north_goa,"Antyodaya Anna Yojana (AAY) 1,18,17,748 15,76,174 89,284 1,34,83,206",unknown,0,0,0,0,0.0,0.0,0.0,True,True,"data/raw\2026-03\north_goa\Antyodaya Anna Yojana (AAY) 1,18,17,748 15,76,174 89,284 1,34,83,206_unknown.json",0.0,0.0,0.0,0.0,0.0,0.0,0.0,0.0,0.0,0.0,0.0,0.0,0.0,0.0,0.0,0.0
2026,Mar,GOA,north_goa,"Antyodaya Anna Yojana (AAY) 2,29,19,993 7,75,03,439 2,28,59,460 7,66,92,388",unknown,0,0,0,0,0.0,0.0,0.0,True,True,"data/raw\2026-03\north_goa\Antyodaya Anna Yojana (AAY) 2,29,19,993 7,75,03,439 2,28,59,460 7,66,92,388_unknown.json",0.0,0.0,0.0,0.0,0.0,0.0,0.0,0.0,0.0,0.0,0.0,0.0,0.0,0.0,0.0,0.0
2026,Mar,GOA,north_goa,A,unknown,0,0,0,0,0.0,0.0,0.0,True,True,data/raw\2026-03\north_goa\A_unknown.json,0.0,0.0,0.0,0.0,0.0,0.0,0.0,0.0,0.0,0.0,0.0,0.0,0.0,0.0,0.0,0.0
2026,Mar,GOA,north_goa,"Coarse Grains 1,21,350.518 11,410.042 0 1,32,760.56",unknown,0,0,0,0,0.0,0.0,0.0,True,True,"data/raw\2026-03\north_goa\Coarse Grains 1,21,350.518 11,410.042 0 1,32,760.56_unknown.json",0.0,0.0,0.0,0.0,0.0,0.0,0.0,0.0,0.0,0.0,0.0,0.0,0.0,0.0,0.0,0.0
2026,Mar,GOA,north_goa,DASHBOARD,unknown,0,0,0,0,0.0,0.0,0.0,True,True,data/raw\2026-03\north_goa\DASHBOARD_unknown.json,0.0,0.0,0.0,0.0,0.0,0.0,0.0,0.0,0.0,0.0,0.0,0.0,0.0,0.0,0.0,0.0
2026,Mar,GOA,north_goa,"Fortified Rice 10,49,222.267 2,25,455.534 4,534.086 12,79,211.887",unknown,0,0,0,0,0.0,0.0,0.0,True,True,"data/raw\2026-03\north_goa\Fortified Rice 10,49,222.267 2,25,455.534 4,534.086 12,79,211.887_unknown.json",0.0,0.0,0.0,0.0,0.0,0.0,0.0,0.0,0.0,0.0,0.0,0.0,0.0,0.0,0.0,0.0
2026,Mar,GOA,north_goa,FPS Id,,0,0,0,0,0.0,0.0,0.0,True,True,data/raw\2026-03\north_goa\FPS Id_fps_id_______________________________________________________158500100001.json,0.0,0.0,0.0,0.0,0.0,0.0,0.0,0.0,0.0,0.0,0.0,0.0,0.0,0.0,0.0,0.0
2026,Mar,GOA,north_goa,July-2026,unknown,0,0,0,0,0.0,0.0,0.0,True,True,data/raw\2026-03\north_goa\July-2026_unknown.json,0.0,0.0,0.0,0.0,0.0,0.0,0.0,0.0,0.0,0.0,0.0,0.0,0.0,0.0,0.0,0.0
2026,Mar,GOA,north_goa,"Priority Household (PHH) 18,25,28,419 71,70,54,094 18,20,14,722 71,02,18,486",unknown,0,0,0,0,0.0,0.0,0.0,True,True,"data/raw\2026-03\north_goa\Priority Household (PHH) 18,25,28,419 71,70,54,094 18,20,14,722 71,02,18,486_unknown.json",0.0,0.0,0.0,0.0,0.0,0.0,0.0,0.0,0.0,0.0,0.0,0.0,0.0,0.0,0.0,0.0
2026,Mar,GOA,north_goa,"Priority Household (PHH) 7,81,17,016 1,66,33,747 7,74,378 9,55,25,141",unknown,0,0,0,0,0.0,0.0,0.0,True,True,"data/raw\2026-03\north_goa\Priority Household (PHH) 7,81,17,016 1,66,33,747 7,74,378 9,55,25,141_unknown.json",0.0,0.0,0.0,0.0,0.0,0.0,0.0,0.0,0.0,0.0,0.0,0.0,0.0,0.0,0.0,0.0
2026,Mar,GOA,north_goa,"Priority Household (PHH) 7,91,04,220 1,66,81,192 8,07,264 9,65,92,676",unknown,0,0,0,0,0.0,0.0,0.0,True,True,"data/raw\2026-03\north_goa\Priority Household (PHH) 7,91,04,220 1,66,81,192 8,07,264 9,65,92,676_unknown.json",0.0,0.0,0.0,0.0,0.0,0.0,0.0,0.0,0.0,0.0,0.0,0.0,0.0,0.0,0.0,0.0
2026,Mar,GOA,north_goa,"Rice 1,50,016.753 8,526.182 67.775 1,58,610.71",unknown,0,0,0,0,0.0,0.0,0.0,True,True,"data/raw\2026-03\north_goa\Rice 1,50,016.753 8,526.182 67.775 1,58,610.71_unknown.json",0.0,0.0,0.0,0.0,0.0,0.0,0.0,0.0,0.0,0.0,0.0,0.0,0.0,0.0,0.0,0.0
2026,Mar,GOA,north_goa,Screen Reader Access,unknown,0,0,0,0,0.0,0.0,0.0,True,True,data/raw\2026-03\north_goa\Screen Reader Access_unknown.json,0.0,0.0,0.0,0.0,0.0,0.0,0.0,0.0,0.0,0.0,0.0,0.0,0.0,0.0,0.0,0.0
2026,Mar,GOA,north_goa,"Total 19,34,203.062 3,78,914.807 18,450.231 23,31,568.1",unknown,0,0,0,0,0.0,0.0,0.0,True,True,"data/raw\2026-03\north_goa\Total 19,34,203.062 3,78,914.807 18,450.231 23,31,568.1_unknown.json",0.0,0.0,0.0,0.0,0.0,0.0,0.0,0.0,0.0,0.0,0.0,0.0,0.0,0.0,0.0,0.0
2026,Mar,GOA,north_goa,"Total 20,54,48,412 79,45,57,533 20,48,74,182 78,69,10,874",unknown,0,0,0,0,0.0,0.0,0.0,True,True,"data/raw\2026-03\north_goa\Total 20,54,48,412 79,45,57,533 20,48,74,182 78,69,10,874_unknown.json",0.0,0.0,0.0,0.0,0.0,0.0,0.0,0.0,0.0,0.0,0.0,0.0,0.0,0.0,0.0,0.0
2026,Mar,GOA,north_goa,"Wheat 6,13,613.524 1,33,523.049 13,848.37 7,60,984.94",unknown,0,0,0,0,0.0,0.0,0.0,True,True,"data/raw\2026-03\north_goa\Wheat 6,13,613.524 1,33,523.049 13,848.37 7,60,984.94_unknown.json",0.0,0.0,0.0,0.0,0.0,0.0,0.0,0.0,0.0,0.0,0.0,0.0,0.0,0.0,0.0,0.0
2026,Mar,GOA,south_goa,158600300002,,0,0,0,0,0.0,0.0,0.0,True,True,data/raw\2026-03\south_goa\158600300002_158600300002___shanti_ashok_devshekhar_51_fps.json,0.0,0.0,0.0,0.0,0.0,0.0,0.0,0.0,0.0,0.0,0.0,0.0,0.0,0.0,0.0,0.0
2026,Mar,GOA,south_goa,158600300002,SHANTI ASHOK DEVSHEKHAR-51 FPS,0,0,0,0,0.0,0.0,0.0,True,True,data/raw\2026-03\south_goa\158600300002_shanti_ashok_devshekhar_51_fps.json,56.0,1.0,1.0,58.0,0.0,0.0,0.0,0.0,56.0,1.0,1.0,58.0,0.0,0.0,0.0,0.0
2026,Mar,GOA,south_goa,158600300003,,0,0,0,0,0.0,0.0,0.0,True,True,data/raw\2026-03\south_goa\158600300003_158600300003___bernardete_gonsalves_48_fps.json,0.0,0.0,0.0,0.0,0.0,0.0,0.0,0.0,0.0,0.0,0.0,0.0,0.0,0.0,0.0,0.0
2026,Mar,GOA,south_goa,158600300003,BERNARDETE GONSALVES-48 FPS,0,0,0,0,0.0,0.0,0.0,True,True,data/raw\2026-03\south_goa\158600300003_bernardete_gonsalves_48_fps.json,207.0,0.0,31.0,238.0,0.0,0.0,8.0,8.0,207.0,0.0,31.0,238.0,0.0,0.0,8.0,8.0
2026,Mar,GOA,south_goa,158600300004,,0,0,0,0,0.0,0.0,0.0,True,True,data/raw\2026-03\south_goa\158600300004_158600300004___santano_gama_34_fps.json,0.0,0.0,0.0,0.0,0.0,0.0,0.0,0.0,0.0,0.0,0.0,0.0,0.0,0.0,0.0,0.0
2026,Mar,GOA,south_goa,158600300004,SANTANO GAMA-34 FPS,0,0,0,0,0.0,0.0,0.0,True,True,data/raw\2026-03\south_goa\158600300004_santano_gama_34_fps.json,179.0,1.0,4.0,184.0,0.0,0.0,0.0,0.0,179.0,1.0,4.0,184.0,0.0,0.0,0.0,0.0
2026,Mar,GOA,south_goa,158600300005,,0,0,0,0,0.0,0.0,0.0,True,True,data/raw\2026-03\south_goa\158600300005_158600300005___jivraj_t_savardekar_31_fps.json,0.0,0.0,0.0,0.0,0.0,0.0,0.0,0.0,0.0,0.0,0.0,0.0,0.0,0.0,0.0,0.0
2026,Mar,GOA,south_goa,158600300005,JIVRAJ T SAVARDEKAR-31 FPS,0,0,0,0,0.0,0.0,0.0,True,True,data/raw\2026-03\south_goa\158600300005_jivraj_t_savardekar_31_fps.json,81.0,0.0,0.0,81.0,0.0,0.0,0.0,0.0,81.0,0.0,0.0,81.0,0.0,0.0,0.0,0.0
2026,Mar,GOA,south_goa,158600300006,,0,0,0,0,0.0,0.0,0.0,True,True,data/raw\2026-03\south_goa\158600300006_158600300006___julia_dias_25_fps.json,0.0,0.0,0.0,0.0,0.0,0.0,0.0,0.0,0.0,0.0,0.0,0.0,0.0,0.0,0.0,0.0
2026,Mar,GOA,south_goa,158600300006,JULIA DIAS-25 FPS,0,0,0,0,0.0,0.0,0.0,True,True,data/raw\2026-03\south_goa\158600300006_julia_dias_25_fps.json,65.0,0.0,0.0,65.0,0.0,0.0,0.0,0.0,65.0,0.0,0.0,65.0,0.0,0.0,0.0,0.0
2026,Mar,GOA,south_goa,158600300007,,0,0,0,0,0.0,0.0,0.0,True,True,data/raw\2026-03\south_goa\158600300007_158600300007___sancoale_chicalim_service_co_operative_society_ltd_17_fps.json,0.0,0.0,0.0,0.0,0.0,0.0,0.0,0.0,0.0,0.0,0.0,0.0,0.0,0.0,0.0,0.0
2026,Mar,GOA,south_goa,158600300007,SANCOALE CHICALIM SERVICE CO OPERATIVE SOCIETY LTD-17 FPS,0,0,0,0,0.0,0.0,0.0,True,True,data/raw\2026-03\south_goa\158600300007_sancoale_chicalim_service_co_operative_society_ltd_17_fps.json,227.0,0.0,0.0,227.0,0.0,0.0,0.0,0.0,227.0,0.0,0.0,227.0,0.0,0.0,0.0,0.0
2026,Mar,GOA,south_goa,158600300008,,0,0,0,0,0.0,0.0,0.0,True,True,data/raw\2026-03\south_goa\158600300008_158600300008___cansaulim_arossim_cuelim_service_co_op_sty_16_fps.json,0.0,0.0,0.0,0.0,0.0,0.0,0.0,0.0,0.0,0.0,0.0,0.0,0.0,0.0,0.0,0.0
2026,Mar,GOA,south_goa,158600300008,"CANSAULIM,AROSSIM,CUELIM SERVICE CO OP STY-16 FPS",0,0,0,0,0.0,0.0,0.0,True,True,data/raw\2026-03\south_goa\158600300008_cansaulim_arossim_cuelim_service_co_op_sty_16_fps.json,175.0,0.0,4.0,179.0,0.0,0.0,4.0,4.0,175.0,0.0,4.0,179.0,0.0,0.0,4.0,4.0
2026,Mar,GOA,south_goa,158600300009,,0,0,0,0,0.0,0.0,0.0,True,True,data/raw\2026-03\south_goa\158600300009_158600300009___sampada_m_p_desai_55_fps.json,0.0,0.0,0.0,0.0,0.0,0.0,0.0,0.0,0.0,0.0,0.0,0.0,0.0,0.0,0.0,0.0
2026,Mar,GOA,south_goa,158600300009,SAMPADA M P DESAI-55 FPS,0,0,0,0,0.0,0.0,0.0,True,True,data/raw\2026-03\south_goa\158600300009_sampada_m_p_desai_55_fps.json,0.0,16.0,2.0,18.0,0.0,0.0,0.0,0.0,0.0,16.0,2.0,18.0,0.0,0.0,0.0,0.0
2026,Mar,GOA,south_goa,158600300010,,0,0,0,0,0.0,0.0,0.0,True,True,data/raw\2026-03\south_goa\158600300010_158600300010___sagar_vengurlekar_54_fps.json,0.0,0.0,0.0,0.0,0.0,0.0,0.0,0.0,0.0,0.0,0.0,0.0,0.0,0.0,0.0,0.0
2026,Mar,GOA,south_goa,158600300010,SAGAR VENGURLEKAR-54 FPS,0,0,0,0,0.0,0.0,0.0,True,True,data/raw\2026-03\south_goa\158600300010_sagar_vengurlekar_54_fps.json,58.0,0.0,6.0,64.0,0.0,0.0,2.0,2.0,58.0,0.0,6.0,64.0,0.0,0.0,2.0,2.0
2026,Mar,GOA,south_goa,158600300011,,0,0,0,0,0.0,0.0,0.0,True,True,data/raw\2026-03\south_goa\158600300011_158600300011___roshan_v_chari_53_fps.json,0.0,0.0,0.0,0.0,0.0,0.0,0.0,0.0,0.0,0.0,0.0,0.0,0.0,0.0,0.0,0.0
2026,Mar,GOA,south_goa,158600300011,ROSHAN V CHARI-53 FPS,0,0,0,0,0.0,0.0,0.0,True,True,data/raw\2026-03\south_goa\158600300011_roshan_v_chari_53_fps.json,41.0,0.0,0.0,41.0,0.0,0.0,0.0,0.0,41.0,0.0,0.0,41.0,0.0,0.0,0.0,0.0
2026,Mar,GOA,south_goa,158600300012,,0,0,0,0,0.0,0.0,0.0,True,True,data/raw\2026-03\south_goa\158600300012_158600300012___chandrashekhar_pednekar_50_fps.json,0.0,0.0,0.0,0.0,0.0,0.0,0.0,0.0,0.0,0.0,0.0,0.0,0.0,0.0,0.0,0.0
2026,Mar,GOA,south_goa,158600300012,CHANDRASHEKHAR PEDNEKAR-50 FPS,0,0,0,0,0.0,0.0,0.0,True,True,data/raw\2026-03\south_goa\158600300012_chandrashekhar_pednekar_50_fps.json,72.0,22.0,22.0,116.0,0.0,0.0,1.0,1.0,72.0,22.0,22.0,116.0,0.0,0.0,1.0,1.0
2026,Mar,GOA,south_goa,158600300013,,0,0,0,0,0.0,0.0,0.0,True,True,data/raw\2026-03\south_goa\158600300013_158600300013___vinayak_devshekar_47_fps.json,0.0,0.0,0.0,0.0,0.0,0.0,0.0,0.0,0.0,0.0,0.0,0.0,0.0,0.0,0.0,0.0
2026,Mar,GOA,south_goa,158600300013,VINAYAK DEVSHEKAR-47 FPS,0,0,0,0,0.0,0.0,0.0,True,True,data/raw\2026-03\south_goa\158600300013_vinayak_devshekar_47_fps.json,75.0,61.0,37.0,173.0,0.0,0.0,7.0,7.0,75.0,61.0,37.0,173.0,0.0,0.0,7.0,7.0
2026,Mar,GOA,south_goa,158600300014,,0,0,0,0,0.0,0.0,0.0,True,True,data/raw\2026-03\south_goa\158600300014_158600300014___prakash_v__naik_46_fps.json,0.0,0.0,0.0,0.0,0.0,0.0,0.0,0.0,0.0,0.0,0.0,0.0,0.0,0.0,0.0,0.0
2026,Mar,GOA,south_goa,158600300014,PRAKASH V. NAIK-46 FPS,0,0,0,0,0.0,0.0,0.0,True,True,data/raw\2026-03\south_goa\158600300014_prakash_v__naik_46_fps.json,4.0,45.0,0.0,49.0,0.0,0.0,0.0,0.0,4.0,45.0,0.0,49.0,0.0,0.0,0.0,0.0
2026,Mar,GOA,south_goa,158600300015,,0,0,0,0,0.0,0.0,0.0,True,True,data/raw\2026-03\south_goa\158600300015_158600300015___devendra_v_shetye_42_fps.json,0.0,0.0,0.0,0.0,0.0,0.0,0.0,0.0,0.0,0.0,0.0,0.0,0.0,0.0,0.0,0.0
2026,Mar,GOA,south_goa,158600300015,DEVENDRA V SHETYE-42 FPS,0,0,0,0,0.0,0.0,0.0,True,True,data/raw\2026-03\south_goa\158600300015_devendra_v_shetye_42_fps.json,62.0,0.0,2.0,64.0,0.0,0.0,0.0,0.0,62.0,0.0,2.0,64.0,0.0,0.0,0.0,0.0
2026,Mar,GOA,south_goa,158600300017,,0,0,0,0,0.0,0.0,0.0,True,True,data/raw\2026-03\south_goa\158600300017_158600300017___sujata_u_shetgaonkar_36_fps.json,0.0,0.0,0.0,0.0,0.0,0.0,0.0,0.0,0.0,0.0,0.0,0.0,0.0,0.0,0.0,0.0
2026,Mar,GOA,south_goa,158600300017,SUJATA U SHETGAONKAR-36 FPS,0,0,0,0,0.0,0.0,0.0,True,True,data/raw\2026-03\south_goa\158600300017_sujata_u_shetgaonkar_36_fps.json,152.0,9.0,32.0,193.0,0.0,0.0,8.0,8.0,152.0,9.0,32.0,193.0,0.0,0.0,8.0,8.0
2026,Mar,GOA,south_goa,158600300018,,0,0,0,0,0.0,0.0,0.0,True,True,data/raw\2026-03\south_goa\158600300018_158600300018___mrs_rohini_r_ghonsekar_33_fps.json,0.0,0.0,0.0,0.0,0.0,0.0,0.0,0.0,0.0,0.0,0.0,0.0,0.0,0.0,0.0,0.0
2026,Mar,GOA,south_goa,158600300018,MRS.ROHINI R GHONSEKAR-33 FPS,0,0,0,0,0.0,0.0,0.0,True,True,data/raw\2026-03\south_goa\158600300018_mrs_rohini_r_ghonsekar_33_fps.json,56.0,32.0,0.0,88.0,0.0,0.0,0.0,0.0,56.0,32.0,0.0,88.0,0.0,0.0,0.0,0.0
2026,Mar,GOA,south_goa,158600300019,,0,0,0,0,0.0,0.0,0.0,True,True,data/raw\2026-03\south_goa\158600300019_158600300019___ramesh_u_redkar_29_fps.json,0.0,0.0,0.0,0.0,0.0,0.0,0.0,0.0,0.0,0.0,0.0,0.0,0.0,0.0,0.0,0.0
2026,Mar,GOA,south_goa,158600300019,RAMESH U REDKAR-29 FPS,0,0,0,0,0.0,0.0,0.0,True,True,data/raw\2026-03\south_goa\158600300019_ramesh_u_redkar_29_fps.json,85.0,0.0,6.0,91.0,0.0,0.0,1.0,1.0,85.0,0.0,6.0,91.0,0.0,0.0,1.0,1.0
2026,Mar,GOA,south_goa,158600300020,,0,0,0,0,0.0,0.0,0.0,True,True,data/raw\2026-03\south_goa\158600300020_158600300020___ramesh_s_mandrekar_28_fps.json,0.0,0.0,0.0,0.0,0.0,0.0,0.0,0.0,0.0,0.0,0.0,0.0,0.0,0.0,0.0,0.0
2026,Mar,GOA,south_goa,158600300020,RAMESH S MANDREKAR-28 FPS,0,0,0,0,0.0,0.0,0.0,True,True,data/raw\2026-03\south_goa\158600300020_ramesh_s_mandrekar_28_fps.json,15.0,0.0,1.0,16.0,0.0,0.0,0.0,0.0,15.0,0.0,1.0,16.0,0.0,0.0,0.0,0.0
2026,Mar,GOA,south_goa,158600300021,,0,0,0,0,0.0,0.0,0.0,True,True,data/raw\2026-03\south_goa\158600300021_158600300021___madhukar_naik_24_fps.json,0.0,0.0,0.0,0.0,0.0,0.0,0.0,0.0,0.0,0.0,0.0,0.0,0.0,0.0,0.0,0.0
2026,Mar,GOA,south_goa,158600300021,MADHUKAR NAIK-24 FPS,0,0,0,0,0.0,0.0,0.0,True,True,data/raw\2026-03\south_goa\158600300021_madhukar_naik_24_fps.json,208.0,6.0,25.0,239.0,0.0,0.0,0.0,0.0,208.0,6.0,25.0,239.0,0.0,0.0,0.0,0.0
2026,Mar,GOA,south_goa,158600300022,,0,0,0,0,0.0,0.0,0.0,True,True,data/raw\2026-03\south_goa\158600300022_158600300022___kishor_c_n_pednekar_23_fps.json,0.0,0.0,0.0,0.0,0.0,0.0,0.0,0.0,0.0,0.0,0.0,0.0,0.0,0.0,0.0,0.0
2026,Mar,GOA,south_goa,158600300022,KISHOR C N PEDNEKAR-23 FPS,0,0,0,0,0.0,0.0,0.0,True,True,data/raw\2026-03\south_goa\158600300022_kishor_c_n_pednekar_23_fps.json,127.0,7.0,79.0,213.0,0.0,0.0,11.0,11.0,127.0,7.0,79.0,213.0,0.0,0.0,11.0,11.0
2026,Mar,GOA,south_goa,158600300023,,0,0,0,0,0.0,0.0,0.0,True,True,data/raw\2026-03\south_goa\158600300023_158600300023___mrs_sakshi_s_manjrekar_20_fps.json,0.0,0.0,0.0,0.0,0.0,0.0,0.0,0.0,0.0,0.0,0.0,0.0,0.0,0.0,0.0,0.0
2026,Mar,GOA,south_goa,158600300023,MRS SAKSHI S MANJREKAR-20 FPS,0,0,0,0,0.0,0.0,0.0,True,True,data/raw\2026-03\south_goa\158600300023_mrs_sakshi_s_manjrekar_20_fps.json,32.0,3.0,11.0,46.0,0.0,0.0,4.0,4.0,32.0,3.0,11.0,46.0,0.0,0.0,4.0,4.0
2026,Mar,GOA,south_goa,158600300025,,0,0,0,0,0.0,0.0,0.0,True,True,data/raw\2026-03\south_goa\158600300025_158600300025___the_mormugao_waterfront_workers_consumers_co_op_sty_ltd_8_fps.json,0.0,0.0,0.0,0.0,0.0,0.0,0.0,0.0,0.0,0.0,0.0,0.0,0.0,0.0,0.0,0.0
2026,Mar,GOA,south_goa,158600300025,THE MORMUGAO WATERFRONT WORKERS CONSUMERS CO OP STY LTD-8 FPS,0,0,0,0,0.0,0.0,0.0,True,True,data/raw\2026-03\south_goa\158600300025_the_mormugao_waterfront_workers_consumers_co_op_sty_ltd_8_fps.json,134.0,8.0,30.0,172.0,1.0,1.0,4.0,6.0,134.0,8.0,30.0,172.0,1.0,1.0,4.0,6.0
2026,Mar,GOA,south_goa,158600300026,,0,0,0,0,0.0,0.0,0.0,True,True,data/raw\2026-03\south_goa\158600300026_158600300026___p_d_mello_a_g_l_cons_co_op_society_ltd_4_fps.json,0.0,0.0,0.0,0.0,0.0,0.0,0.0,0.0,0.0,0.0,0.0,0.0,0.0,0.0,0.0,0.0
2026,Mar,GOA,south_goa,158600300026,P.D.MELLO A G L CONS CO OP SOCIETY LTD-4 FPS,0,0,0,0,0.0,0.0,0.0,True,True,data/raw\2026-03\south_goa\158600300026_p_d_mello_a_g_l_cons_co_op_society_ltd_4_fps.json,92.0,7.0,0.0,99.0,0.0,0.0,0.0,0.0,92.0,7.0,0.0,99.0,0.0,0.0,0.0,0.0
2026,Mar,GOA,south_goa,158600300027,,0,0,0,0,0.0,0.0,0.0,True,True,data/raw\2026-03\south_goa\158600300027_158600300027___the_mormugao_waterfront_consumers_co_op_sty_ltd_3_fps.json,0.0,0.0,0.0,0.0,0.0,0.0,0.0,0.0,0.0,0.0,0.0,0.0,0.0,0.0,0.0,0.0
2026,Mar,GOA,south_goa,158600300027,THE MORMUGAO WATERFRONT CONSUMERS CO OP STY LTD-3 FPS,0,0,0,0,0.0,0.0,0.0,True,True,data/raw\2026-03\south_goa\158600300027_the_mormugao_waterfront_consumers_co_op_sty_ltd_3_fps.json,64.0,3.0,0.0,67.0,0.0,0.0,0.0,0.0,64.0,3.0,0.0,67.0,0.0,0.0,0.0,0.0
2026,Mar,GOA,south_goa,158600300028,,0,0,0,0,0.0,0.0,0.0,True,True,data/raw\2026-03\south_goa\158600300028_158600300028___the_mormugao_waterfront_workers_cons_co_op_sty_ltd_2_fps.json,0.0,0.0,0.0,0.0,0.0,0.0,0.0,0.0,0.0,0.0,0.0,0.0,0.0,0.0,0.0,0.0
2026,Mar,GOA,south_goa,158600300028,THE MORMUGAO WATERFRONT WORKERS CONS CO OP STY LTD-2 FPS,0,0,0,0,0.0,0.0,0.0,True,True,data/raw\2026-03\south_goa\158600300028_the_mormugao_waterfront_workers_cons_co_op_sty_ltd_2_fps.json,118.0,5.0,0.0,123.0,8.0,0.0,0.0,8.0,117.0,5.0,0.0,122.0,8.0,0.0,0.0,8.0
2026,Mar,GOA,south_goa,158600300148,,0,0,0,0,0.0,0.0,0.0,True,True,data/raw\2026-03\south_goa\158600300148_158600300148___mes_empl_c_c_sty_5_fps.json,0.0,0.0,0.0,0.0,0.0,0.0,0.0,0.0,0.0,0.0,0.0,0.0,0.0,0.0,0.0,0.0
2026,Mar,GOA,south_goa,158600300148,MES EMPL.C.C.STY-5 FPS,0,0,0,0,0.0,0.0,0.0,True,True,data/raw\2026-03\south_goa\158600300148_mes_empl_c_c_sty_5_fps.json,3.0,19.0,0.0,22.0,0.0,0.0,0.0,0.0,3.0,19.0,0.0,22.0,0.0,0.0,0.0,0.0
2026,Mar,GOA,south_goa,158600300149,,0,0,0,0,0.0,0.0,0.0,True,True,data/raw\2026-03\south_goa\158600300149_158600300149___goa_shipyard_emp_c_sty_6_fps.json,0.0,0.0,0.0,0.0,0.0,0.0,0.0,0.0,0.0,0.0,0.0,0.0,0.0,0.0,0.0,0.0
2026,Mar,GOA,south_goa,158600300149,GOA SHIPYARD EMP C STY-6 FPS,0,0,0,0,0.0,0.0,0.0,True,True,data/raw\2026-03\south_goa\158600300149_goa_shipyard_emp_c_sty_6_fps.json,77.0,3.0,0.0,80.0,0.0,0.0,0.0,0.0,77.0,3.0,0.0,80.0,0.0,0.0,0.0,0.0
2026,Mar,GOA,south_goa,158600300150,,0,0,0,0,0.0,0.0,0.0,True,True,data/raw\2026-03\south_goa\158600300150_158600300150___chowgule_staff_c_c_sty_10_fps.json,0.0,0.0,0.0,0.0,0.0,0.0,0.0,0.0,0.0,0.0,0.0,0.0,0.0,0.0,0.0,0.0
2026,Mar,GOA,south_goa,158600300150,CHOWGULE STAFF C C STY-10 FPS,0,0,0,0,0.0,0.0,0.0,True,True,data/raw\2026-03\south_goa\158600300150_chowgule_staff_c_c_sty_10_fps.json,65.0,9.0,17.0,91.0,0.0,0.0,3.0,3.0,65.0,9.0,17.0,91.0,0.0,0.0,3.0,3.0
2026,Mar,GOA,south_goa,158600300151,,0,0,0,0,0.0,0.0,0.0,True,True,data/raw\2026-03\south_goa\158600300151_158600300151___m_m_shetgaonkar_11_fps.json,0.0,0.0,0.0,0.0,0.0,0.0,0.0,0.0,0.0,0.0,0.0,0.0,0.0,0.0,0.0,0.0
2026,Mar,GOA,south_goa,158600300151,M M SHETGAONKAR-11 FPS,0,0,0,0,0.0,0.0,0.0,True,True,data/raw\2026-03\south_goa\158600300151_m_m_shetgaonkar_11_fps.json,163.0,2.0,1.0,166.0,5.0,0.0,0.0,5.0,163.0,2.0,1.0,166.0,5.0,0.0,0.0,5.0
2026,Mar,GOA,south_goa,158600300152,,0,0,0,0,0.0,0.0,0.0,True,True,data/raw\2026-03\south_goa\158600300152_158600300152___velsao_pale_s_c_sty_15_fps.json,0.0,0.0,0.0,0.0,0.0,0.0,0.0,0.0,0.0,0.0,0.0,0.0,0.0,0.0,0.0,0.0
2026,Mar,GOA,south_goa,158600300152,VELSAO PALE S C STY-15 FPS,0,0,0,0,0.0,0.0,0.0,True,True,data/raw\2026-03\south_goa\158600300152_velsao_pale_s_c_sty_15_fps.json,143.0,1.0,5.0,149.0,1.0,0.0,1.0,2.0,143.0,1.0,5.0,149.0,1.0,0.0,1.0,2.0
2026,Mar,GOA,south_goa,158600300153,,0,0,0,0,0.0,0.0,0.0,True,True,data/raw\2026-03\south_goa\158600300153_158600300153___rama_anant_honawarkar_19_fps.json,0.0,0.0,0.0,0.0,0.0,0.0,0.0,0.0,0.0,0.0,0.0,0.0,0.0,0.0,0.0,0.0
2026,Mar,GOA,south_goa,158600300153,Rama Anant Honawarkar-19 FPS,0,0,0,0,0.0,0.0,0.0,True,True,data/raw\2026-03\south_goa\158600300153_rama_anant_honawarkar_19_fps.json,90.0,1.0,0.0,91.0,0.0,0.0,0.0,0.0,90.0,1.0,0.0,91.0,0.0,0.0,0.0,0.0
2026,Mar,GOA,south_goa,158600300154,,0,0,0,0,0.0,0.0,0.0,True,True,data/raw\2026-03\south_goa\158600300154_158600300154___chowgule_staff_c_c_sty_21_fps.json,0.0,0.0,0.0,0.0,0.0,0.0,0.0,0.0,0.0,0.0,0.0,0.0,0.0,0.0,0.0,0.0
2026,Mar,GOA,south_goa,158600300154,CHOWGULE STAFF C C STY-21 FPS,0,0,0,0,0.0,0.0,0.0,True,True,data/raw\2026-03\south_goa\158600300154_chowgule_staff_c_c_sty_21_fps.json,33.0,3.0,0.0,36.0,0.0,0.0,0.0,0.0,33.0,3.0,0.0,36.0,0.0,0.0,0.0,0.0
2026,Mar,GOA,south_goa,158600300155,,0,0,0,0,0.0,0.0,0.0,True,True,data/raw\2026-03\south_goa\158600300155_158600300155___stanley_da_silva_22_fps.json,0.0,0.0,0.0,0.0,0.0,0.0,0.0,0.0,0.0,0.0,0.0,0.0,0.0,0.0,0.0,0.0
2026,Mar,GOA,south_goa,158600300155,STANLEY DA SILVA-22 FPS,0,0,0,0,0.0,0.0,0.0,True,True,data/raw\2026-03\south_goa\158600300155_stanley_da_silva_22_fps.json,217.0,0.0,0.0,217.0,2.0,0.0,0.0,2.0,217.0,0.0,0.0,217.0,2.0,0.0,0.0,2.0
2026,Mar,GOA,south_goa,158600300156,,0,0,0,0,0.0,0.0,0.0,True,True,data/raw\2026-03\south_goa\158600300156_158600300156___suresh_a__dessai_30_fps.json,0.0,0.0,0.0,0.0,0.0,0.0,0.0,0.0,0.0,0.0,0.0,0.0,0.0,0.0,0.0,0.0
2026,Mar,GOA,south_goa,158600300156,SURESH A. DESSAI-30 FPS,0,0,0,0,0.0,0.0,0.0,True,True,data/raw\2026-03\south_goa\158600300156_suresh_a__dessai_30_fps.json,32.0,0.0,0.0,32.0,0.0,0.0,0.0,0.0,32.0,0.0,0.0,32.0,0.0,0.0,0.0,0.0
2026,Mar,GOA,south_goa,158600300157,,0,0,0,0,0.0,0.0,0.0,True,True,data/raw\2026-03\south_goa\158600300157_158600300157___gandhi_henriques_35_fps.json,0.0,0.0,0.0,0.0,0.0,0.0,0.0,0.0,0.0,0.0,0.0,0.0,0.0,0.0,0.0,0.0
2026,Mar,GOA,south_goa,158600300157,GANDHI HENRIQUES-35 FPS,0,0,0,0,0.0,0.0,0.0,True,True,data/raw\2026-03\south_goa\158600300157_gandhi_henriques_35_fps.json,11.0,39.0,0.0,50.0,0.0,0.0,0.0,0.0,11.0,39.0,0.0,50.0,0.0,0.0,0.0,0.0
2026,Mar,GOA,south_goa,158600300160,,0,0,0,0,0.0,0.0,0.0,True,True,data/raw\2026-03\south_goa\158600300160_158600300160___vilasini_a_shirodkar_43_fps.json,0.0,0.0,0.0,0.0,0.0,0.0,0.0,0.0,0.0,0.0,0.0,0.0,0.0,0.0,0.0,0.0
2026,Mar,GOA,south_goa,158600300160,VILASINI A SHIRODKAR-43 FPS,0,0,0,0,0.0,0.0,0.0,True,True,data/raw\2026-03\south_goa\158600300160_vilasini_a_shirodkar_43_fps.json,57.0,36.0,32.0,125.0,0.0,0.0,5.0,5.0,57.0,36.0,32.0,125.0,0.0,0.0,5.0,5.0
2026,Mar,GOA,south_goa,158600300162,,0,0,0,0,0.0,0.0,0.0,True,True,data/raw\2026-03\south_goa\158600300162_158600300162___sandeep_t_manjrekar_52_fps.json,0.0,0.0,0.0,0.0,0.0,0.0,0.0,0.0,0.0,0.0,0.0,0.0,0.0,0.0,0.0,0.0
2026,Mar,GOA,south_goa,158600300162,SANDEEP T MANJREKAR-52 FPS,0,0,0,0,0.0,0.0,0.0,True,True,data/raw\2026-03\south_goa\158600300162_sandeep_t_manjrekar_52_fps.json,188.0,31.0,71.0,290.0,0.0,0.0,4.0,4.0,188.0,31.0,71.0,290.0,0.0,0.0,4.0,4.0
2026,Mar,GOA,south_goa,158600300164,,0,0,0,0,0.0,0.0,0.0,True,True,data/raw\2026-03\south_goa\158600300164_158600300164___shalini_lucas_56_fps.json,0.0,0.0,0.0,0.0,0.0,0.0,0.0,0.0,0.0,0.0,0.0,0.0,0.0,0.0,0.0,0.0
2026,Mar,GOA,south_goa,158600300164,SHALINI LUCAS-56 FPS,0,0,0,0,0.0,0.0,0.0,True,True,data/raw\2026-03\south_goa\158600300164_shalini_lucas_56_fps.json,24.0,22.0,1.0,47.0,0.0,0.0,0.0,0.0,24.0,22.0,1.0,47.0,0.0,0.0,0.0,0.0
2026,Mar,GOA,south_goa,158600300165,,0,0,0,0,0.0,0.0,0.0,True,True,data/raw\2026-03\south_goa\158600300165_158600300165___savita_g_honawarkar_26_fps.json,0.0,0.0,0.0,0.0,0.0,0.0,0.0,0.0,0.0,0.0,0.0,0.0,0.0,0.0,0.0,0.0
2026,Mar,GOA,south_goa,158600300165,SAVITA G HONAWARKAR-26 FPS,0,0,0,0,0.0,0.0,0.0,True,True,data/raw\2026-03\south_goa\158600300165_savita_g_honawarkar_26_fps.json,302.0,7.0,47.0,356.0,0.0,0.0,6.0,6.0,302.0,7.0,47.0,356.0,0.0,0.0,6.0,6.0
2026,Mar,GOA,south_goa,158600300166,,0,0,0,0,0.0,0.0,0.0,True,True,data/raw\2026-03\south_goa\158600300166_158600300166___swarali_purshottam_honawarkar__37_fps.json,0.0,0.0,0.0,0.0,0.0,0.0,0.0,0.0,0.0,0.0,0.0,0.0,0.0,0.0,0.0,0.0
2026,Mar,GOA,south_goa,158600300166,Swarali Purshottam Honawarkar -37 FPS,0,0,0,0,0.0,0.0,0.0,True,True,data/raw\2026-03\south_goa\158600300166_swarali_purshottam_honawarkar__37_fps.json,270.0,1.0,66.0,337.0,0.0,0.0,9.0,9.0,270.0,1.0,66.0,337.0,0.0,0.0,9.0,9.0
2026,Mar,GOA,south_goa,158600300167,,0,0,0,0,0.0,0.0,0.0,True,True,data/raw\2026-03\south_goa\158600300167_158600300167___ramakant_b_sattarker_45_fps.json,0.0,0.0,0.0,0.0,0.0,0.0,0.0,0.0,0.0,0.0,0.0,0.0,0.0,0.0,0.0,0.0
2026,Mar,GOA,south_goa,158600300167,RAMAKANT B SATTARKER-45 FPS,0,0,0,0,0.0,0.0,0.0,True,True,data/raw\2026-03\south_goa\158600300167_ramakant_b_sattarker_45_fps.json,324.0,3.0,84.0,411.0,0.0,0.0,11.0,11.0,324.0,3.0,84.0,411.0,0.0,0.0,11.0,11.0
2026,Mar,GOA,south_goa,158600500001,,0,0,0,0,0.0,0.0,0.0,True,True,data/raw\2026-03\south_goa\158600500001_158600500001___kum_sushma_p_raikar_89_fps.json,0.0,0.0,0.0,0.0,0.0,0.0,0.0,0.0,0.0,0.0,0.0,0.0,0.0,0.0,0.0,0.0
2026,Mar,GOA,south_goa,158600500001,KUM SUSHMA P.RAIKAR-89 FPS,0,0,0,0,0.0,0.0,0.0,True,True,data/raw\2026-03\south_goa\158600500001_kum_sushma_p_raikar_89_fps.json,419.0,156.0,7.0,582.0,0.0,0.0,0.0,0.0,418.0,156.0,7.0,581.0,0.0,0.0,0.0,0.0
2026,Mar,GOA,south_goa,158600500002,,0,0,0,0,0.0,0.0,0.0,True,True,data/raw\2026-03\south_goa\158600500002_158600500002___conceicao_d_costa_87_fps.json,0.0,0.0,0.0,0.0,0.0,0.0,0.0,0.0,0.0,0.0,0.0,0.0,0.0,0.0,0.0,0.0
2026,Mar,GOA,south_goa,158600500002,CONCEICAO D COSTA-87 FPS,0,0,0,0,0.0,0.0,0.0,True,True,data/raw\2026-03\south_goa\158600500002_conceicao_d_costa_87_fps.json,65.0,1.0,0.0,66.0,0.0,0.0,0.0,0.0,65.0,1.0,0.0,66.0,0.0,0.0,0.0,0.0
2026,Mar,GOA,south_goa,158600500003,,0,0,0,0,0.0,0.0,0.0,True,True,data/raw\2026-03\south_goa\158600500003_158600500003___idalina_ratos_82_fps.json,0.0,0.0,0.0,0.0,0.0,0.0,0.0,0.0,0.0,0.0,0.0,0.0,0.0,0.0,0.0,0.0
2026,Mar,GOA,south_goa,158600500003,IDALINA RATOS-82 FPS,0,0,0,0,0.0,0.0,0.0,True,True,data/raw\2026-03\south_goa\158600500003_idalina_ratos_82_fps.json,21.0,71.0,0.0,92.0,0.0,0.0,0.0,0.0,21.0,71.0,0.0,92.0,0.0,0.0,0.0,0.0
2026,Mar,GOA,south_goa,158600500004,,0,0,0,0,0.0,0.0,0.0,True,True,data/raw\2026-03\south_goa\158600500004_158600500004___elizabeth_dias_80_fps.json,0.0,0.0,0.0,0.0,0.0,0.0,0.0,0.0,0.0,0.0,0.0,0.0,0.0,0.0,0.0,0.0
2026,Mar,GOA,south_goa,158600500004,ELIZABETH DIAS-80 FPS,0,0,0,0,0.0,0.0,0.0,True,True,data/raw\2026-03\south_goa\158600500004_elizabeth_dias_80_fps.json,117.0,3.0,0.0,120.0,0.0,0.0,0.0,0.0,117.0,3.0,0.0,120.0,0.0,0.0,0.0,0.0
2026,Mar,GOA,south_goa,158600500005,,0,0,0,0,0.0,0.0,0.0,True,True,data/raw\2026-03\south_goa\158600500005_158600500005___pradeep_dessai_79_fps.json,0.0,0.0,0.0,0.0,0.0,0.0,0.0,0.0,0.0,0.0,0.0,0.0,0.0,0.0,0.0,0.0
2026,Mar,GOA,south_goa,158600500005,PRADEEP DESSAI-79 FPS,0,0,0,0,0.0,0.0,0.0,True,True,data/raw\2026-03\south_goa\158600500005_pradeep_dessai_79_fps.json,115.0,43.0,5.0,163.0,0.0,1.0,0.0,1.0,115.0,43.0,5.0,163.0,0.0,1.0,0.0,1.0
2026,Mar,GOA,south_goa,158600500006,,0,0,0,0,0.0,0.0,0.0,True,True,data/raw\2026-03\south_goa\158600500006_158600500006___sushma_m__lotlikar_77_fps.json,0.0,0.0,0.0,0.0,0.0,0.0,0.0,0.0,0.0,0.0,0.0,0.0,0.0,0.0,0.0,0.0
2026,Mar,GOA,south_goa,158600500006,SUSHMA M. LOTLIKAR-77 FPS,0,0,0,0,0.0,0.0,0.0,True,True,data/raw\2026-03\south_goa\158600500006_sushma_m__lotlikar_77_fps.json,147.0,12.0,11.0,170.0,0.0,0.0,0.0,0.0,147.0,12.0,11.0,170.0,0.0,0.0,0.0,0.0
2026,Mar,GOA,south_goa,158600500008,,0,0,0,0,0.0,0.0,0.0,True,True,data/raw\2026-03\south_goa\158600500008_158600500008___mangala_p_verlekar_67_fps.json,0.0,0.0,0.0,0.0,0.0,0.0,0.0,0.0,0.0,0.0,0.0,0.0,0.0,0.0,0.0,0.0
2026,Mar,GOA,south_goa,158600500008,MANGALA P.VERLEKAR-67 FPS,0,0,0,0,0.0,0.0,0.0,True,True,data/raw\2026-03\south_goa\158600500008_mangala_p_verlekar_67_fps.json,23.0,27.0,0.0,50.0,0.0,0.0,0.0,0.0,23.0,27.0,0.0,50.0,0.0,0.0,0.0,0.0
2026,Mar,GOA,south_goa,158600500009,,0,0,0,0,0.0,0.0,0.0,True,True,data/raw\2026-03\south_goa\158600500009_158600500009___nagoa_verna_s_c__society_65_fps.json,0.0,0.0,0.0,0.0,0.0,0.0,0.0,0.0,0.0,0.0,0.0,0.0,0.0,0.0,0.0,0.0
2026,Mar,GOA,south_goa,158600500009,NAGOA VERNA S.C. SOCIETY-65 FPS,0,0,0,0,0.0,0.0,0.0,True,True,data/raw\2026-03\south_goa\158600500009_nagoa_verna_s_c__society_65_fps.json,317.0,1.0,0.0,318.0,0.0,0.0,0.0,0.0,317.0,1.0,0.0,318.0,0.0,0.0,0.0,0.0
2026,Mar,GOA,south_goa,158600500010,,0,0,0,0,0.0,0.0,0.0,True,True,data/raw\2026-03\south_goa\158600500010_158600500010___u_d_kamat_59_fps.json,0.0,0.0,0.0,0.0,0.0,0.0,0.0,0.0,0.0,0.0,0.0,0.0,0.0,0.0,0.0,0.0
2026,Mar,GOA,south_goa,158600500010,U D KAMAT-59 FPS,0,0,0,0,0.0,0.0,0.0,True,True,data/raw\2026-03\south_goa\158600500010_u_d_kamat_59_fps.json,402.0,11.0,0.0,413.0,0.0,0.0,0.0,0.0,402.0,11.0,0.0,413.0,0.0,0.0,0.0,0.0
2026,Mar,GOA,south_goa,158600500012,,0,0,0,0,0.0,0.0,0.0,True,True,data/raw\2026-03\south_goa\158600500012_158600500012___the_adarsh_multi_co_op_sty_50_fps.json,0.0,0.0,0.0,0.0,0.0,0.0,0.0,0.0,0.0,0.0,0.0,0.0,0.0,0.0,0.0,0.0
2026,Mar,GOA,south_goa,158600500012,THE ADARSH MULTI CO OP STY-50 FPS,0,0,0,0,0.0,0.0,0.0,True,True,data/raw\2026-03\south_goa\158600500012_the_adarsh_multi_co_op_sty_50_fps.json,839.0,24.0,115.0,978.0,2.0,0.0,0.0,2.0,839.0,24.0,115.0,978.0,2.0,0.0,0.0,2.0
2026,Mar,GOA,south_goa,158600500013,,0,0,0,0,0.0,0.0,0.0,True,True,data/raw\2026-03\south_goa\158600500013_158600500013___unifir_co_op__sty_49_fps.json,0.0,0.0,0.0,0.0,0.0,0.0,0.0,0.0,0.0,0.0,0.0,0.0,0.0,0.0,0.0,0.0
2026,Mar,GOA,south_goa,158600500013,UNIFIR CO-OP. STY-49 FPS,0,0,0,0,0.0,0.0,0.0,True,True,data/raw\2026-03\south_goa\158600500013_unifir_co_op__sty_49_fps.json,180.0,3.0,0.0,183.0,0.0,0.0,0.0,0.0,180.0,3.0,0.0,183.0,0.0,0.0,0.0,0.0
2026,Mar,GOA,south_goa,158600500014,,0,0,0,0,0.0,0.0,0.0,True,True,data/raw\2026-03\south_goa\158600500014_158600500014___unifir_cons__coop_sty__48_fps.json,0.0,0.0,0.0,0.0,0.0,0.0,0.0,0.0,0.0,0.0,0.0,0.0,0.0,0.0,0.0,0.0
2026,Mar,GOA,south_goa,158600500014,UNIFIR CONS. COOP STY.-48 FPS,0,0,0,0,0.0,0.0,0.0,True,True,data/raw\2026-03\south_goa\158600500014_unifir_cons__coop_sty__48_fps.json,203.0,0.0,7.0,210.0,0.0,0.0,1.0,1.0,203.0,0.0,7.0,210.0,0.0,0.0,1.0,1.0
2026,Mar,GOA,south_goa,158600500015,,0,0,0,0,0.0,0.0,0.0,True,True,data/raw\2026-03\south_goa\158600500015_158600500015___raia_rachol_service_coop_sty_ltd_46_fps.json,0.0,0.0,0.0,0.0,0.0,0.0,0.0,0.0,0.0,0.0,0.0,0.0,0.0,0.0,0.0,0.0
2026,Mar,GOA,south_goa,158600500015,RAIA RACHOL SERVICE COOP STY LTD-46 FPS,0,0,0,0,0.0,0.0,0.0,True,True,data/raw\2026-03\south_goa\158600500015_raia_rachol_service_coop_sty_ltd_46_fps.json,285.0,17.0,4.0,306.0,0.0,0.0,1.0,1.0,285.0,17.0,4.0,306.0,0.0,0.0,1.0,1.0
2026,Mar,GOA,south_goa,158600500016,,0,0,0,0,0.0,0.0,0.0,True,True,data/raw\2026-03\south_goa\158600500016_158600500016___raia_rachol_service_co_op_sty_ltd_45.json,0.0,0.0,0.0,0.0,0.0,0.0,0.0,0.0,0.0,0.0,0.0,0.0,0.0,0.0,0.0,0.0
2026,Mar,GOA,south_goa,158600500016,RAIA RACHOL SERVICE CO-OP STY LTD-45,0,0,0,0,0.0,0.0,0.0,True,True,data/raw\2026-03\south_goa\158600500016_raia_rachol_service_co_op_sty_ltd_45.json,397.0,22.0,0.0,419.0,0.0,0.0,0.0,0.0,397.0,22.0,0.0,419.0,0.0,0.0,0.0,0.0
2026,Mar,GOA,south_goa,158600500018,,0,0,0,0,0.0,0.0,0.0,True,True,data/raw\2026-03\south_goa\158600500018_158600500018___chandor_guir_service_sty_39_fps.json,0.0,0.0,0.0,0.0,0.0,0.0,0.0,0.0,0.0,0.0,0.0,0.0,0.0,0.0,0.0,0.0
2026,Mar,GOA,south_goa,158600500018,CHANDOR GUIR SERVICE STY-39 FPS,0,0,0,0,0.0,0.0,0.0,True,True,data/raw\2026-03\south_goa\158600500018_chandor_guir_service_sty_39_fps.json,460.0,0.0,0.0,460.0,1.0,0.0,0.0,1.0,460.0,0.0,0.0,460.0,1.0,0.0,0.0,1.0
2026,Mar,GOA,south_goa,158600500020,,0,0,0,0,0.0,0.0,0.0,True,True,data/raw\2026-03\south_goa\158600500020_158600500020___shrinath_p_kamath_37_fps.json,0.0,0.0,0.0,0.0,0.0,0.0,0.0,0.0,0.0,0.0,0.0,0.0,0.0,0.0,0.0,0.0
2026,Mar,GOA,south_goa,158600500020,SHRINATH P KAMATH-37 FPS,0,0,0,0,0.0,0.0,0.0,True,True,data/raw\2026-03\south_goa\158600500020_shrinath_p_kamath_37_fps.json,220.0,0.0,0.0,220.0,0.0,0.0,0.0,0.0,220.0,0.0,0.0,220.0,0.0,0.0,0.0,0.0
2026,Mar,GOA,south_goa,158600500021,,0,0,0,0,0.0,0.0,0.0,True,True,data/raw\2026-03\south_goa\158600500021_158600500021___rima_dattaprasad_vernekar__35_fps.json,0.0,0.0,0.0,0.0,0.0,0.0,0.0,0.0,0.0,0.0,0.0,0.0,0.0,0.0,0.0,0.0
2026,Mar,GOA,south_goa,158600500021,RIMA DATTAPRASAD VERNEKAR -35 FPS,0,0,0,0,0.0,0.0,0.0,True,True,data/raw\2026-03\south_goa\158600500021_rima_dattaprasad_vernekar__35_fps.json,13.0,16.0,0.0,29.0,0.0,0.0,0.0,0.0,13.0,16.0,0.0,29.0,0.0,0.0,0.0,0.0
2026,Mar,GOA,south_goa,158600500022,,0,0,0,0,0.0,0.0,0.0,True,True,data/raw\2026-03\south_goa\158600500022_158600500022___dattaprasad_n_vernekar_34_fps.json,0.0,0.0,0.0,0.0,0.0,0.0,0.0,0.0,0.0,0.0,0.0,0.0,0.0,0.0,0.0,0.0
2026,Mar,GOA,south_goa,158600500022,Dattaprasad N Vernekar-34 FPS,0,0,0,0,0.0,0.0,0.0,True,True,data/raw\2026-03\south_goa\158600500022_dattaprasad_n_vernekar_34_fps.json,34.0,30.0,0.0,64.0,0.0,0.0,0.0,0.0,34.0,30.0,0.0,64.0,0.0,0.0,0.0,0.0
2026,Mar,GOA,south_goa,158600500023,,0,0,0,0,0.0,0.0,0.0,True,True,data/raw\2026-03\south_goa\158600500023_158600500023___yeshwant_dessai_33_fps.json,0.0,0.0,0.0,0.0,0.0,0.0,0.0,0.0,0.0,0.0,0.0,0.0,0.0,0.0,0.0,0.0
2026,Mar,GOA,south_goa,158600500023,YESHWANT DESSAI-33 FPS,0,0,0,0,0.0,0.0,0.0,True,True,data/raw\2026-03\south_goa\158600500023_yeshwant_dessai_33_fps.json,29.0,62.0,15.0,106.0,0.0,0.0,2.0,2.0,29.0,62.0,15.0,106.0,0.0,0.0,2.0,2.0
2026,Mar,GOA,south_goa,158600500024,,0,0,0,0,0.0,0.0,0.0,True,True,data/raw\2026-03\south_goa\158600500024_158600500024___v_k_s_society_32_fps.json,0.0,0.0,0.0,0.0,0.0,0.0,0.0,0.0,0.0,0.0,0.0,0.0,0.0,0.0,0.0,0.0
2026,Mar,GOA,south_goa,158600500024,V K S SOCIETY-32 FPS,0,0,0,0,0.0,0.0,0.0,True,True,data/raw\2026-03\south_goa\158600500024_v_k_s_society_32_fps.json,395.0,4.0,1.0,400.0,1.0,0.0,0.0,1.0,395.0,4.0,1.0,400.0,1.0,0.0,0.0,1.0
2026,Mar,GOA,south_goa,158600500029,,0,0,0,0,0.0,0.0,0.0,True,True,data/raw\2026-03\south_goa\158600500029_158600500029___chinchinim_sarzora_vkss_society__26_fps.json,0.0,0.0,0.0,0.0,0.0,0.0,0.0,0.0,0.0,0.0,0.0,0.0,0.0,0.0,0.0,0.0
2026,Mar,GOA,south_goa,158600500029,CHINCHINIM SARZORA VKSS SOCIETY- 26 FPS,0,0,0,0,0.0,0.0,0.0,True,True,data/raw\2026-03\south_goa\158600500029_chinchinim_sarzora_vkss_society__26_fps.json,391.0,14.0,0.0,405.0,0.0,0.0,0.0,0.0,391.0,14.0,0.0,405.0,0.0,0.0,0.0,0.0
2026,Mar,GOA,south_goa,158600500030,,0,0,0,0,0.0,0.0,0.0,True,True,data/raw\2026-03\south_goa\158600500030_158600500030___dramapur_sirlim_co_op_society_25_fps.json,0.0,0.0,0.0,0.0,0.0,0.0,0.0,0.0,0.0,0.0,0.0,0.0,0.0,0.0,0.0,0.0
2026,Mar,GOA,south_goa,158600500030,DRAMAPUR SIRLIM CO-OP SOCIETY-25 FPS,0,0,0,0,0.0,0.0,0.0,True,True,data/raw\2026-03\south_goa\158600500030_dramapur_sirlim_co_op_society_25_fps.json,0.0,205.0,10.0,215.0,0.0,0.0,1.0,1.0,0.0,205.0,10.0,215.0,0.0,0.0,1.0,1.0
2026,Mar,GOA,south_goa,158600500031,,0,0,0,0,0.0,0.0,0.0,True,True,data/raw\2026-03\south_goa\158600500031_158600500031___navelim_telaulim_co_op_society_24_fps.json,0.0,0.0,0.0,0.0,0.0,0.0,0.0,0.0,0.0,0.0,0.0,0.0,0.0,0.0,0.0,0.0
2026,Mar,GOA,south_goa,158600500031,NAVELIM TELAULIM CO-OP SOCIETY-24 FPS,0,0,0,0,0.0,0.0,0.0,True,True,data/raw\2026-03\south_goa\158600500031_navelim_telaulim_co_op_society_24_fps.json,193.0,13.0,5.0,211.0,1.0,0.0,0.0,1.0,193.0,13.0,5.0,211.0,1.0,0.0,0.0,1.0
2026,Mar,GOA,south_goa,158600500032,,0,0,0,0,0.0,0.0,0.0,True,True,data/raw\2026-03\south_goa\158600500032_158600500032___navelim_telaulim_co_op_society_ltd_23_fps.json,0.0,0.0,0.0,0.0,0.0,0.0,0.0,0.0,0.0,0.0,0.0,0.0,0.0,0.0,0.0,0.0
2026,Mar,GOA,south_goa,158600500032,NAVELIM TELAULIM CO-OP SOCIETY LTD-23 FPS,0,0,0,0,0.0,0.0,0.0,True,True,data/raw\2026-03\south_goa\158600500032_navelim_telaulim_co_op_society_ltd_23_fps.json,617.0,32.0,27.0,676.0,0.0,0.0,4.0,4.0,617.0,32.0,27.0,676.0,0.0,0.0,4.0,4.0
2026,Mar,GOA,south_goa,158600500033,,0,0,0,0,0.0,0.0,0.0,True,True,data/raw\2026-03\south_goa\158600500033_158600500033___navelim_telaulim_co_op_society_22_fps.json,0.0,0.0,0.0,0.0,0.0,0.0,0.0,0.0,0.0,0.0,0.0,0.0,0.0,0.0,0.0,0.0
2026,Mar,GOA,south_goa,158600500033,NAVELIM TELAULIM CO-OP SOCIETY-22 FPS,0,0,0,0,0.0,0.0,0.0,True,True,data/raw\2026-03\south_goa\158600500033_navelim_telaulim_co_op_society_22_fps.json,145.0,79.0,45.0,269.0,0.0,0.0,7.0,7.0,145.0,79.0,45.0,269.0,0.0,0.0,7.0,7.0
2026,Mar,GOA,south_goa,158600500035,,0,0,0,0,0.0,0.0,0.0,True,True,data/raw\2026-03\south_goa\158600500035_158600500035___shoha_s_bhagat_11_fps.json,0.0,0.0,0.0,0.0,0.0,0.0,0.0,0.0,0.0,0.0,0.0,0.0,0.0,0.0,0.0,0.0
2026,Mar,GOA,south_goa,158600500035,SHOHA S BHAGAT-11 FPS,0,0,0,0,0.0,0.0,0.0,True,True,data/raw\2026-03\south_goa\158600500035_shoha_s_bhagat_11_fps.json,110.0,9.0,1.0,120.0,0.0,0.0,0.0,0.0,110.0,9.0,1.0,120.0,0.0,0.0,0.0,0.0
2026,Mar,GOA,south_goa,158600500037,,0,0,0,0,0.0,0.0,0.0,True,True,data/raw\2026-03\south_goa\158600500037_158600500037___adarsh_multi_co_op_society_ltd_margao_1_fps.json,0.0,0.0,0.0,0.0,0.0,0.0,0.0,0.0,0.0,0.0,0.0,0.0,0.0,0.0,0.0,0.0
2026,Mar,GOA,south_goa,158600500037,ADARSH MULTI CO-OP SOCIETY LTD MARGAO-1 FPS,0,0,0,0,0.0,0.0,0.0,True,True,data/raw\2026-03\south_goa\158600500037_adarsh_multi_co_op_society_ltd_margao_1_fps.json,352.0,3.0,21.0,376.0,0.0,0.0,1.0,1.0,352.0,3.0,21.0,376.0,0.0,0.0,1.0,1.0
2026,Mar,GOA,south_goa,158600500038,,0,0,0,0,0.0,0.0,0.0,True,True,data/raw\2026-03\south_goa\158600500038_158600500038___mrs_anupama_damodar_naik_90_fps.json,0.0,0.0,0.0,0.0,0.0,0.0,0.0,0.0,0.0,0.0,0.0,0.0,0.0,0.0,0.0,0.0
2026,Mar,GOA,south_goa,158600500038,MRS.ANUPAMA DAMODAR NAIK-90 FPS,0,0,0,0,0.0,0.0,0.0,True,True,data/raw\2026-03\south_goa\158600500038_mrs_anupama_damodar_naik_90_fps.json,314.0,12.0,31.0,357.0,0.0,0.0,1.0,1.0,314.0,12.0,31.0,357.0,0.0,0.0,1.0,1.0
2026,Mar,GOA,south_goa,158600500041,,0,0,0,0,0.0,0.0,0.0,True,True,data/raw\2026-03\south_goa\158600500041_158600500041___pritidas_prabhaker_lotliker_57_fps.json,0.0,0.0,0.0,0.0,0.0,0.0,0.0,0.0,0.0,0.0,0.0,0.0,0.0,0.0,0.0,0.0
2026,Mar,GOA,south_goa,158600500041,PRITIDAS PRABHAKER LOTLIKER-57 FPS,0,0,0,0,0.0,0.0,0.0,True,True,data/raw\2026-03\south_goa\158600500041_pritidas_prabhaker_lotliker_57_fps.json,59.0,62.0,0.0,121.0,0.0,0.0,0.0,0.0,59.0,62.0,0.0,121.0,0.0,0.0,0.0,0.0
2026,Mar,GOA,south_goa,158600500042,,0,0,0,0,0.0,0.0,0.0,True,True,data/raw\2026-03\south_goa\158600500042_158600500042___kamlabai_krishnanath_poi_kakode__55_fps.json,0.0,0.0,0.0,0.0,0.0,0.0,0.0,0.0,0.0,0.0,0.0,0.0,0.0,0.0,0.0,0.0
2026,Mar,GOA,south_goa,158600500042,Kamlabai Krishnanath Poi Kakode -55 FPS,0,0,0,0,0.0,0.0,0.0,True,True,data/raw\2026-03\south_goa\158600500042_kamlabai_krishnanath_poi_kakode__55_fps.json,33.0,56.0,64.0,153.0,1.0,1.0,4.0,6.0,33.0,56.0,64.0,153.0,1.0,1.0,4.0,6.0
2026,Mar,GOA,south_goa,158600500043,,0,0,0,0,0.0,0.0,0.0,True,True,data/raw\2026-03\south_goa\158600500043_158600500043___majorda_utorda_calata_v_k_s_sty_ltd_47_fps.json,0.0,0.0,0.0,0.0,0.0,0.0,0.0,0.0,0.0,0.0,0.0,0.0,0.0,0.0,0.0,0.0
2026,Mar,GOA,south_goa,158600500043,MAJORDA UTORDA CALATA V K S STY LTD-47 FPS,0,0,0,0,0.0,0.0,0.0,True,True,data/raw\2026-03\south_goa\158600500043_majorda_utorda_calata_v_k_s_sty_ltd_47_fps.json,405.0,12.0,46.0,463.0,0.0,0.0,5.0,5.0,405.0,12.0,46.0,463.0,0.0,0.0,5.0,5.0
2026,Mar,GOA,south_goa,158600500044,,0,0,0,0,0.0,0.0,0.0,True,True,data/raw\2026-03\south_goa\158600500044_158600500044___curtorim_service_co_op_sty_ltd_43_fps.json,0.0,0.0,0.0,0.0,0.0,0.0,0.0,0.0,0.0,0.0,0.0,0.0,0.0,0.0,0.0,0.0
2026,Mar,GOA,south_goa,158600500044,CURTORIM SERVICE CO OP STY LTD-43 FPS,0,0,0,0,0.0,0.0,0.0,True,True,data/raw\2026-03\south_goa\158600500044_curtorim_service_co_op_sty_ltd_43_fps.json,172.0,0.0,0.0,172.0,0.0,0.0,0.0,0.0,172.0,0.0,0.0,172.0,0.0,0.0,0.0,0.0
2026,Mar,GOA,south_goa,158600500045,,0,0,0,0,0.0,0.0,0.0,True,True,data/raw\2026-03\south_goa\158600500045_158600500045___curtorim_service_co_op_sty_ltd_42_fps.json,0.0,0.0,0.0,0.0,0.0,0.0,0.0,0.0,0.0,0.0,0.0,0.0,0.0,0.0,0.0,0.0
2026,Mar,GOA,south_goa,158600500045,CURTORIM SERVICE CO OP STY LTD-42 FPS,0,0,0,0,0.0,0.0,0.0,True,True,data/raw\2026-03\south_goa\158600500045_curtorim_service_co_op_sty_ltd_42_fps.json,97.0,0.0,0.0,97.0,0.0,0.0,0.0,0.0,96.0,0.0,0.0,96.0,0.0,0.0,0.0,0.0
2026,Mar,GOA,south_goa,158600500046,,0,0,0,0,0.0,0.0,0.0,True,True,data/raw\2026-03\south_goa\158600500046_158600500046___curtorim_service_co_op_sty_ltd_41_fps.json,0.0,0.0,0.0,0.0,0.0,0.0,0.0,0.0,0.0,0.0,0.0,0.0,0.0,0.0,0.0,0.0
2026,Mar,GOA,south_goa,158600500046,CURTORIM SERVICE CO OP STY LTD-41 FPS,0,0,0,0,0.0,0.0,0.0,True,True,data/raw\2026-03\south_goa\158600500046_curtorim_service_co_op_sty_ltd_41_fps.json,359.0,4.0,18.0,381.0,0.0,0.0,1.0,1.0,359.0,4.0,18.0,381.0,0.0,0.0,1.0,1.0
2026,Mar,GOA,south_goa,158600500047,,0,0,0,0,0.0,0.0,0.0,True,True,data/raw\2026-03\south_goa\158600500047_158600500047___davorlim_dicaupale_s_sty_40_fps.json,0.0,0.0,0.0,0.0,0.0,0.0,0.0,0.0,0.0,0.0,0.0,0.0,0.0,0.0,0.0,0.0
2026,Mar,GOA,south_goa,158600500047,DAVORLIM DICAUPALE S STY-40 FPS,0,0,0,0,0.0,0.0,0.0,True,True,data/raw\2026-03\south_goa\158600500047_davorlim_dicaupale_s_sty_40_fps.json,93.0,8.0,0.0,101.0,0.0,0.0,0.0,0.0,93.0,8.0,0.0,101.0,0.0,0.0,0.0,0.0
2026,Mar,GOA,south_goa,158600500049,,0,0,0,0,0.0,0.0,0.0,True,True,data/raw\2026-03\south_goa\158600500049_158600500049___supriya_alias_priya_lotlikar_21_fps.json,0.0,0.0,0.0,0.0,0.0,0.0,0.0,0.0,0.0,0.0,0.0,0.0,0.0,0.0,0.0,0.0
2026,Mar,GOA,south_goa,158600500049,Supriya alias Priya Lotlikar-21 FPS,0,0,0,0,0.0,0.0,0.0,True,True,data/raw\2026-03\south_goa\158600500049_supriya_alias_priya_lotlikar_21_fps.json,140.0,9.0,0.0,149.0,0.0,0.0,0.0,0.0,140.0,9.0,0.0,149.0,0.0,0.0,0.0,0.0
2026,Mar,GOA,south_goa,158600500050,,0,0,0,0,0.0,0.0,0.0,True,True,data/raw\2026-03\south_goa\158600500050_158600500050___a_marcos_dsilva_29_fps.json,0.0,0.0,0.0,0.0,0.0,0.0,0.0,0.0,0.0,0.0,0.0,0.0,0.0,0.0,0.0,0.0
2026,Mar,GOA,south_goa,158600500050,A MARCOS DSILVA-29 FPS,0,0,0,0,0.0,0.0,0.0,True,True,data/raw\2026-03\south_goa\158600500050_a_marcos_dsilva_29_fps.json,246.0,13.0,0.0,259.0,0.0,0.0,0.0,0.0,246.0,13.0,0.0,259.0,0.0,0.0,0.0,0.0
2026,Mar,GOA,south_goa,158600500051,,0,0,0,0,0.0,0.0,0.0,True,True,data/raw\2026-03\south_goa\158600500051_158600500051___margao_govt_employees_co_op_sty_4_fps.json,0.0,0.0,0.0,0.0,0.0,0.0,0.0,0.0,0.0,0.0,0.0,0.0,0.0,0.0,0.0,0.0
2026,Mar,GOA,south_goa,158600500051,MARGAO GOVT EMPLOYEES CO OP STY-4 FPS,0,0,0,0,0.0,0.0,0.0,True,True,data/raw\2026-03\south_goa\158600500051_margao_govt_employees_co_op_sty_4_fps.json,261.0,35.0,20.0,316.0,0.0,0.0,0.0,0.0,261.0,35.0,20.0,316.0,0.0,0.0,0.0,0.0
2026,Mar,GOA,south_goa,158600500052,,0,0,0,0,0.0,0.0,0.0,True,True,data/raw\2026-03\south_goa\158600500052_158600500052___colva_seraulim_society_15_fps.json,0.0,0.0,0.0,0.0,0.0,0.0,0.0,0.0,0.0,0.0,0.0,0.0,0.0,0.0,0.0,0.0
2026,Mar,GOA,south_goa,158600500052,COLVA SERAULIM SOCIETY-15 FPS,0,0,0,0,0.0,0.0,0.0,True,True,data/raw\2026-03\south_goa\158600500052_colva_seraulim_society_15_fps.json,342.0,6.0,19.0,367.0,0.0,0.0,0.0,0.0,342.0,6.0,19.0,367.0,0.0,0.0,0.0,0.0
2026,Mar,GOA,south_goa,158600500053,,0,0,0,0,0.0,0.0,0.0,True,True,data/raw\2026-03\south_goa\158600500053_158600500053___varca_orlim_service_co_op_society_ltd_19_fps.json,0.0,0.0,0.0,0.0,0.0,0.0,0.0,0.0,0.0,0.0,0.0,0.0,0.0,0.0,0.0,0.0
2026,Mar,GOA,south_goa,158600500053,VARCA ORLIM SERVICE CO OP SOCIETY LTD-19 FPS,0,0,0,0,0.0,0.0,0.0,True,True,data/raw\2026-03\south_goa\158600500053_varca_orlim_service_co_op_society_ltd_19_fps.json,254.0,35.0,0.0,289.0,0.0,0.0,0.0,0.0,254.0,35.0,0.0,289.0,0.0,0.0,0.0,0.0
2026,Mar,GOA,south_goa,158600500055,,0,0,0,0,0.0,0.0,0.0,True,True,data/raw\2026-03\south_goa\158600500055_158600500055___roshan_silva_30_fps.json,0.0,0.0,0.0,0.0,0.0,0.0,0.0,0.0,0.0,0.0,0.0,0.0,0.0,0.0,0.0,0.0
2026,Mar,GOA,south_goa,158600500055,ROSHAN SILVA-30 FPS,0,0,0,0,0.0,0.0,0.0,True,True,data/raw\2026-03\south_goa\158600500055_roshan_silva_30_fps.json,573.0,46.0,2.0,621.0,2.0,0.0,0.0,2.0,573.0,46.0,2.0,621.0,2.0,0.0,0.0,2.0
2026,Mar,GOA,south_goa,158600500057,,0,0,0,0,0.0,0.0,0.0,True,True,data/raw\2026-03\south_goa\158600500057_158600500057___shukla_j_keny_36_fps___temporarily_attached_to_fps_79_pradeep_dessai_.json,0.0,0.0,0.0,0.0,0.0,0.0,0.0,0.0,0.0,0.0,0.0,0.0,0.0,0.0,0.0,0.0
2026,Mar,GOA,south_goa,158600500057,SHUKLA J KENY-36 FPS  (Temporarily attached to FPS-79 Pradeep Dessai),0,0,0,0,0.0,0.0,0.0,True,True,data/raw\2026-03\south_goa\158600500057_shukla_j_keny_36_fps___temporarily_attached_to_fps_79_pradeep_dessai_.json,113.0,64.0,2.0,179.0,0.0,0.0,0.0,0.0,113.0,64.0,2.0,179.0,0.0,0.0,0.0,0.0
2026,Mar,GOA,south_goa,158600500058,,0,0,0,0,0.0,0.0,0.0,True,True,data/raw\2026-03\south_goa\158600500058_158600500058___the_progressive_v_k_sty_53_fps.json,0.0,0.0,0.0,0.0,0.0,0.0,0.0,0.0,0.0,0.0,0.0,0.0,0.0,0.0,0.0,0.0
2026,Mar,GOA,south_goa,158600500058,THE PROGRESSIVE V K STY-53 FPS,0,0,0,0,0.0,0.0,0.0,True,True,data/raw\2026-03\south_goa\158600500058_the_progressive_v_k_sty_53_fps.json,233.0,27.0,5.0,265.0,0.0,0.0,0.0,0.0,233.0,27.0,5.0,265.0,0.0,0.0,0.0,0.0
2026,Mar,GOA,south_goa,158600500059,,0,0,0,0,0.0,0.0,0.0,True,True,data/raw\2026-03\south_goa\158600500059_158600500059___curtorim_service_coop__sty_ltd_58_fps.json,0.0,0.0,0.0,0.0,0.0,0.0,0.0,0.0,0.0,0.0,0.0,0.0,0.0,0.0,0.0,0.0
2026,Mar,GOA,south_goa,158600500059,CURTORIM SERVICE COOP. STY LTD-58 FPS,0,0,0,0,0.0,0.0,0.0,True,True,data/raw\2026-03\south_goa\158600500059_curtorim_service_coop__sty_ltd_58_fps.json,124.0,4.0,11.0,139.0,0.0,0.0,0.0,0.0,124.0,4.0,11.0,139.0,0.0,0.0,0.0,0.0
2026,Mar,GOA,south_goa,158600500060,,0,0,0,0,0.0,0.0,0.0,True,True,data/raw\2026-03\south_goa\158600500060_158600500060___village_panchayat_betalbatim_81_fps.json,0.0,0.0,0.0,0.0,0.0,0.0,0.0,0.0,0.0,0.0,0.0,0.0,0.0,0.0,0.0,0.0
2026,Mar,GOA,south_goa,158600500060,VILLAGE PANCHAYAT BETALBATIM-81 FPS,0,0,0,0,0.0,0.0,0.0,True,True,data/raw\2026-03\south_goa\158600500060_village_panchayat_betalbatim_81_fps.json,123.0,2.0,3.0,128.0,0.0,0.0,1.0,1.0,123.0,2.0,3.0,128.0,0.0,0.0,1.0,1.0
2026,Mar,GOA,south_goa,158600500147,,0,0,0,0,0.0,0.0,0.0,True,True,data/raw\2026-03\south_goa\158600500147_158600500147___antonio_fernandes_38_fps.json,0.0,0.0,0.0,0.0,0.0,0.0,0.0,0.0,0.0,0.0,0.0,0.0,0.0,0.0,0.0,0.0
2026,Mar,GOA,south_goa,158600500147,ANTONIO FERNANDES-38 FPS,0,0,0,0,0.0,0.0,0.0,True,True,data/raw\2026-03\south_goa\158600500147_antonio_fernandes_38_fps.json,229.0,68.0,35.0,332.0,0.0,0.0,6.0,6.0,229.0,68.0,35.0,332.0,0.0,0.0,6.0,6.0
2026,Mar,GOA,south_goa,158600500413,,0,0,0,0,0.0,0.0,0.0,True,True,data/raw\2026-03\south_goa\158600500413_158600500413___antonio_fernandes_63_fps.json,0.0,0.0,0.0,0.0,0.0,0.0,0.0,0.0,0.0,0.0,0.0,0.0,0.0,0.0,0.0,0.0
2026,Mar,GOA,south_goa,158600500413,ANTONIO FERNANDES-63 FPS,0,0,0,0,0.0,0.0,0.0,True,True,data/raw\2026-03\south_goa\158600500413_antonio_fernandes_63_fps.json,207.0,62.0,0.0,269.0,0.0,0.0,0.0,0.0,207.0,62.0,0.0,269.0,0.0,0.0,0.0,0.0
2026,Mar,GOA,south_goa,158600500414,,0,0,0,0,0.0,0.0,0.0,True,True,data/raw\2026-03\south_goa\158600500414_158600500414___sandeep_s__dessai_56_fps.json,0.0,0.0,0.0,0.0,0.0,0.0,0.0,0.0,0.0,0.0,0.0,0.0,0.0,0.0,0.0,0.0
2026,Mar,GOA,south_goa,158600500414,SANDEEP S. DESSAI-56 FPS,0,0,0,0,0.0,0.0,0.0,True,True,data/raw\2026-03\south_goa\158600500414_sandeep_s__dessai_56_fps.json,308.0,74.0,34.0,416.0,0.0,0.0,2.0,2.0,307.0,74.0,34.0,415.0,0.0,0.0,2.0,2.0
2026,Mar,GOA,south_goa,158600500415,,0,0,0,0,0.0,0.0,0.0,True,True,data/raw\2026-03\south_goa\158600500415_158600500415___golden_nuvem_consumers__12_62_fps.json,0.0,0.0,0.0,0.0,0.0,0.0,0.0,0.0,0.0,0.0,0.0,0.0,0.0,0.0,0.0,0.0
2026,Mar,GOA,south_goa,158600500415,GOLDEN NUVEM CONSUMERS -12&62 FPS,0,0,0,0,0.0,0.0,0.0,True,True,data/raw\2026-03\south_goa\158600500415_golden_nuvem_consumers__12_62_fps.json,711.0,112.0,50.0,873.0,0.0,0.0,6.0,6.0,711.0,112.0,50.0,873.0,0.0,0.0,6.0,6.0
2026,Mar,GOA,south_goa,158600500416,,0,0,0,0,0.0,0.0,0.0,True,True,data/raw\2026-03\south_goa\158600500416_158600500416___jestrid_lucian_viegas__20_fps.json,0.0,0.0,0.0,0.0,0.0,0.0,0.0,0.0,0.0,0.0,0.0,0.0,0.0,0.0,0.0,0.0
2026,Mar,GOA,south_goa,158600500416,JESTRID LUCIAN VIEGAS- 20 FPS,0,0,0,0,0.0,0.0,0.0,True,True,data/raw\2026-03\south_goa\158600500416_jestrid_lucian_viegas__20_fps.json,162.0,3.0,0.0,165.0,2.0,0.0,0.0,2.0,162.0,3.0,0.0,165.0,2.0,0.0,0.0,2.0
2026,Mar,GOA,south_goa,158600500417,,0,0,0,0,0.0,0.0,0.0,True,True,data/raw\2026-03\south_goa\158600500417_158600500417___village_panchayat_nagoa___92_fps.json,0.0,0.0,0.0,0.0,0.0,0.0,0.0,0.0,0.0,0.0,0.0,0.0,0.0,0.0,0.0,0.0
2026,Mar,GOA,south_goa,158600500417,VILLAGE PANCHAYAT NAGOA - 92 FPS,0,0,0,0,0.0,0.0,0.0,True,True,data/raw\2026-03\south_goa\158600500417_village_panchayat_nagoa___92_fps.json,103.0,3.0,21.0,127.0,0.0,0.0,3.0,3.0,103.0,3.0,20.0,126.0,0.0,0.0,3.0,3.0
2026,Mar,GOA,south_goa,158600500420,,0,0,0,0,0.0,0.0,0.0,True,True,data/raw\2026-03\south_goa\158600500420_158600500420___curtorim_service_co_operative_society_ltd.json,0.0,0.0,0.0,0.0,0.0,0.0,0.0,0.0,0.0,0.0,0.0,0.0,0.0,0.0,0.0,0.0
2026,Mar,GOA,south_goa,158600500420,CURTORIM SERVICE CO-OPERATIVE SOCIETY LTD,0,0,0,0,0.0,0.0,0.0,True,True,data/raw\2026-03\south_goa\158600500420_curtorim_service_co_operative_society_ltd.json,125.0,0.0,0.0,125.0,0.0,0.0,0.0,0.0,125.0,0.0,0.0,125.0,0.0,0.0,0.0,0.0
2026,Mar,GOA,south_goa,158600500421,,0,0,0,0,0.0,0.0,0.0,True,True,data/raw\2026-03\south_goa\158600500421_158600500421___mrs__namrata__d__rivonkar_alias_namrata_s_raikar__fps_no_93.json,0.0,0.0,0.0,0.0,0.0,0.0,0.0,0.0,0.0,0.0,0.0,0.0,0.0,0.0,0.0,0.0
2026,Mar,GOA,south_goa,158600500421,MRS. NAMRATA  D. RIVONKAR ALIAS NAMRATA S.RAIKAR  FPS NO.93,0,0,0,0,0.0,0.0,0.0,True,True,data/raw\2026-03\south_goa\158600500421_mrs__namrata__d__rivonkar_alias_namrata_s_raikar__fps_no_93.json,303.0,30.0,11.0,344.0,0.0,0.0,1.0,1.0,303.0,30.0,11.0,344.0,0.0,0.0,1.0,1.0
2026,Mar,GOA,south_goa,158600500422,,0,0,0,0,0.0,0.0,0.0,True,True,data/raw\2026-03\south_goa\158600500422_158600500422___mrs_sufala_kailas_dessai___fps_94.json,0.0,0.0,0.0,0.0,0.0,0.0,0.0,0.0,0.0,0.0,0.0,0.0,0.0,0.0,0.0,0.0
2026,Mar,GOA,south_goa,158600500422,MRS SUFALA KAILAS DESSAI  -FPS 94,0,0,0,0,0.0,0.0,0.0,True,True,data/raw\2026-03\south_goa\158600500422_mrs_sufala_kailas_dessai___fps_94.json,37.0,33.0,6.0,76.0,0.0,0.0,1.0,1.0,37.0,33.0,6.0,76.0,0.0,0.0,1.0,1.0
2026,Mar,GOA,south_goa,158600500423,,0,0,0,0,0.0,0.0,0.0,True,True,data/raw\2026-03\south_goa\158600500423_.json,84.0,184.0,0.0,268.0,0.0,0.0,0.0,0.0,84.0,184.0,0.0,268.0,0.0,0.0,0.0,0.0
2026,Mar,GOA,south_goa,158600500423,,0,0,0,0,0.0,0.0,0.0,True,True,data/raw\2026-03\south_goa\158600500423_158600500423__.json,0.0,0.0,0.0,0.0,0.0,0.0,0.0,0.0,0.0,0.0,0.0,0.0,0.0,0.0,0.0,0.0
2026,Mar,GOA,south_goa,158600700001,,0,0,0,0,0.0,0.0,0.0,True,True,data/raw\2026-03\south_goa\158600700001_158600700001___ponda_cons_corp_sty_ltd_1_fps.json,0.0,0.0,0.0,0.0,0.0,0.0,0.0,0.0,0.0,0.0,0.0,0.0,0.0,0.0,0.0,0.0
2026,Mar,GOA,south_goa,158600700001,PONDA CONS CORP STY LTD-1 FPS,0,0,0,0,0.0,0.0,0.0,True,True,data/raw\2026-03\south_goa\158600700001_ponda_cons_corp_sty_ltd_1_fps.json,196.0,3.0,20.0,219.0,36.0,0.0,1.0,37.0,196.0,3.0,20.0,219.0,36.0,0.0,1.0,37.0
2026,Mar,GOA,south_goa,158600700002,,0,0,0,0,0.0,0.0,0.0,True,True,data/raw\2026-03\south_goa\158600700002_158600700002___ponda_cons_co_op_sty_ltd__2_fps.json,0.0,0.0,0.0,0.0,0.0,0.0,0.0,0.0,0.0,0.0,0.0,0.0,0.0,0.0,0.0,0.0
2026,Mar,GOA,south_goa,158600700002,PONDA CONS CO OP STY LTD -2 FPS,0,0,0,0,0.0,0.0,0.0,True,True,data/raw\2026-03\south_goa\158600700002_ponda_cons_co_op_sty_ltd__2_fps.json,130.0,1.0,0.0,131.0,18.0,0.0,0.0,18.0,130.0,1.0,0.0,131.0,18.0,0.0,0.0,18.0
2026,Mar,GOA,south_goa,158600700003,,0,0,0,0,0.0,0.0,0.0,True,True,data/raw\2026-03\south_goa\158600700003_158600700003___ponda_cons_co_op_sty_ltd_3_fps.json,0.0,0.0,0.0,0.0,0.0,0.0,0.0,0.0,0.0,0.0,0.0,0.0,0.0,0.0,0.0,0.0
2026,Mar,GOA,south_goa,158600700003,PONDA CONS CO OP STY LTD-3 FPS,0,0,0,0,0.0,0.0,0.0,True,True,data/raw\2026-03\south_goa\158600700003_ponda_cons_co_op_sty_ltd_3_fps.json,208.0,1.0,31.0,240.0,37.0,0.0,3.0,40.0,208.0,1.0,31.0,240.0,37.0,0.0,3.0,40.0
2026,Mar,GOA,south_goa,158600700011,,0,0,0,0,0.0,0.0,0.0,True,True,data/raw\2026-03\south_goa\158600700011_158600700011___ravalnath_vks_society_ltd_13_fps.json,0.0,0.0,0.0,0.0,0.0,0.0,0.0,0.0,0.0,0.0,0.0,0.0,0.0,0.0,0.0,0.0
2026,Mar,GOA,south_goa,158600700011,RAVALNATH VKS SOCIETY LTD-13 FPS,0,0,0,0,0.0,0.0,0.0,True,True,data/raw\2026-03\south_goa\158600700011_ravalnath_vks_society_ltd_13_fps.json,169.0,24.0,1.0,194.0,7.0,0.0,0.0,7.0,169.0,24.0,1.0,194.0,7.0,0.0,0.0,7.0
2026,Mar,GOA,south_goa,158600700021,,0,0,0,0,0.0,0.0,0.0,True,True,data/raw\2026-03\south_goa\158600700021_158600700021___conxem_nirankal_v_k_society_27_fps.json,0.0,0.0,0.0,0.0,0.0,0.0,0.0,0.0,0.0,0.0,0.0,0.0,0.0,0.0,0.0,0.0
2026,Mar,GOA,south_goa,158600700021,CONXEM NIRANKAL V K SOCIETY-27 FPS,0,0,0,0,0.0,0.0,0.0,True,True,data/raw\2026-03\south_goa\158600700021_conxem_nirankal_v_k_society_27_fps.json,255.0,0.0,0.0,255.0,28.0,0.0,0.0,28.0,255.0,0.0,0.0,255.0,28.0,0.0,0.0,28.0
2026,Mar,GOA,south_goa,158600700022,,0,0,0,0,0.0,0.0,0.0,True,True,data/raw\2026-03\south_goa\158600700022_158600700022___bhom_adcolna_v_k_s_s__society_ltd_56_fps.json,0.0,0.0,0.0,0.0,0.0,0.0,0.0,0.0,0.0,0.0,0.0,0.0,0.0,0.0,0.0,0.0
2026,Mar,GOA,south_goa,158600700022,BHOM ADCOLNA V.K.S.S. SOCIETY LTD-56 FPS,0,0,0,0,0.0,0.0,0.0,True,True,data/raw\2026-03\south_goa\158600700022_bhom_adcolna_v_k_s_s__society_ltd_56_fps.json,204.0,4.0,0.0,208.0,0.0,0.0,0.0,0.0,204.0,4.0,0.0,208.0,0.0,0.0,0.0,0.0
2026,Mar,GOA,south_goa,158600700023,,0,0,0,0,0.0,0.0,0.0,True,True,data/raw\2026-03\south_goa\158600700023_158600700023___datta_ramnath_nayak_31_fps.json,0.0,0.0,0.0,0.0,0.0,0.0,0.0,0.0,0.0,0.0,0.0,0.0,0.0,0.0,0.0,0.0
2026,Mar,GOA,south_goa,158600700023,DATTA RAMNATH NAYAK-31 FPS,0,0,0,0,0.0,0.0,0.0,True,True,data/raw\2026-03\south_goa\158600700023_datta_ramnath_nayak_31_fps.json,137.0,0.0,0.0,137.0,27.0,0.0,0.0,27.0,137.0,0.0,0.0,137.0,27.0,0.0,0.0,27.0
2026,Mar,GOA,south_goa,158600700025,,0,0,0,0,0.0,0.0,0.0,True,True,data/raw\2026-03\south_goa\158600700025_158600700025___ponda_cons_oop__sty_ltd_5_fps.json,0.0,0.0,0.0,0.0,0.0,0.0,0.0,0.0,0.0,0.0,0.0,0.0,0.0,0.0,0.0,0.0
2026,Mar,GOA,south_goa,158600700025,PONDA CONS.OOP. STY LTD-5 FPS,0,0,0,0,0.0,0.0,0.0,True,True,data/raw\2026-03\south_goa\158600700025_ponda_cons_oop__sty_ltd_5_fps.json,290.0,2.0,0.0,292.0,14.0,0.0,0.0,14.0,290.0,2.0,0.0,292.0,14.0,0.0,0.0,14.0
2026,Mar,GOA,south_goa,158600700026,,0,0,0,0,0.0,0.0,0.0,True,True,data/raw\2026-03\south_goa\158600700026_158600700026___navodit_veling_priol_vkss_society_6_fps.json,0.0,0.0,0.0,0.0,0.0,0.0,0.0,0.0,0.0,0.0,0.0,0.0,0.0,0.0,0.0,0.0
2026,Mar,GOA,south_goa,158600700026,NAVODIT VELING PRIOL VKSS SOCIETY-6 FPS,0,0,0,0,0.0,0.0,0.0,True,True,data/raw\2026-03\south_goa\158600700026_navodit_veling_priol_vkss_society_6_fps.json,379.0,1.0,0.0,380.0,15.0,0.0,0.0,15.0,379.0,1.0,0.0,380.0,15.0,0.0,0.0,15.0
2026,Mar,GOA,south_goa,158600700027,,0,0,0,0,0.0,0.0,0.0,True,True,data/raw\2026-03\south_goa\158600700027_158600700027___navodit_veling_priol_vkss_sty_7_fps.json,0.0,0.0,0.0,0.0,0.0,0.0,0.0,0.0,0.0,0.0,0.0,0.0,0.0,0.0,0.0,0.0
2026,Mar,GOA,south_goa,158600700027,NAVODIT VELING PRIOL VKSS STY-7 FPS,0,0,0,0,0.0,0.0,0.0,True,True,data/raw\2026-03\south_goa\158600700027_navodit_veling_priol_vkss_sty_7_fps.json,412.0,1.0,0.0,413.0,18.0,0.0,0.0,18.0,412.0,1.0,0.0,413.0,18.0,0.0,0.0,18.0
2026,Mar,GOA,south_goa,158600700028,,0,0,0,0,0.0,0.0,0.0,True,True,data/raw\2026-03\south_goa\158600700028_158600700028___sanjayana_s__sawant___8_fps.json,0.0,0.0,0.0,0.0,0.0,0.0,0.0,0.0,0.0,0.0,0.0,0.0,0.0,0.0,0.0,0.0
2026,Mar,GOA,south_goa,158600700028,SANJAYANA S. SAWANT - 8 FPS,0,0,0,0,0.0,0.0,0.0,True,True,data/raw\2026-03\south_goa\158600700028_sanjayana_s__sawant___8_fps.json,353.0,0.0,0.0,353.0,1.0,0.0,0.0,1.0,353.0,0.0,0.0,353.0,1.0,0.0,0.0,1.0
2026,Mar,GOA,south_goa,158600700029,,0,0,0,0,0.0,0.0,0.0,True,True,data/raw\2026-03\south_goa\158600700029_158600700029___adarsh_v_k_s_society_10_fps.json,0.0,0.0,0.0,0.0,0.0,0.0,0.0,0.0,0.0,0.0,0.0,0.0,0.0,0.0,0.0,0.0
2026,Mar,GOA,south_goa,158600700029,ADARSH V.K.S SOCIETY-10 FPS,0,0,0,0,0.0,0.0,0.0,True,True,data/raw\2026-03\south_goa\158600700029_adarsh_v_k_s_society_10_fps.json,930.0,1.0,0.0,931.0,70.0,0.0,0.0,70.0,930.0,1.0,0.0,931.0,70.0,0.0,0.0,70.0
2026,Mar,GOA,south_goa,158600700030,,0,0,0,0,0.0,0.0,0.0,True,True,data/raw\2026-03\south_goa\158600700030_158600700030___shri_shantadurga_consumer_coop_society_ltd_11_fps.json,0.0,0.0,0.0,0.0,0.0,0.0,0.0,0.0,0.0,0.0,0.0,0.0,0.0,0.0,0.0,0.0
2026,Mar,GOA,south_goa,158600700030,SHRI SHANTADURGA CONSUMER COOP SOCIETY LTD-11 FPS,0,0,0,0,0.0,0.0,0.0,True,True,data/raw\2026-03\south_goa\158600700030_shri_shantadurga_consumer_coop_society_ltd_11_fps.json,298.0,2.0,14.0,314.0,24.0,0.0,2.0,26.0,298.0,2.0,14.0,314.0,24.0,0.0,2.0,26.0
2026,Mar,GOA,south_goa,158600700031,,0,0,0,0,0.0,0.0,0.0,True,True,data/raw\2026-03\south_goa\158600700031_158600700031___janata_v_k_s_s_society_ltd_14_fps.json,0.0,0.0,0.0,0.0,0.0,0.0,0.0,0.0,0.0,0.0,0.0,0.0,0.0,0.0,0.0,0.0
2026,Mar,GOA,south_goa,158600700031,JANATA V K S S SOCIETY LTD-14 FPS,0,0,0,0,0.0,0.0,0.0,True,True,data/raw\2026-03\south_goa\158600700031_janata_v_k_s_s_society_ltd_14_fps.json,190.0,27.0,0.0,217.0,9.0,0.0,0.0,9.0,190.0,27.0,0.0,217.0,9.0,0.0,0.0,9.0
2026,Mar,GOA,south_goa,158600700032,,0,0,0,0,0.0,0.0,0.0,True,True,data/raw\2026-03\south_goa\158600700032_158600700032___jai_bharat_vkss_sty_ltd_15_fps.json,0.0,0.0,0.0,0.0,0.0,0.0,0.0,0.0,0.0,0.0,0.0,0.0,0.0,0.0,0.0,0.0
2026,Mar,GOA,south_goa,158600700032,JAI BHARAT VKSS STY LTD-15 FPS,0,0,0,0,0.0,0.0,0.0,True,True,data/raw\2026-03\south_goa\158600700032_jai_bharat_vkss_sty_ltd_15_fps.json,424.0,1.0,0.0,425.0,4.0,0.0,0.0,4.0,424.0,1.0,0.0,425.0,4.0,0.0,0.0,4.0
2026,Mar,GOA,south_goa,158600700033,,0,0,0,0,0.0,0.0,0.0,True,True,data/raw\2026-03\south_goa\158600700033_158600700033___savoi_verem_vkss_sty_ltd_17_fps.json,0.0,0.0,0.0,0.0,0.0,0.0,0.0,0.0,0.0,0.0,0.0,0.0,0.0,0.0,0.0,0.0
2026,Mar,GOA,south_goa,158600700033,SAVOI-VEREM VKSS STY LTD-17 FPS,0,0,0,0,0.0,0.0,0.0,True,True,data/raw\2026-03\south_goa\158600700033_savoi_verem_vkss_sty_ltd_17_fps.json,528.0,1.0,0.0,529.0,53.0,0.0,0.0,53.0,528.0,1.0,0.0,529.0,53.0,0.0,0.0,53.0
2026,Mar,GOA,south_goa,158600700034,,0,0,0,0,0.0,0.0,0.0,True,True,data/raw\2026-03\south_goa\158600700034_158600700034___shashikant_datta_naik_22_fps.json,0.0,0.0,0.0,0.0,0.0,0.0,0.0,0.0,0.0,0.0,0.0,0.0,0.0,0.0,0.0,0.0
2026,Mar,GOA,south_goa,158600700034,SHASHIKANT DATTA NAIK-22 FPS,0,0,0,0,0.0,0.0,0.0,True,True,data/raw\2026-03\south_goa\158600700034_shashikant_datta_naik_22_fps.json,446.0,4.0,2.0,452.0,12.0,0.0,0.0,12.0,446.0,4.0,2.0,452.0,12.0,0.0,0.0,12.0
2026,Mar,GOA,south_goa,158600700035,,0,0,0,0,0.0,0.0,0.0,True,True,data/raw\2026-03\south_goa\158600700035_158600700035___shri_krishna_vkss_society_ltd_23_fps.json,0.0,0.0,0.0,0.0,0.0,0.0,0.0,0.0,0.0,0.0,0.0,0.0,0.0,0.0,0.0,0.0
2026,Mar,GOA,south_goa,158600700035,SHRI KRISHNA VKSS SOCIETY LTD-23 FPS,0,0,0,0,0.0,0.0,0.0,True,True,data/raw\2026-03\south_goa\158600700035_shri_krishna_vkss_society_ltd_23_fps.json,482.0,6.0,4.0,492.0,11.0,0.0,0.0,11.0,482.0,6.0,4.0,492.0,11.0,0.0,0.0,11.0
2026,Mar,GOA,south_goa,158600700036,,0,0,0,0,0.0,0.0,0.0,True,True,data/raw\2026-03\south_goa\158600700036_158600700036___betque_khandola_cons_cooperative_society_ltd_24_fps.json,0.0,0.0,0.0,0.0,0.0,0.0,0.0,0.0,0.0,0.0,0.0,0.0,0.0,0.0,0.0,0.0
2026,Mar,GOA,south_goa,158600700036,BETQUE-KHANDOLA CONS COOPERATIVE SOCIETY LTD-24 FPS,0,0,0,0,0.0,0.0,0.0,True,True,data/raw\2026-03\south_goa\158600700036_betque_khandola_cons_cooperative_society_ltd_24_fps.json,193.0,3.0,0.0,196.0,22.0,1.0,0.0,23.0,193.0,3.0,0.0,196.0,22.0,1.0,0.0,23.0
2026,Mar,GOA,south_goa,158600700038,,0,0,0,0,0.0,0.0,0.0,True,True,data/raw\2026-03\south_goa\158600700038_158600700038___sunil_m__tendulkar_35_fps.json,0.0,0.0,0.0,0.0,0.0,0.0,0.0,0.0,0.0,0.0,0.0,0.0,0.0,0.0,0.0,0.0
2026,Mar,GOA,south_goa,158600700038,SUNIL M. TENDULKAR-35 FPS,0,0,0,0,0.0,0.0,0.0,True,True,data/raw\2026-03\south_goa\158600700038_sunil_m__tendulkar_35_fps.json,289.0,0.0,0.0,289.0,0.0,0.0,0.0,0.0,289.0,0.0,0.0,289.0,0.0,0.0,0.0,0.0
2026,Mar,GOA,south_goa,158600700041,,0,0,0,0,0.0,0.0,0.0,True,True,data/raw\2026-03\south_goa\158600700041_158600700041___conxem_nirankal_v_k_sty_ltd_38_fps.json,0.0,0.0,0.0,0.0,0.0,0.0,0.0,0.0,0.0,0.0,0.0,0.0,0.0,0.0,0.0,0.0
2026,Mar,GOA,south_goa,158600700041,CONXEM NIRANKAL V.K.STY LTD-38 FPS,0,0,0,0,0.0,0.0,0.0,True,True,data/raw\2026-03\south_goa\158600700041_conxem_nirankal_v_k_sty_ltd_38_fps.json,390.0,6.0,0.0,396.0,18.0,0.0,0.0,18.0,390.0,6.0,0.0,396.0,18.0,0.0,0.0,18.0
2026,Mar,GOA,south_goa,158600700042,,0,0,0,0,0.0,0.0,0.0,True,True,data/raw\2026-03\south_goa\158600700042_158600700042___s_k_shet_42_fps.json,0.0,0.0,0.0,0.0,0.0,0.0,0.0,0.0,0.0,0.0,0.0,0.0,0.0,0.0,0.0,0.0
2026,Mar,GOA,south_goa,158600700042,S.K.SHET-42 FPS,0,0,0,0,0.0,0.0,0.0,True,True,data/raw\2026-03\south_goa\158600700042_s_k_shet_42_fps.json,8.0,26.0,0.0,34.0,0.0,0.0,0.0,0.0,8.0,26.0,0.0,34.0,0.0,0.0,0.0,0.0
2026,Mar,GOA,south_goa,158600700043,,0,0,0,0,0.0,0.0,0.0,True,True,data/raw\2026-03\south_goa\158600700043_158600700043___conxem_nirankal_v_k_s_sty_ltd_45_fps.json,0.0,0.0,0.0,0.0,0.0,0.0,0.0,0.0,0.0,0.0,0.0,0.0,0.0,0.0,0.0,0.0
2026,Mar,GOA,south_goa,158600700043,CONXEM NIRANKAL V.K.S STY LTD-45 FPS,0,0,0,0,0.0,0.0,0.0,True,True,data/raw\2026-03\south_goa\158600700043_conxem_nirankal_v_k_s_sty_ltd_45_fps.json,57.0,0.0,0.0,57.0,5.0,0.0,0.0,5.0,57.0,0.0,0.0,57.0,5.0,0.0,0.0,5.0
2026,Mar,GOA,south_goa,158600700044,,0,0,0,0,0.0,0.0,0.0,True,True,data/raw\2026-03\south_goa\158600700044_158600700044___rupali_m_naik_46_fps.json,0.0,0.0,0.0,0.0,0.0,0.0,0.0,0.0,0.0,0.0,0.0,0.0,0.0,0.0,0.0,0.0
2026,Mar,GOA,south_goa,158600700044,RUPALI M NAIK-46 FPS,0,0,0,0,0.0,0.0,0.0,True,True,data/raw\2026-03\south_goa\158600700044_rupali_m_naik_46_fps.json,180.0,2.0,14.0,196.0,5.0,0.0,0.0,5.0,180.0,2.0,14.0,196.0,5.0,0.0,0.0,5.0
2026,Mar,GOA,south_goa,158600700045,,0,0,0,0,0.0,0.0,0.0,True,True,data/raw\2026-03\south_goa\158600700045_158600700045___ponda_cons_co_op_sty_ltd_49_fps.json,0.0,0.0,0.0,0.0,0.0,0.0,0.0,0.0,0.0,0.0,0.0,0.0,0.0,0.0,0.0,0.0
2026,Mar,GOA,south_goa,158600700045,PONDA CONS CO-OP STY LTD-49 FPS,0,0,0,0,0.0,0.0,0.0,True,True,data/raw\2026-03\south_goa\158600700045_ponda_cons_co_op_sty_ltd_49_fps.json,269.0,0.0,0.0,269.0,0.0,0.0,0.0,0.0,269.0,0.0,0.0,269.0,0.0,0.0,0.0,0.0
2026,Mar,GOA,south_goa,158600700047,,0,0,0,0,0.0,0.0,0.0,True,True,data/raw\2026-03\south_goa\158600700047_158600700047___lalita_d_borkar_55_fps.json,0.0,0.0,0.0,0.0,0.0,0.0,0.0,0.0,0.0,0.0,0.0,0.0,0.0,0.0,0.0,0.0
2026,Mar,GOA,south_goa,158600700047,LALITA D BORKAR-55 FPS,0,0,0,0,0.0,0.0,0.0,True,True,data/raw\2026-03\south_goa\158600700047_lalita_d_borkar_55_fps.json,663.0,9.0,10.0,682.0,51.0,0.0,3.0,54.0,663.0,9.0,10.0,682.0,51.0,0.0,3.0,54.0
2026,Mar,GOA,south_goa,158600700048,,0,0,0,0,0.0,0.0,0.0,True,True,data/raw\2026-03\south_goa\158600700048_158600700048___bhoma_adcolna_v_k_s_s_sty_ltd_30_fps.json,0.0,0.0,0.0,0.0,0.0,0.0,0.0,0.0,0.0,0.0,0.0,0.0,0.0,0.0,0.0,0.0
2026,Mar,GOA,south_goa,158600700048,BHOMA ADCOLNA V.K.S.S STY LTD-30 FPS,0,0,0,0,0.0,0.0,0.0,True,True,data/raw\2026-03\south_goa\158600700048_bhoma_adcolna_v_k_s_s_sty_ltd_30_fps.json,225.0,0.0,0.0,225.0,25.0,0.0,0.0,25.0,225.0,0.0,0.0,225.0,25.0,0.0,0.0,25.0
2026,Mar,GOA,south_goa,158600700050,,0,0,0,0,0.0,0.0,0.0,True,True,data/raw\2026-03\south_goa\158600700050_158600700050___betque_khandola_conscooperative_society_ltd_57_fps.json,0.0,0.0,0.0,0.0,0.0,0.0,0.0,0.0,0.0,0.0,0.0,0.0,0.0,0.0,0.0,0.0
2026,Mar,GOA,south_goa,158600700050,BETQUE KHANDOLA CONSCOOPERATIVE SOCIETY LTD-57 FPS,0,0,0,0,0.0,0.0,0.0,True,True,data/raw\2026-03\south_goa\158600700050_betque_khandola_conscooperative_society_ltd_57_fps.json,263.0,5.0,9.0,277.0,19.0,0.0,2.0,21.0,263.0,5.0,9.0,277.0,19.0,0.0,2.0,21.0
2026,Mar,GOA,south_goa,158600700051,,0,0,0,0,0.0,0.0,0.0,True,True,data/raw\2026-03\south_goa\158600700051_158600700051___bandiwade_v_k_s_society_18_fps.json,0.0,0.0,0.0,0.0,0.0,0.0,0.0,0.0,0.0,0.0,0.0,0.0,0.0,0.0,0.0,0.0
2026,Mar,GOA,south_goa,158600700051,BANDIWADE V.K.S SOCIETY-18 FPS,0,0,0,0,0.0,0.0,0.0,True,True,data/raw\2026-03\south_goa\158600700051_bandiwade_v_k_s_society_18_fps.json,346.0,9.0,1.0,356.0,9.0,0.0,0.0,9.0,346.0,9.0,1.0,356.0,9.0,0.0,0.0,9.0
2026,Mar,GOA,south_goa,158600700052,,0,0,0,0,0.0,0.0,0.0,True,True,data/raw\2026-03\south_goa\158600700052_158600700052___bandiwade_v_k_s_society_19_fps.json,0.0,0.0,0.0,0.0,0.0,0.0,0.0,0.0,0.0,0.0,0.0,0.0,0.0,0.0,0.0,0.0
2026,Mar,GOA,south_goa,158600700052,BANDIWADE V.K.S SOCIETY-19 FPS,0,0,0,0,0.0,0.0,0.0,True,True,data/raw\2026-03\south_goa\158600700052_bandiwade_v_k_s_society_19_fps.json,185.0,3.0,0.0,188.0,6.0,0.0,0.0,6.0,185.0,3.0,0.0,188.0,6.0,0.0,0.0,6.0
2026,Mar,GOA,south_goa,158600700053,,0,0,0,0,0.0,0.0,0.0,True,True,data/raw\2026-03\south_goa\158600700053_158600700053___bandiwade_v_k_s_society_48_fps.json,0.0,0.0,0.0,0.0,0.0,0.0,0.0,0.0,0.0,0.0,0.0,0.0,0.0,0.0,0.0,0.0
2026,Mar,GOA,south_goa,158600700053,BANDIWADE V.K.S SOCIETY-48 FPS,0,0,0,0,0.0,0.0,0.0,True,True,data/raw\2026-03\south_goa\158600700053_bandiwade_v_k_s_society_48_fps.json,120.0,1.0,0.0,121.0,2.0,0.0,0.0,2.0,120.0,1.0,0.0,121.0,2.0,0.0,0.0,2.0
2026,Mar,GOA,south_goa,158600700055,,0,0,0,0,0.0,0.0,0.0,True,True,data/raw\2026-03\south_goa\158600700055_158600700055___kalanath_bhagwati_con_c_op_sty_ltd_12_fps.json,0.0,0.0,0.0,0.0,0.0,0.0,0.0,0.0,0.0,0.0,0.0,0.0,0.0,0.0,0.0,0.0
2026,Mar,GOA,south_goa,158600700055,KALANATH BHAGWATI CON C OP STY LTD-12 FPS,0,0,0,0,0.0,0.0,0.0,True,True,data/raw\2026-03\south_goa\158600700055_kalanath_bhagwati_con_c_op_sty_ltd_12_fps.json,434.0,0.0,0.0,434.0,27.0,0.0,0.0,27.0,434.0,0.0,0.0,434.0,27.0,0.0,0.0,27.0
2026,Mar,GOA,south_goa,158600700057,,0,0,0,0,0.0,0.0,0.0,True,True,data/raw\2026-03\south_goa\158600700057_158600700057___shri_kalanath_bhagwati_con_co_op_sty_ltd_37_fps.json,0.0,0.0,0.0,0.0,0.0,0.0,0.0,0.0,0.0,0.0,0.0,0.0,0.0,0.0,0.0,0.0
2026,Mar,GOA,south_goa,158600700057,SHRI KALANATH BHAGWATI CON CO OP STY LTD-37 FPS,0,0,0,0,0.0,0.0,0.0,True,True,data/raw\2026-03\south_goa\158600700057_shri_kalanath_bhagwati_con_co_op_sty_ltd_37_fps.json,137.0,0.0,0.0,137.0,0.0,0.0,0.0,0.0,137.0,0.0,0.0,137.0,0.0,0.0,0.0,0.0
2026,Mar,GOA,south_goa,158600700058,,0,0,0,0,0.0,0.0,0.0,True,True,data/raw\2026-03\south_goa\158600700058_158600700058___tisk_grahak_s_s_maryadit_44_fps.json,0.0,0.0,0.0,0.0,0.0,0.0,0.0,0.0,0.0,0.0,0.0,0.0,0.0,0.0,0.0,0.0
2026,Mar,GOA,south_goa,158600700058,TISK GRAHAK S S MARYADIT-44 FPS,0,0,0,0,0.0,0.0,0.0,True,True,data/raw\2026-03\south_goa\158600700058_tisk_grahak_s_s_maryadit_44_fps.json,210.0,2.0,0.0,212.0,0.0,0.0,0.0,0.0,210.0,2.0,0.0,212.0,0.0,0.0,0.0,0.0
2026,Mar,GOA,south_goa,158600700059,,0,0,0,0,0.0,0.0,0.0,True,True,data/raw\2026-03\south_goa\158600700059_158600700059___shivanand_g_dangui_59_fps.json,0.0,0.0,0.0,0.0,0.0,0.0,0.0,0.0,0.0,0.0,0.0,0.0,0.0,0.0,0.0,0.0
2026,Mar,GOA,south_goa,158600700059,SHIVANAND G DANGUI-59 FPS,0,0,0,0,0.0,0.0,0.0,True,True,data/raw\2026-03\south_goa\158600700059_shivanand_g_dangui_59_fps.json,778.0,24.0,78.0,880.0,21.0,0.0,3.0,24.0,776.0,24.0,78.0,878.0,21.0,0.0,3.0,24.0
2026,Mar,GOA,south_goa,158600700060,,0,0,0,0,0.0,0.0,0.0,True,True,data/raw\2026-03\south_goa\158600700060_158600700060___madhubala_raya_tilve_26_fps.json,0.0,0.0,0.0,0.0,0.0,0.0,0.0,0.0,0.0,0.0,0.0,0.0,0.0,0.0,0.0,0.0
2026,Mar,GOA,south_goa,158600700060,MADHUBALA RAYA TILVE-26 FPS,0,0,0,0,0.0,0.0,0.0,True,True,data/raw\2026-03\south_goa\158600700060_madhubala_raya_tilve_26_fps.json,609.0,1.0,0.0,610.0,3.0,0.0,0.0,3.0,609.0,1.0,0.0,610.0,3.0,0.0,0.0,3.0
2026,Mar,GOA,south_goa,158600700147,,0,0,0,0,0.0,0.0,0.0,True,True,data/raw\2026-03\south_goa\158600700147_158600700147___sanjay_s__naik_raikar_43_fps.json,0.0,0.0,0.0,0.0,0.0,0.0,0.0,0.0,0.0,0.0,0.0,0.0,0.0,0.0,0.0,0.0
2026,Mar,GOA,south_goa,158600700147,SANJAY S. NAIK RAIKAR-43 FPS,0,0,0,0,0.0,0.0,0.0,True,True,data/raw\2026-03\south_goa\158600700147_sanjay_s__naik_raikar_43_fps.json,547.0,7.0,6.0,560.0,27.0,1.0,1.0,29.0,547.0,7.0,6.0,560.0,27.0,1.0,1.0,29.0
2026,Mar,GOA,south_goa,158600700180,,0,0,0,0,0.0,0.0,0.0,True,True,data/raw\2026-03\south_goa\158600700180_158600700180___ravalnath_v_k_s_sty_40_fps.json,0.0,0.0,0.0,0.0,0.0,0.0,0.0,0.0,0.0,0.0,0.0,0.0,0.0,0.0,0.0,0.0
2026,Mar,GOA,south_goa,158600700180,RAVALNATH V K S STY-40 FPS,0,0,0,0,0.0,0.0,0.0,True,True,data/raw\2026-03\south_goa\158600700180_ravalnath_v_k_s_sty_40_fps.json,150.0,22.0,0.0,172.0,1.0,0.0,0.0,1.0,150.0,22.0,0.0,172.0,1.0,0.0,0.0,1.0
2026,Mar,GOA,south_goa,158600700182,,0,0,0,0,0.0,0.0,0.0,True,True,data/raw\2026-03\south_goa\158600700182_158600700182___kapil_c__sardessai___21_fps.json,0.0,0.0,0.0,0.0,0.0,0.0,0.0,0.0,0.0,0.0,0.0,0.0,0.0,0.0,0.0,0.0
2026,Mar,GOA,south_goa,158600700182,KAPIL C. SARDESSAI - 21 FPS,0,0,0,0,0.0,0.0,0.0,True,True,data/raw\2026-03\south_goa\158600700182_kapil_c__sardessai___21_fps.json,56.0,0.0,2.0,58.0,0.0,0.0,0.0,0.0,56.0,0.0,2.0,58.0,0.0,0.0,0.0,0.0
2026,Mar,GOA,south_goa,158600700186,,0,0,0,0,0.0,0.0,0.0,True,True,data/raw\2026-03\south_goa\158600700186_158600700186___aparna_v__mandrekar_25_fps.json,0.0,0.0,0.0,0.0,0.0,0.0,0.0,0.0,0.0,0.0,0.0,0.0,0.0,0.0,0.0,0.0
2026,Mar,GOA,south_goa,158600700186,APARNA V. MANDREKAR-25 FPS,0,0,0,0,0.0,0.0,0.0,True,True,data/raw\2026-03\south_goa\158600700186_aparna_v__mandrekar_25_fps.json,238.0,30.0,0.0,268.0,7.0,0.0,0.0,7.0,238.0,30.0,0.0,268.0,7.0,0.0,0.0,7.0
2026,Mar,GOA,south_goa,158600700188,,0,0,0,0,0.0,0.0,0.0,True,True,data/raw\2026-03\south_goa\158600700188_158600700188___francisca_sinda_de_souza_36_fps.json,0.0,0.0,0.0,0.0,0.0,0.0,0.0,0.0,0.0,0.0,0.0,0.0,0.0,0.0,0.0,0.0
2026,Mar,GOA,south_goa,158600700188,FRANCISCA SINDA DE SOUZA-36 FPS,0,0,0,0,0.0,0.0,0.0,True,True,data/raw\2026-03\south_goa\158600700188_francisca_sinda_de_souza_36_fps.json,90.0,0.0,0.0,90.0,1.0,0.0,0.0,1.0,90.0,0.0,0.0,90.0,1.0,0.0,0.0,1.0
2026,Mar,GOA,south_goa,158600700189,,0,0,0,0,0.0,0.0,0.0,True,True,data/raw\2026-03\south_goa\158600700189_158600700189___manoj_k__sawant__20_fps.json,0.0,0.0,0.0,0.0,0.0,0.0,0.0,0.0,0.0,0.0,0.0,0.0,0.0,0.0,0.0,0.0
2026,Mar,GOA,south_goa,158600700189,MANOJ K. SAWANT- 20 FPS,0,0,0,0,0.0,0.0,0.0,True,True,data/raw\2026-03\south_goa\158600700189_manoj_k__sawant__20_fps.json,60.0,1.0,0.0,61.0,0.0,0.0,0.0,0.0,60.0,1.0,0.0,61.0,0.0,0.0,0.0,0.0
2026,Mar,GOA,south_goa,158600700190,,0,0,0,0,0.0,0.0,0.0,True,True,data/raw\2026-03\south_goa\158600700190_158600700190___kamini_vishwanath_naik_fps_33.json,0.0,0.0,0.0,0.0,0.0,0.0,0.0,0.0,0.0,0.0,0.0,0.0,0.0,0.0,0.0,0.0
2026,Mar,GOA,south_goa,158600700190,KAMINI VISHWANATH NAIK FPS 33,0,0,0,0,0.0,0.0,0.0,True,True,data/raw\2026-03\south_goa\158600700190_kamini_vishwanath_naik_fps_33.json,125.0,0.0,0.0,125.0,25.0,0.0,0.0,25.0,125.0,0.0,0.0,125.0,25.0,0.0,0.0,25.0
2026,Mar,GOA,south_goa,FPS Id,,0,0,0,0,0.0,0.0,0.0,True,True,data/raw\2026-03\south_goa\FPS Id_fps_id_______________________________________________________158600300002.json,0.0,0.0,0.0,0.0,0.0,0.0,0.0,0.0,0.0,0.0,0.0,0.0,0.0,0.0,0.0,0.0
2026,Apr,GOA,north_goa,158500100001,,0,0,0,0,0.0,0.0,0.0,True,True,data/raw\2026-04\north_goa\158500100001_158500100001___smt_sanna_sanjay_padte_83_fps.json,0.0,0.0,0.0,0.0,0.0,0.0,0.0,0.0,0.0,0.0,0.0,0.0,0.0,0.0,0.0,0.0
2026,Apr,GOA,north_goa,158500100001,SMT.SANNA SANJAY PADTE-83 FPS,0,0,0,0,0.0,0.0,0.0,True,True,data/raw\2026-04\north_goa\158500100001_smt_sanna_sanjay_padte_83_fps.json,122.0,0.0,0.0,122.0,0.0,0.0,0.0,0.0,122.0,0.0,0.0,122.0,0.0,0.0,0.0,0.0
2026,Apr,GOA,north_goa,158500100002,,0,0,0,0,0.0,0.0,0.0,True,True,data/raw\2026-04\north_goa\158500100002_158500100002___m_s_p_s_karekar_26_fps.json,0.0,0.0,0.0,0.0,0.0,0.0,0.0,0.0,0.0,0.0,0.0,0.0,0.0,0.0,0.0,0.0
2026,Apr,GOA,north_goa,158500100002,M/S P S KAREKAR-26 FPS,0,0,0,0,0.0,0.0,0.0,True,True,data/raw\2026-04\north_goa\158500100002_m_s_p_s_karekar_26_fps.json,134.0,73.0,6.0,213.0,22.0,3.0,2.0,27.0,134.0,73.0,6.0,213.0,22.0,3.0,2.0,27.0
2026,Apr,GOA,north_goa,158500100005,,0,0,0,0,0.0,0.0,0.0,True,True,data/raw\2026-04\north_goa\158500100005_158500100005___arpora_nagoa_v_k_s_s_sty_ltd_39_fps.json,0.0,0.0,0.0,0.0,0.0,0.0,0.0,0.0,0.0,0.0,0.0,0.0,0.0,0.0,0.0,0.0
2026,Apr,GOA,north_goa,158500100005,ARPORA NAGOA V K S S STY LTD-39 FPS,0,0,0,0,0.0,0.0,0.0,True,True,data/raw\2026-04\north_goa\158500100005_arpora_nagoa_v_k_s_s_sty_ltd_39_fps.json,231.0,5.0,30.0,266.0,18.0,1.0,9.0,28.0,231.0,5.0,30.0,266.0,18.0,1.0,9.0,28.0
2026,Apr,GOA,north_goa,158500100006,,0,0,0,0,0.0,0.0,0.0,True,True,data/raw\2026-04\north_goa\158500100006_158500100006___ashok_p_shirodkar_103_fps.json,0.0,0.0,0.0,0.0,0.0,0.0,0.0,0.0,0.0,0.0,0.0,0.0,0.0,0.0,0.0,0.0
2026,Apr,GOA,north_goa,158500100006,ASHOK P SHIRODKAR-103 FPS,0,0,0,0,0.0,0.0,0.0,True,True,data/raw\2026-04\north_goa\158500100006_ashok_p_shirodkar_103_fps.json,27.0,0.0,0.0,27.0,0.0,0.0,0.0,0.0,27.0,0.0,0.0,27.0,0.0,0.0,0.0,0.0
2026,Apr,GOA,north_goa,158500100007,,0,0,0,0,0.0,0.0,0.0,True,True,data/raw\2026-04\north_goa\158500100007_158500100007___ashok_g_dhargalkar_94_fps.json,0.0,0.0,0.0,0.0,0.0,0.0,0.0,0.0,0.0,0.0,0.0,0.0,0.0,0.0,0.0,0.0
2026,Apr,GOA,north_goa,158500100007,ASHOK G DHARGALKAR-94 FPS,0,0,0,0,0.0,0.0,0.0,True,True,data/raw\2026-04\north_goa\158500100007_ashok_g_dhargalkar_94_fps.json,316.0,4.0,14.0,334.0,0.0,0.0,0.0,0.0,316.0,4.0,14.0,334.0,0.0,0.0,0.0,0.0
2026,Apr,GOA,north_goa,158500100008,,0,0,0,0,0.0,0.0,0.0,True,True,data/raw\2026-04\north_goa\158500100008_158500100008___santosh_nagesh_prabhu_74_fps.json,0.0,0.0,0.0,0.0,0.0,0.0,0.0,0.0,0.0,0.0,0.0,0.0,0.0,0.0,0.0,0.0
2026,Apr,GOA,north_goa,158500100008,SANTOSH NAGESH PRABHU-74 FPS,0,0,0,0,0.0,0.0,0.0,True,True,data/raw\2026-04\north_goa\158500100008_santosh_nagesh_prabhu_74_fps.json,119.0,0.0,0.0,119.0,6.0,0.0,0.0,6.0,119.0,0.0,0.0,119.0,6.0,0.0,0.0,6.0
2026,Apr,GOA,north_goa,158500100009,,0,0,0,0,0.0,0.0,0.0,True,True,data/raw\2026-04\north_goa\158500100009_158500100009___the_mapusa_consumer_coop_sty_1__2_fps.json,0.0,0.0,0.0,0.0,0.0,0.0,0.0,0.0,0.0,0.0,0.0,0.0,0.0,0.0,0.0,0.0
2026,Apr,GOA,north_goa,158500100009,THE MAPUSA CONSUMER COOP STY-1& 2 FPS,0,0,0,0,0.0,0.0,0.0,True,True,data/raw\2026-04\north_goa\158500100009_the_mapusa_consumer_coop_sty_1__2_fps.json,419.0,6.0,11.0,436.0,27.0,0.0,1.0,28.0,419.0,6.0,11.0,436.0,27.0,0.0,1.0,28.0
2026,Apr,GOA,north_goa,158500100011,,0,0,0,0,0.0,0.0,0.0,True,True,data/raw\2026-04\north_goa\158500100011_158500100011___subhash_dhargalkar_62_fps.json,0.0,0.0,0.0,0.0,0.0,0.0,0.0,0.0,0.0,0.0,0.0,0.0,0.0,0.0,0.0,0.0
2026,Apr,GOA,north_goa,158500100011,SUBHASH DHARGALKAR-62 FPS,0,0,0,0,0.0,0.0,0.0,True,True,data/raw\2026-04\north_goa\158500100011_subhash_dhargalkar_62_fps.json,475.0,0.0,23.0,498.0,9.0,0.0,4.0,13.0,474.0,0.0,23.0,497.0,9.0,0.0,4.0,13.0
2026,Apr,GOA,north_goa,158500100012,,0,0,0,0,0.0,0.0,0.0,True,True,data/raw\2026-04\north_goa\158500100012_158500100012___sayukta_b__kesarkar_105_fps.json,0.0,0.0,0.0,0.0,0.0,0.0,0.0,0.0,0.0,0.0,0.0,0.0,0.0,0.0,0.0,0.0
2026,Apr,GOA,north_goa,158500100012,SAYUKTA B. KESARKAR-105 FPS,0,0,0,0,0.0,0.0,0.0,True,True,data/raw\2026-04\north_goa\158500100012_sayukta_b__kesarkar_105_fps.json,63.0,31.0,0.0,94.0,5.0,0.0,0.0,5.0,63.0,31.0,0.0,94.0,5.0,0.0,0.0,5.0
2026,Apr,GOA,north_goa,158500100013,,0,0,0,0,0.0,0.0,0.0,True,True,data/raw\2026-04\north_goa\158500100013_158500100013___pandurang_v_govekar_85_fps.json,0.0,0.0,0.0,0.0,0.0,0.0,0.0,0.0,0.0,0.0,0.0,0.0,0.0,0.0,0.0,0.0
2026,Apr,GOA,north_goa,158500100013,PANDURANG V GOVEKAR-85 FPS,0,0,0,0,0.0,0.0,0.0,True,True,data/raw\2026-04\north_goa\158500100013_pandurang_v_govekar_85_fps.json,54.0,0.0,3.0,57.0,34.0,0.0,1.0,35.0,54.0,0.0,3.0,57.0,34.0,0.0,1.0,35.0
2026,Apr,GOA,north_goa,158500100014,,0,0,0,0,0.0,0.0,0.0,True,True,data/raw\2026-04\north_goa\158500100014_158500100014___pradeep_p_mishal_77_fps.json,0.0,0.0,0.0,0.0,0.0,0.0,0.0,0.0,0.0,0.0,0.0,0.0,0.0,0.0,0.0,0.0
2026,Apr,GOA,north_goa,158500100014,PRADEEP P MISHAL-77 FPS,0,0,0,0,0.0,0.0,0.0,True,True,data/raw\2026-04\north_goa\158500100014_pradeep_p_mishal_77_fps.json,68.0,4.0,0.0,72.0,8.0,0.0,0.0,8.0,68.0,4.0,0.0,72.0,8.0,0.0,0.0,8.0
2026,Apr,GOA,north_goa,158500100015,,0,0,0,0,0.0,0.0,0.0,True,True,data/raw\2026-04\north_goa\158500100015_158500100015___gokuldas_fair_price_shop_111_fps.json,0.0,0.0,0.0,0.0,0.0,0.0,0.0,0.0,0.0,0.0,0.0,0.0,0.0,0.0,0.0,0.0
2026,Apr,GOA,north_goa,158500100015,GOKULDAS FAIR PRICE SHOP-111 FPS,0,0,0,0,0.0,0.0,0.0,True,True,data/raw\2026-04\north_goa\158500100015_gokuldas_fair_price_shop_111_fps.json,67.0,1.0,0.0,68.0,5.0,0.0,0.0,5.0,67.0,1.0,0.0,68.0,5.0,0.0,0.0,5.0
2026,Apr,GOA,north_goa,158500100016,,0,0,0,0,0.0,0.0,0.0,True,True,data/raw\2026-04\north_goa\158500100016_158500100016___vimal_r_azgaonkar_67_fps.json,0.0,0.0,0.0,0.0,0.0,0.0,0.0,0.0,0.0,0.0,0.0,0.0,0.0,0.0,0.0,0.0
2026,Apr,GOA,north_goa,158500100016,VIMAL R AZGAONKAR-67 FPS,0,0,0,0,0.0,0.0,0.0,True,True,data/raw\2026-04\north_goa\158500100016_vimal_r_azgaonkar_67_fps.json,101.0,0.0,1.0,102.0,5.0,0.0,0.0,5.0,101.0,0.0,1.0,102.0,5.0,0.0,0.0,5.0
2026,Apr,GOA,north_goa,158500100017,,0,0,0,0,0.0,0.0,0.0,True,True,data/raw\2026-04\north_goa\158500100017_158500100017___ranjana_c_naik_109_fps.json,0.0,0.0,0.0,0.0,0.0,0.0,0.0,0.0,0.0,0.0,0.0,0.0,0.0,0.0,0.0,0.0
2026,Apr,GOA,north_goa,158500100017,RANJANA C NAIK-109 FPS,0,0,0,0,0.0,0.0,0.0,True,True,data/raw\2026-04\north_goa\158500100017_ranjana_c_naik_109_fps.json,170.0,0.0,13.0,183.0,28.0,0.0,4.0,32.0,170.0,0.0,13.0,183.0,28.0,0.0,4.0,32.0
2026,Apr,GOA,north_goa,158500100019,,0,0,0,0,0.0,0.0,0.0,True,True,data/raw\2026-04\north_goa\158500100019_158500100019___dhond_shop_57_fps.json,0.0,0.0,0.0,0.0,0.0,0.0,0.0,0.0,0.0,0.0,0.0,0.0,0.0,0.0,0.0,0.0
2026,Apr,GOA,north_goa,158500100019,Dhond Shop-57 FPS,0,0,0,0,0.0,0.0,0.0,True,True,data/raw\2026-04\north_goa\158500100019_dhond_shop_57_fps.json,307.0,2.0,0.0,309.0,4.0,0.0,0.0,4.0,307.0,2.0,0.0,309.0,4.0,0.0,0.0,4.0
2026,Apr,GOA,north_goa,158500100020,,0,0,0,0,0.0,0.0,0.0,True,True,data/raw\2026-04\north_goa\158500100020_158500100020___m_s_pandhari_pangam_51_fps.json,0.0,0.0,0.0,0.0,0.0,0.0,0.0,0.0,0.0,0.0,0.0,0.0,0.0,0.0,0.0,0.0
2026,Apr,GOA,north_goa,158500100020,M/S PANDHARI PANGAM-51 FPS,0,0,0,0,0.0,0.0,0.0,True,True,data/raw\2026-04\north_goa\158500100020_m_s_pandhari_pangam_51_fps.json,215.0,7.0,25.0,247.0,9.0,0.0,4.0,13.0,215.0,7.0,25.0,247.0,9.0,0.0,4.0,13.0
2026,Apr,GOA,north_goa,158500100021,,0,0,0,0,0.0,0.0,0.0,True,True,data/raw\2026-04\north_goa\158500100021_158500100021___sadanand_s_lotlikar_32_fps.json,0.0,0.0,0.0,0.0,0.0,0.0,0.0,0.0,0.0,0.0,0.0,0.0,0.0,0.0,0.0,0.0
2026,Apr,GOA,north_goa,158500100021,SADANAND S LOTLIKAR-32 FPS,0,0,0,0,0.0,0.0,0.0,True,True,data/raw\2026-04\north_goa\158500100021_sadanand_s_lotlikar_32_fps.json,156.0,2.0,15.0,173.0,11.0,0.0,3.0,14.0,156.0,2.0,15.0,173.0,11.0,0.0,3.0,14.0
2026,Apr,GOA,north_goa,158500100022,,0,0,0,0,0.0,0.0,0.0,True,True,data/raw\2026-04\north_goa\158500100022_158500100022___suresh_p_sawant_91_fps.json,0.0,0.0,0.0,0.0,0.0,0.0,0.0,0.0,0.0,0.0,0.0,0.0,0.0,0.0,0.0,0.0
2026,Apr,GOA,north_goa,158500100022,SURESH P SAWANT-91 FPS,0,0,0,0,0.0,0.0,0.0,True,True,data/raw\2026-04\north_goa\158500100022_suresh_p_sawant_91_fps.json,88.0,0.0,0.0,88.0,9.0,0.0,0.0,9.0,88.0,0.0,0.0,88.0,9.0,0.0,0.0,9.0
2026,Apr,GOA,north_goa,158500100023,,0,0,0,0,0.0,0.0,0.0,True,True,data/raw\2026-04\north_goa\158500100023_158500100023___dayanand_kenkre_33_fps.json,0.0,0.0,0.0,0.0,0.0,0.0,0.0,0.0,0.0,0.0,0.0,0.0,0.0,0.0,0.0,0.0
2026,Apr,GOA,north_goa,158500100023,DAYANAND KENKRE-33 FPS,0,0,0,0,0.0,0.0,0.0,True,True,data/raw\2026-04\north_goa\158500100023_dayanand_kenkre_33_fps.json,172.0,4.0,15.0,191.0,8.0,0.0,0.0,8.0,172.0,4.0,15.0,191.0,8.0,0.0,0.0,8.0
2026,Apr,GOA,north_goa,158500100024,,0,0,0,0,0.0,0.0,0.0,True,True,data/raw\2026-04\north_goa\158500100024_158500100024___deepak_atchut_naik_101_fps.json,0.0,0.0,0.0,0.0,0.0,0.0,0.0,0.0,0.0,0.0,0.0,0.0,0.0,0.0,0.0,0.0
2026,Apr,GOA,north_goa,158500100024,DEEPAK ATCHUT NAIK-101 FPS,0,0,0,0,0.0,0.0,0.0,True,True,data/raw\2026-04\north_goa\158500100024_deepak_atchut_naik_101_fps.json,78.0,6.0,23.0,107.0,0.0,0.0,1.0,1.0,78.0,6.0,23.0,107.0,0.0,0.0,1.0,1.0
2026,Apr,GOA,north_goa,158500100025,,0,0,0,0,0.0,0.0,0.0,True,True,data/raw\2026-04\north_goa\158500100025_158500100025___shrikrishna_pokhre_116_fps.json,0.0,0.0,0.0,0.0,0.0,0.0,0.0,0.0,0.0,0.0,0.0,0.0,0.0,0.0,0.0,0.0
2026,Apr,GOA,north_goa,158500100025,SHRIKRISHNA POKHRE-116 FPS,0,0,0,0,0.0,0.0,0.0,True,True,data/raw\2026-04\north_goa\158500100025_shrikrishna_pokhre_116_fps.json,222.0,0.0,9.0,231.0,10.0,0.0,2.0,12.0,222.0,0.0,9.0,231.0,10.0,0.0,2.0,12.0
2026,Apr,GOA,north_goa,158500100026,,0,0,0,0,0.0,0.0,0.0,True,True,data/raw\2026-04\north_goa\158500100026_158500100026___dayanand_s_gadekar_110_fps.json,0.0,0.0,0.0,0.0,0.0,0.0,0.0,0.0,0.0,0.0,0.0,0.0,0.0,0.0,0.0,0.0
2026,Apr,GOA,north_goa,158500100026,DAYANAND S GADEKAR-110 FPS,0,0,0,0,0.0,0.0,0.0,True,True,data/raw\2026-04\north_goa\158500100026_dayanand_s_gadekar_110_fps.json,74.0,0.0,4.0,78.0,1.0,0.0,0.0,1.0,74.0,0.0,4.0,78.0,1.0,0.0,0.0,1.0
2026,Apr,GOA,north_goa,158500100027,,0,0,0,0,0.0,0.0,0.0,True,True,data/raw\2026-04\north_goa\158500100027_158500100027___hirabai_trivikram_joshi_53_fps.json,0.0,0.0,0.0,0.0,0.0,0.0,0.0,0.0,0.0,0.0,0.0,0.0,0.0,0.0,0.0,0.0
2026,Apr,GOA,north_goa,158500100027,HIRABAI TRIVIKRAM JOSHI-53 FPS,0,0,0,0,0.0,0.0,0.0,True,True,data/raw\2026-04\north_goa\158500100027_hirabai_trivikram_joshi_53_fps.json,238.0,49.0,1.0,288.0,19.0,3.0,0.0,22.0,238.0,49.0,1.0,288.0,19.0,3.0,0.0,22.0
2026,Apr,GOA,north_goa,158500100028,,0,0,0,0,0.0,0.0,0.0,True,True,data/raw\2026-04\north_goa\158500100028_158500100028___purshottam_a_bandodkar_59_fps.json,0.0,0.0,0.0,0.0,0.0,0.0,0.0,0.0,0.0,0.0,0.0,0.0,0.0,0.0,0.0,0.0
2026,Apr,GOA,north_goa,158500100028,PURSHOTTAM A BANDODKAR-59 FPS,0,0,0,0,0.0,0.0,0.0,True,True,data/raw\2026-04\north_goa\158500100028_purshottam_a_bandodkar_59_fps.json,121.0,0.0,0.0,121.0,5.0,0.0,0.0,5.0,121.0,0.0,0.0,121.0,5.0,0.0,0.0,5.0
2026,Apr,GOA,north_goa,158500100029,,0,0,0,0,0.0,0.0,0.0,True,True,data/raw\2026-04\north_goa\158500100029_158500100029___narliso_lobo_58_fps.json,0.0,0.0,0.0,0.0,0.0,0.0,0.0,0.0,0.0,0.0,0.0,0.0,0.0,0.0,0.0,0.0
2026,Apr,GOA,north_goa,158500100029,NARLISO LOBO-58 FPS,0,0,0,0,0.0,0.0,0.0,True,True,data/raw\2026-04\north_goa\158500100029_narliso_lobo_58_fps.json,121.0,2.0,0.0,123.0,18.0,0.0,0.0,18.0,121.0,2.0,0.0,123.0,18.0,0.0,0.0,18.0
2026,Apr,GOA,north_goa,158500100030,,0,0,0,0,0.0,0.0,0.0,True,True,data/raw\2026-04\north_goa\158500100030_158500100030___sunita_v_umbraxar_100_fps.json,0.0,0.0,0.0,0.0,0.0,0.0,0.0,0.0,0.0,0.0,0.0,0.0,0.0,0.0,0.0,0.0
2026,Apr,GOA,north_goa,158500100030,SUNITA V UMBRAXAR-100 FPS,0,0,0,0,0.0,0.0,0.0,True,True,data/raw\2026-04\north_goa\158500100030_sunita_v_umbraxar_100_fps.json,222.0,0.0,0.0,222.0,6.0,0.0,0.0,6.0,222.0,0.0,0.0,222.0,6.0,0.0,0.0,6.0
2026,Apr,GOA,north_goa,158500100031,,0,0,0,0,0.0,0.0,0.0,True,True,data/raw\2026-04\north_goa\158500100031_158500100031___yogeshwar_ganpat_tamonkar_49_fps.json,0.0,0.0,0.0,0.0,0.0,0.0,0.0,0.0,0.0,0.0,0.0,0.0,0.0,0.0,0.0,0.0
2026,Apr,GOA,north_goa,158500100031,YOGESHWAR GANPAT TAMONKAR-49 FPS,0,0,0,0,0.0,0.0,0.0,True,True,data/raw\2026-04\north_goa\158500100031_yogeshwar_ganpat_tamonkar_49_fps.json,256.0,11.0,10.0,277.0,13.0,0.0,2.0,15.0,256.0,11.0,10.0,277.0,13.0,0.0,2.0,15.0
2026,Apr,GOA,north_goa,158500100032,,0,0,0,0,0.0,0.0,0.0,True,True,data/raw\2026-04\north_goa\158500100032_158500100032___chandrashekhar_y_more_102_fps.json,0.0,0.0,0.0,0.0,0.0,0.0,0.0,0.0,0.0,0.0,0.0,0.0,0.0,0.0,0.0,0.0
2026,Apr,GOA,north_goa,158500100032,CHANDRASHEKHAR Y MORE-102 FPS,0,0,0,0,0.0,0.0,0.0,True,True,data/raw\2026-04\north_goa\158500100032_chandrashekhar_y_more_102_fps.json,47.0,3.0,15.0,65.0,47.0,2.0,2.0,51.0,47.0,3.0,15.0,65.0,47.0,2.0,2.0,51.0
2026,Apr,GOA,north_goa,158500100033,,0,0,0,0,0.0,0.0,0.0,True,True,data/raw\2026-04\north_goa\158500100033_158500100033___ramesh_g_tamankar_64_fps.json,0.0,0.0,0.0,0.0,0.0,0.0,0.0,0.0,0.0,0.0,0.0,0.0,0.0,0.0,0.0,0.0
2026,Apr,GOA,north_goa,158500100033,RAMESH G TAMANKAR-64 FPS,0,0,0,0,0.0,0.0,0.0,True,True,data/raw\2026-04\north_goa\158500100033_ramesh_g_tamankar_64_fps.json,212.0,45.0,0.0,257.0,18.0,3.0,0.0,21.0,212.0,45.0,0.0,257.0,18.0,3.0,0.0,21.0
2026,Apr,GOA,north_goa,158500100034,,0,0,0,0,0.0,0.0,0.0,True,True,data/raw\2026-04\north_goa\158500100034_158500100034___sunita_kaskar_95_fps.json,0.0,0.0,0.0,0.0,0.0,0.0,0.0,0.0,0.0,0.0,0.0,0.0,0.0,0.0,0.0,0.0
2026,Apr,GOA,north_goa,158500100034,SUNITA KASKAR-95 FPS,0,0,0,0,0.0,0.0,0.0,True,True,data/raw\2026-04\north_goa\158500100034_sunita_kaskar_95_fps.json,18.0,0.0,0.0,18.0,1.0,0.0,0.0,1.0,18.0,0.0,0.0,18.0,1.0,0.0,0.0,1.0
2026,Apr,GOA,north_goa,158500100035,,0,0,0,0,0.0,0.0,0.0,True,True,data/raw\2026-04\north_goa\158500100035_158500100035___guirim_sangolda_m_p__co_op_service_society_ltd_15_fps.json,0.0,0.0,0.0,0.0,0.0,0.0,0.0,0.0,0.0,0.0,0.0,0.0,0.0,0.0,0.0,0.0
2026,Apr,GOA,north_goa,158500100035,GUIRIM SANGOLDA M.P. CO-OP SERVICE SOCIETY LTD-15 FPS,0,0,0,0,0.0,0.0,0.0,True,True,data/raw\2026-04\north_goa\158500100035_guirim_sangolda_m_p__co_op_service_society_ltd_15_fps.json,231.0,4.0,0.0,235.0,17.0,0.0,1.0,18.0,231.0,4.0,0.0,235.0,17.0,0.0,1.0,18.0
2026,Apr,GOA,north_goa,158500100036,,0,0,0,0,0.0,0.0,0.0,True,True,data/raw\2026-04\north_goa\158500100036_158500100036___guirim_sangolda_m_p_co_op_service_society_ltd_13_fps.json,0.0,0.0,0.0,0.0,0.0,0.0,0.0,0.0,0.0,0.0,0.0,0.0,0.0,0.0,0.0,0.0
2026,Apr,GOA,north_goa,158500100036,GUIRIM SANGOLDA M.P.CO-OP SERVICE SOCIETY LTD-13 FPS,0,0,0,0,0.0,0.0,0.0,True,True,data/raw\2026-04\north_goa\158500100036_guirim_sangolda_m_p_co_op_service_society_ltd_13_fps.json,103.0,3.0,12.0,118.0,8.0,0.0,0.0,8.0,103.0,3.0,12.0,118.0,8.0,0.0,0.0,8.0
2026,Apr,GOA,north_goa,158500100037,,0,0,0,0,0.0,0.0,0.0,True,True,data/raw\2026-04\north_goa\158500100037_158500100037___guirim_sangolda_m_p__co_op_service_society_ltd_14_fps.json,0.0,0.0,0.0,0.0,0.0,0.0,0.0,0.0,0.0,0.0,0.0,0.0,0.0,0.0,0.0,0.0
2026,Apr,GOA,north_goa,158500100037,GUIRIM SANGOLDA M.P. CO-OP SERVICE SOCIETY LTD-14 FPS,0,0,0,0,0.0,0.0,0.0,True,True,data/raw\2026-04\north_goa\158500100037_guirim_sangolda_m_p__co_op_service_society_ltd_14_fps.json,144.0,1.0,3.0,148.0,26.0,0.0,1.0,27.0,144.0,1.0,3.0,148.0,26.0,0.0,1.0,27.0
2026,Apr,GOA,north_goa,158500100038,,0,0,0,0,0.0,0.0,0.0,True,True,data/raw\2026-04\north_goa\158500100038_158500100038___porob_fair_price_shop_40_fps.json,0.0,0.0,0.0,0.0,0.0,0.0,0.0,0.0,0.0,0.0,0.0,0.0,0.0,0.0,0.0,0.0
2026,Apr,GOA,north_goa,158500100038,POROB FAIR PRICE SHOP-40 FPS,0,0,0,0,0.0,0.0,0.0,True,True,data/raw\2026-04\north_goa\158500100038_porob_fair_price_shop_40_fps.json,39.0,76.0,0.0,115.0,0.0,0.0,0.0,0.0,39.0,76.0,0.0,115.0,0.0,0.0,0.0,0.0
2026,Apr,GOA,north_goa,158500100039,,0,0,0,0,0.0,0.0,0.0,True,True,data/raw\2026-04\north_goa\158500100039_158500100039___sumati_c_kalangutkar_79_fps.json,0.0,0.0,0.0,0.0,0.0,0.0,0.0,0.0,0.0,0.0,0.0,0.0,0.0,0.0,0.0,0.0
2026,Apr,GOA,north_goa,158500100039,SUMATI C KALANGUTKAR-79 FPS,0,0,0,0,0.0,0.0,0.0,True,True,data/raw\2026-04\north_goa\158500100039_sumati_c_kalangutkar_79_fps.json,33.0,9.0,0.0,42.0,57.0,5.0,0.0,62.0,33.0,9.0,0.0,42.0,57.0,5.0,0.0,62.0
2026,Apr,GOA,north_goa,158500100040,,0,0,0,0,0.0,0.0,0.0,True,True,data/raw\2026-04\north_goa\158500100040_158500100040___shri_devanand_v_shirodkar_108_fps.json,0.0,0.0,0.0,0.0,0.0,0.0,0.0,0.0,0.0,0.0,0.0,0.0,0.0,0.0,0.0,0.0
2026,Apr,GOA,north_goa,158500100040,SHRI DEVANAND V SHIRODKAR-108 FPS,0,0,0,0,0.0,0.0,0.0,True,True,data/raw\2026-04\north_goa\158500100040_shri_devanand_v_shirodkar_108_fps.json,77.0,59.0,0.0,136.0,0.0,0.0,0.0,0.0,77.0,59.0,0.0,136.0,0.0,0.0,0.0,0.0
2026,Apr,GOA,north_goa,158500100041,,0,0,0,0,0.0,0.0,0.0,True,True,data/raw\2026-04\north_goa\158500100041_158500100041___shanker__v__prabhu_khorjunvkar_88_fps.json,0.0,0.0,0.0,0.0,0.0,0.0,0.0,0.0,0.0,0.0,0.0,0.0,0.0,0.0,0.0,0.0
2026,Apr,GOA,north_goa,158500100041,SHANKER .V. PRABHU KHORJUNVKAR-88 FPS,0,0,0,0,0.0,0.0,0.0,True,True,data/raw\2026-04\north_goa\158500100041_shanker__v__prabhu_khorjunvkar_88_fps.json,96.0,2.0,0.0,98.0,6.0,0.0,0.0,6.0,96.0,2.0,0.0,98.0,6.0,0.0,0.0,6.0
2026,Apr,GOA,north_goa,158500100042,,0,0,0,0,0.0,0.0,0.0,True,True,data/raw\2026-04\north_goa\158500100042_158500100042___bhagirathi_117_fps.json,0.0,0.0,0.0,0.0,0.0,0.0,0.0,0.0,0.0,0.0,0.0,0.0,0.0,0.0,0.0,0.0
2026,Apr,GOA,north_goa,158500100042,BHAGIRATHI-117 FPS,0,0,0,0,0.0,0.0,0.0,True,True,data/raw\2026-04\north_goa\158500100042_bhagirathi_117_fps.json,323.0,7.0,0.0,330.0,3.0,0.0,0.0,3.0,323.0,7.0,0.0,330.0,3.0,0.0,0.0,3.0
2026,Apr,GOA,north_goa,158500100043,,0,0,0,0,0.0,0.0,0.0,True,True,data/raw\2026-04\north_goa\158500100043_158500100043___duler_v_k_s_society_6_fps.json,0.0,0.0,0.0,0.0,0.0,0.0,0.0,0.0,0.0,0.0,0.0,0.0,0.0,0.0,0.0,0.0
2026,Apr,GOA,north_goa,158500100043,DULER V.K.S SOCIETY-6 FPS,0,0,0,0,0.0,0.0,0.0,True,True,data/raw\2026-04\north_goa\158500100043_duler_v_k_s_society_6_fps.json,248.0,13.0,101.0,362.0,4.0,0.0,3.0,7.0,248.0,13.0,101.0,362.0,4.0,0.0,3.0,7.0
2026,Apr,GOA,north_goa,158500100044,,0,0,0,0,0.0,0.0,0.0,True,True,data/raw\2026-04\north_goa\158500100044_158500100044___prafulla_p__kandolkar_45_fps.json,0.0,0.0,0.0,0.0,0.0,0.0,0.0,0.0,0.0,0.0,0.0,0.0,0.0,0.0,0.0,0.0
2026,Apr,GOA,north_goa,158500100044,PRAFULLA P. KANDOLKAR-45 FPS,0,0,0,0,0.0,0.0,0.0,True,True,data/raw\2026-04\north_goa\158500100044_prafulla_p__kandolkar_45_fps.json,58.0,10.0,0.0,68.0,46.0,5.0,0.0,51.0,58.0,10.0,0.0,68.0,46.0,5.0,0.0,51.0
2026,Apr,GOA,north_goa,158500100046,,0,0,0,0,0.0,0.0,0.0,True,True,data/raw\2026-04\north_goa\158500100046_158500100046___sangeeta_fair_price_shop_114_fps.json,0.0,0.0,0.0,0.0,0.0,0.0,0.0,0.0,0.0,0.0,0.0,0.0,0.0,0.0,0.0,0.0
2026,Apr,GOA,north_goa,158500100046,SANGEETA FAIR PRICE SHOP-114 FPS,0,0,0,0,0.0,0.0,0.0,True,True,data/raw\2026-04\north_goa\158500100046_sangeeta_fair_price_shop_114_fps.json,33.0,4.0,0.0,37.0,0.0,0.0,0.0,0.0,33.0,4.0,0.0,37.0,0.0,0.0,0.0,0.0
2026,Apr,GOA,north_goa,158500100047,,0,0,0,0,0.0,0.0,0.0,True,True,data/raw\2026-04\north_goa\158500100047_158500100047___alini_a_bhonsle_47_fps.json,0.0,0.0,0.0,0.0,0.0,0.0,0.0,0.0,0.0,0.0,0.0,0.0,0.0,0.0,0.0,0.0
2026,Apr,GOA,north_goa,158500100047,ALINI A BHONSLE-47 FPS,0,0,0,0,0.0,0.0,0.0,True,True,data/raw\2026-04\north_goa\158500100047_alini_a_bhonsle_47_fps.json,109.0,0.0,25.0,134.0,22.0,1.0,6.0,29.0,109.0,0.0,25.0,134.0,22.0,1.0,6.0,29.0
2026,Apr,GOA,north_goa,158500100048,,0,0,0,0,0.0,0.0,0.0,True,True,data/raw\2026-04\north_goa\158500100048_158500100048___prakash_m_coulekar_75_fps.json,0.0,0.0,0.0,0.0,0.0,0.0,0.0,0.0,0.0,0.0,0.0,0.0,0.0,0.0,0.0,0.0
2026,Apr,GOA,north_goa,158500100048,PRAKASH M COULEKAR-75 FPS,0,0,0,0,0.0,0.0,0.0,True,True,data/raw\2026-04\north_goa\158500100048_prakash_m_coulekar_75_fps.json,293.0,1.0,0.0,294.0,9.0,0.0,0.0,9.0,293.0,1.0,0.0,294.0,9.0,0.0,0.0,9.0
2026,Apr,GOA,north_goa,158500100049,,0,0,0,0,0.0,0.0,0.0,True,True,data/raw\2026-04\north_goa\158500100049_158500100049___rohidas_g_parab_99_fps.json,0.0,0.0,0.0,0.0,0.0,0.0,0.0,0.0,0.0,0.0,0.0,0.0,0.0,0.0,0.0,0.0
2026,Apr,GOA,north_goa,158500100049,ROHIDAS G PARAB-99 FPS,0,0,0,0,0.0,0.0,0.0,True,True,data/raw\2026-04\north_goa\158500100049_rohidas_g_parab_99_fps.json,102.0,0.0,1.0,103.0,27.0,0.0,0.0,27.0,102.0,0.0,1.0,103.0,27.0,0.0,0.0,27.0
2026,Apr,GOA,north_goa,158500100050,,0,0,0,0,0.0,0.0,0.0,True,True,data/raw\2026-04\north_goa\158500100050_158500100050___shanta_trivikrm_joshi_90_fps.json,0.0,0.0,0.0,0.0,0.0,0.0,0.0,0.0,0.0,0.0,0.0,0.0,0.0,0.0,0.0,0.0
2026,Apr,GOA,north_goa,158500100050,SHANTA TRIVIKRM JOSHI-90 FPS,0,0,0,0,0.0,0.0,0.0,True,True,data/raw\2026-04\north_goa\158500100050_shanta_trivikrm_joshi_90_fps.json,31.0,37.0,0.0,68.0,3.0,3.0,0.0,6.0,31.0,37.0,0.0,68.0,3.0,3.0,0.0,6.0
2026,Apr,GOA,north_goa,158500100051,,0,0,0,0,0.0,0.0,0.0,True,True,data/raw\2026-04\north_goa\158500100051_158500100051___smt__sujata_v__naik_19_fps.json,0.0,0.0,0.0,0.0,0.0,0.0,0.0,0.0,0.0,0.0,0.0,0.0,0.0,0.0,0.0,0.0
2026,Apr,GOA,north_goa,158500100051,SMT. SUJATA V. NAIK-19 FPS,0,0,0,0,0.0,0.0,0.0,True,True,data/raw\2026-04\north_goa\158500100051_smt__sujata_v__naik_19_fps.json,109.0,0.0,0.0,109.0,12.0,0.0,0.0,12.0,109.0,0.0,0.0,109.0,12.0,0.0,0.0,12.0
2026,Apr,GOA,north_goa,158500100054,,0,0,0,0,0.0,0.0,0.0,True,True,data/raw\2026-04\north_goa\158500100054_158500100054___gajanan_k_prabhu_46_fps.json,0.0,0.0,0.0,0.0,0.0,0.0,0.0,0.0,0.0,0.0,0.0,0.0,0.0,0.0,0.0,0.0
2026,Apr,GOA,north_goa,158500100054,GAJANAN K PRABHU-46 FPS,0,0,0,0,0.0,0.0,0.0,True,True,data/raw\2026-04\north_goa\158500100054_gajanan_k_prabhu_46_fps.json,104.0,9.0,1.0,114.0,18.0,0.0,0.0,18.0,104.0,9.0,1.0,114.0,18.0,0.0,0.0,18.0
2026,Apr,GOA,north_goa,158500100055,,0,0,0,0,0.0,0.0,0.0,True,True,data/raw\2026-04\north_goa\158500100055_158500100055___sangeeta_s_prabhu_80_fps.json,0.0,0.0,0.0,0.0,0.0,0.0,0.0,0.0,0.0,0.0,0.0,0.0,0.0,0.0,0.0,0.0
2026,Apr,GOA,north_goa,158500100055,SANGEETA S PRABHU-80 FPS,0,0,0,0,0.0,0.0,0.0,True,True,data/raw\2026-04\north_goa\158500100055_sangeeta_s_prabhu_80_fps.json,72.0,4.0,11.0,87.0,3.0,0.0,0.0,3.0,72.0,4.0,11.0,87.0,3.0,0.0,0.0,3.0
2026,Apr,GOA,north_goa,158500100056,,0,0,0,0,0.0,0.0,0.0,True,True,data/raw\2026-04\north_goa\158500100056_158500100056___kashinath_s_sawal_61_fps.json,0.0,0.0,0.0,0.0,0.0,0.0,0.0,0.0,0.0,0.0,0.0,0.0,0.0,0.0,0.0,0.0
2026,Apr,GOA,north_goa,158500100056,KASHINATH S SAWAL-61 FPS,0,0,0,0,0.0,0.0,0.0,True,True,data/raw\2026-04\north_goa\158500100056_kashinath_s_sawal_61_fps.json,137.0,0.0,33.0,170.0,0.0,0.0,1.0,1.0,137.0,0.0,33.0,170.0,0.0,0.0,1.0,1.0
2026,Apr,GOA,north_goa,158500100317,,0,0,0,0,0.0,0.0,0.0,True,True,data/raw\2026-04\north_goa\158500100317_158500100317___ramtirth_nagvekar_29_fps.json,0.0,0.0,0.0,0.0,0.0,0.0,0.0,0.0,0.0,0.0,0.0,0.0,0.0,0.0,0.0,0.0
2026,Apr,GOA,north_goa,158500100317,RAMTIRTH NAGVEKAR-29 FPS,0,0,0,0,0.0,0.0,0.0,True,True,data/raw\2026-04\north_goa\158500100317_ramtirth_nagvekar_29_fps.json,152.0,4.0,5.0,161.0,13.0,0.0,1.0,14.0,152.0,4.0,5.0,161.0,13.0,0.0,1.0,14.0
2026,Apr,GOA,north_goa,158500100318,,0,0,0,0,0.0,0.0,0.0,True,True,data/raw\2026-04\north_goa\158500100318_158500100318___vithal_c_thali_4_fps.json,0.0,0.0,0.0,0.0,0.0,0.0,0.0,0.0,0.0,0.0,0.0,0.0,0.0,0.0,0.0,0.0
2026,Apr,GOA,north_goa,158500100318,VITHAL C THALI-4 FPS,0,0,0,0,0.0,0.0,0.0,True,True,data/raw\2026-04\north_goa\158500100318_vithal_c_thali_4_fps.json,246.0,5.0,7.0,258.0,10.0,0.0,1.0,11.0,246.0,5.0,7.0,258.0,10.0,0.0,1.0,11.0
2026,Apr,GOA,north_goa,158500100319,,0,0,0,0,0.0,0.0,0.0,True,True,data/raw\2026-04\north_goa\158500100319_158500100319___dharma_g_tamankar_52_fps.json,0.0,0.0,0.0,0.0,0.0,0.0,0.0,0.0,0.0,0.0,0.0,0.0,0.0,0.0,0.0,0.0
2026,Apr,GOA,north_goa,158500100319,DHARMA G TAMANKAR-52 FPS,0,0,0,0,0.0,0.0,0.0,True,True,data/raw\2026-04\north_goa\158500100319_dharma_g_tamankar_52_fps.json,166.0,7.0,7.0,180.0,14.0,0.0,1.0,15.0,166.0,7.0,7.0,180.0,14.0,0.0,1.0,15.0
2026,Apr,GOA,north_goa,158500100320,,0,0,0,0,0.0,0.0,0.0,True,True,data/raw\2026-04\north_goa\158500100320_158500100320___shrikant_u_naik_50_fps.json,0.0,0.0,0.0,0.0,0.0,0.0,0.0,0.0,0.0,0.0,0.0,0.0,0.0,0.0,0.0,0.0
2026,Apr,GOA,north_goa,158500100320,SHRIKANT U NAIK-50 FPS,0,0,0,0,0.0,0.0,0.0,True,True,data/raw\2026-04\north_goa\158500100320_shrikant_u_naik_50_fps.json,181.0,59.0,0.0,240.0,22.0,2.0,0.0,24.0,181.0,59.0,0.0,240.0,22.0,2.0,0.0,24.0
2026,Apr,GOA,north_goa,158500100321,,0,0,0,0,0.0,0.0,0.0,True,True,data/raw\2026-04\north_goa\158500100321_158500100321___bastora_ucasaim_sty_17_fps.json,0.0,0.0,0.0,0.0,0.0,0.0,0.0,0.0,0.0,0.0,0.0,0.0,0.0,0.0,0.0,0.0
2026,Apr,GOA,north_goa,158500100321,BASTORA UCASAIM STY-17 FPS,0,0,0,0,0.0,0.0,0.0,True,True,data/raw\2026-04\north_goa\158500100321_bastora_ucasaim_sty_17_fps.json,453.0,3.0,3.0,459.0,42.0,0.0,0.0,42.0,453.0,3.0,3.0,459.0,42.0,0.0,0.0,42.0
2026,Apr,GOA,north_goa,158500100323,,0,0,0,0,0.0,0.0,0.0,True,True,data/raw\2026-04\north_goa\158500100323_158500100323___reginald_b_lobo_107_fps.json,0.0,0.0,0.0,0.0,0.0,0.0,0.0,0.0,0.0,0.0,0.0,0.0,0.0,0.0,0.0,0.0
2026,Apr,GOA,north_goa,158500100323,REGINALD B LOBO-107 FPS,0,0,0,0,0.0,0.0,0.0,True,True,data/raw\2026-04\north_goa\158500100323_reginald_b_lobo_107_fps.json,94.0,2.0,6.0,102.0,2.0,0.0,1.0,3.0,94.0,2.0,6.0,102.0,2.0,0.0,1.0,3.0
2026,Apr,GOA,north_goa,158500100324,,0,0,0,0,0.0,0.0,0.0,True,True,data/raw\2026-04\north_goa\158500100324_158500100324___pratima_n_varkhandkar_113_fps.json,0.0,0.0,0.0,0.0,0.0,0.0,0.0,0.0,0.0,0.0,0.0,0.0,0.0,0.0,0.0,0.0
2026,Apr,GOA,north_goa,158500100324,PRATIMA N VARKHANDKAR-113 FPS,0,0,0,0,0.0,0.0,0.0,True,True,data/raw\2026-04\north_goa\158500100324_pratima_n_varkhandkar_113_fps.json,173.0,2.0,0.0,175.0,0.0,0.0,0.0,0.0,173.0,2.0,0.0,175.0,0.0,0.0,0.0,0.0
2026,Apr,GOA,north_goa,158500100325,,0,0,0,0,0.0,0.0,0.0,True,True,data/raw\2026-04\north_goa\158500100325_158500100325___anand_d_kamat_48_fps.json,0.0,0.0,0.0,0.0,0.0,0.0,0.0,0.0,0.0,0.0,0.0,0.0,0.0,0.0,0.0,0.0
2026,Apr,GOA,north_goa,158500100325,ANAND D KAMAT-48 FPS,0,0,0,0,0.0,0.0,0.0,True,True,data/raw\2026-04\north_goa\158500100325_anand_d_kamat_48_fps.json,20.0,74.0,0.0,94.0,10.0,0.0,0.0,10.0,20.0,74.0,0.0,94.0,10.0,0.0,0.0,10.0
2026,Apr,GOA,north_goa,158500100326,,0,0,0,0,0.0,0.0,0.0,True,True,data/raw\2026-04\north_goa\158500100326_158500100326___shri_somnath_v_halarnkar.json,0.0,0.0,0.0,0.0,0.0,0.0,0.0,0.0,0.0,0.0,0.0,0.0,0.0,0.0,0.0,0.0
2026,Apr,GOA,north_goa,158500100326,SHRI SOMNATH V HALARNKAR,0,0,0,0,0.0,0.0,0.0,True,True,data/raw\2026-04\north_goa\158500100326_shri_somnath_v_halarnkar.json,199.0,0.0,0.0,199.0,5.0,0.0,0.0,5.0,199.0,0.0,0.0,199.0,5.0,0.0,0.0,5.0
2026,Apr,GOA,north_goa,158500100327,,0,0,0,0,0.0,0.0,0.0,True,True,data/raw\2026-04\north_goa\158500100327_158500100327___vishwanath_volvaikar_69_fps.json,0.0,0.0,0.0,0.0,0.0,0.0,0.0,0.0,0.0,0.0,0.0,0.0,0.0,0.0,0.0,0.0
2026,Apr,GOA,north_goa,158500100327,VISHWANATH VOLVAIKAR-69 FPS,0,0,0,0,0.0,0.0,0.0,True,True,data/raw\2026-04\north_goa\158500100327_vishwanath_volvaikar_69_fps.json,29.0,0.0,0.0,29.0,0.0,0.0,0.0,0.0,29.0,0.0,0.0,29.0,0.0,0.0,0.0,0.0
2026,Apr,GOA,north_goa,158500100328,,0,0,0,0,0.0,0.0,0.0,True,True,data/raw\2026-04\north_goa\158500100328_158500100328___amit_chodankar_112_fps.json,0.0,0.0,0.0,0.0,0.0,0.0,0.0,0.0,0.0,0.0,0.0,0.0,0.0,0.0,0.0,0.0
2026,Apr,GOA,north_goa,158500100328,AMIT CHODANKAR-112 FPS,0,0,0,0,0.0,0.0,0.0,True,True,data/raw\2026-04\north_goa\158500100328_amit_chodankar_112_fps.json,36.0,84.0,0.0,120.0,0.0,4.0,0.0,4.0,36.0,84.0,0.0,120.0,0.0,4.0,0.0,4.0
2026,Apr,GOA,north_goa,158500100329,,0,0,0,0,0.0,0.0,0.0,True,True,data/raw\2026-04\north_goa\158500100329_158500100329___n_d_kambli_71_fps.json,0.0,0.0,0.0,0.0,0.0,0.0,0.0,0.0,0.0,0.0,0.0,0.0,0.0,0.0,0.0,0.0
2026,Apr,GOA,north_goa,158500100329,N.D.KAMBLI-71 FPS,0,0,0,0,0.0,0.0,0.0,True,True,data/raw\2026-04\north_goa\158500100329_n_d_kambli_71_fps.json,217.0,0.0,1.0,218.0,15.0,0.0,0.0,15.0,217.0,0.0,1.0,218.0,15.0,0.0,0.0,15.0
2026,Apr,GOA,north_goa,158500100330,,0,0,0,0,0.0,0.0,0.0,True,True,data/raw\2026-04\north_goa\158500100330_158500100330___agnelo_lobo_78_fps.json,0.0,0.0,0.0,0.0,0.0,0.0,0.0,0.0,0.0,0.0,0.0,0.0,0.0,0.0,0.0,0.0
2026,Apr,GOA,north_goa,158500100330,AGNELO LOBO-78 FPS,0,0,0,0,0.0,0.0,0.0,True,True,data/raw\2026-04\north_goa\158500100330_agnelo_lobo_78_fps.json,179.0,1.0,0.0,180.0,16.0,0.0,0.0,16.0,179.0,1.0,0.0,180.0,16.0,0.0,0.0,16.0
2026,Apr,GOA,north_goa,158500100331,,0,0,0,0,0.0,0.0,0.0,True,True,data/raw\2026-04\north_goa\158500100331_158500100331___shaila_b_vaigankar_72_fps.json,0.0,0.0,0.0,0.0,0.0,0.0,0.0,0.0,0.0,0.0,0.0,0.0,0.0,0.0,0.0,0.0
2026,Apr,GOA,north_goa,158500100331,SHAILA B VAIGANKAR-72 FPS,0,0,0,0,0.0,0.0,0.0,True,True,data/raw\2026-04\north_goa\158500100331_shaila_b_vaigankar_72_fps.json,4.0,11.0,0.0,15.0,5.0,0.0,0.0,5.0,4.0,11.0,0.0,15.0,5.0,0.0,0.0,5.0
2026,Apr,GOA,north_goa,158500100333,,0,0,0,0,0.0,0.0,0.0,True,True,data/raw\2026-04\north_goa\158500100333_158500100333___shaliesh_s__mahambrey__93_fps.json,0.0,0.0,0.0,0.0,0.0,0.0,0.0,0.0,0.0,0.0,0.0,0.0,0.0,0.0,0.0,0.0
2026,Apr,GOA,north_goa,158500100333,Shaliesh S. Mahambrey -93 FPS,0,0,0,0,0.0,0.0,0.0,True,True,data/raw\2026-04\north_goa\158500100333_shaliesh_s__mahambrey__93_fps.json,34.0,0.0,52.0,86.0,2.0,0.0,17.0,19.0,34.0,0.0,52.0,86.0,2.0,0.0,17.0,19.0
2026,Apr,GOA,north_goa,158500100334,,0,0,0,0,0.0,0.0,0.0,True,True,data/raw\2026-04\north_goa\158500100334_158500100334___netaji_r_dhargalkar_97_fps.json,0.0,0.0,0.0,0.0,0.0,0.0,0.0,0.0,0.0,0.0,0.0,0.0,0.0,0.0,0.0,0.0
2026,Apr,GOA,north_goa,158500100334,NETAJI R DHARGALKAR-97 FPS,0,0,0,0,0.0,0.0,0.0,True,True,data/raw\2026-04\north_goa\158500100334_netaji_r_dhargalkar_97_fps.json,139.0,0.0,0.0,139.0,6.0,0.0,0.0,6.0,139.0,0.0,0.0,139.0,6.0,0.0,0.0,6.0
2026,Apr,GOA,north_goa,158500100335,,0,0,0,0,0.0,0.0,0.0,True,True,data/raw\2026-04\north_goa\158500100335_158500100335___s_v_malik_92_fps.json,0.0,0.0,0.0,0.0,0.0,0.0,0.0,0.0,0.0,0.0,0.0,0.0,0.0,0.0,0.0,0.0
2026,Apr,GOA,north_goa,158500100335,S.V MALIK-92 FPS,0,0,0,0,0.0,0.0,0.0,True,True,data/raw\2026-04\north_goa\158500100335_s_v_malik_92_fps.json,57.0,0.0,0.0,57.0,3.0,0.0,0.0,3.0,57.0,0.0,0.0,57.0,3.0,0.0,0.0,3.0
2026,Apr,GOA,north_goa,158500100336,,0,0,0,0,0.0,0.0,0.0,True,True,data/raw\2026-04\north_goa\158500100336_158500100336___the_revora_nadora_vkks_sty_ltd_60_fps.json,0.0,0.0,0.0,0.0,0.0,0.0,0.0,0.0,0.0,0.0,0.0,0.0,0.0,0.0,0.0,0.0
2026,Apr,GOA,north_goa,158500100336,THE REVORA NADORA VKKS STY LTD-60 FPS,0,0,0,0,0.0,0.0,0.0,True,True,data/raw\2026-04\north_goa\158500100336_the_revora_nadora_vkks_sty_ltd_60_fps.json,365.0,0.0,0.0,365.0,56.0,0.0,0.0,56.0,365.0,0.0,0.0,365.0,56.0,0.0,0.0,56.0
2026,Apr,GOA,north_goa,158500100337,,0,0,0,0,0.0,0.0,0.0,True,True,data/raw\2026-04\north_goa\158500100337_158500100337___sakharam_s_falari_9_fps.json,0.0,0.0,0.0,0.0,0.0,0.0,0.0,0.0,0.0,0.0,0.0,0.0,0.0,0.0,0.0,0.0
2026,Apr,GOA,north_goa,158500100337,SAKHARAM S FALARI-9 FPS,0,0,0,0,0.0,0.0,0.0,True,True,data/raw\2026-04\north_goa\158500100337_sakharam_s_falari_9_fps.json,10.0,22.0,0.0,32.0,3.0,2.0,0.0,5.0,10.0,22.0,0.0,32.0,3.0,2.0,0.0,5.0
2026,Apr,GOA,north_goa,158500100338,,0,0,0,0,0.0,0.0,0.0,True,True,data/raw\2026-04\north_goa\158500100338_158500100338___sitabai_r_naik_41_fps.json,0.0,0.0,0.0,0.0,0.0,0.0,0.0,0.0,0.0,0.0,0.0,0.0,0.0,0.0,0.0,0.0
2026,Apr,GOA,north_goa,158500100338,SITABAI R NAIK-41 FPS,0,0,0,0,0.0,0.0,0.0,True,True,data/raw\2026-04\north_goa\158500100338_sitabai_r_naik_41_fps.json,266.0,1.0,0.0,267.0,1.0,0.0,0.0,1.0,266.0,1.0,0.0,267.0,1.0,0.0,0.0,1.0
2026,Apr,GOA,north_goa,158500100339,,0,0,0,0,0.0,0.0,0.0,True,True,data/raw\2026-04\north_goa\158500100339_158500100339___amir_sudan_shetye_106_fps.json,0.0,0.0,0.0,0.0,0.0,0.0,0.0,0.0,0.0,0.0,0.0,0.0,0.0,0.0,0.0,0.0
2026,Apr,GOA,north_goa,158500100339,AMIR SUDAN SHETYE-106 FPS,0,0,0,0,0.0,0.0,0.0,True,True,data/raw\2026-04\north_goa\158500100339_amir_sudan_shetye_106_fps.json,51.0,1.0,0.0,52.0,9.0,0.0,0.0,9.0,51.0,1.0,0.0,52.0,9.0,0.0,0.0,9.0
2026,Apr,GOA,north_goa,158500100340,,0,0,0,0,0.0,0.0,0.0,True,True,data/raw\2026-04\north_goa\158500100340_158500100340___bhiku_y_vaigankar_44_fps.json,0.0,0.0,0.0,0.0,0.0,0.0,0.0,0.0,0.0,0.0,0.0,0.0,0.0,0.0,0.0,0.0
2026,Apr,GOA,north_goa,158500100340,BHIKU Y VAIGANKAR-44 FPS,0,0,0,0,0.0,0.0,0.0,True,True,data/raw\2026-04\north_goa\158500100340_bhiku_y_vaigankar_44_fps.json,107.0,1.0,6.0,114.0,50.0,0.0,0.0,50.0,107.0,1.0,6.0,114.0,50.0,0.0,0.0,50.0
2026,Apr,GOA,north_goa,158500100341,,0,0,0,0,0.0,0.0,0.0,True,True,data/raw\2026-04\north_goa\158500100341_158500100341___anand_b_bhaidkar_7_fps.json,0.0,0.0,0.0,0.0,0.0,0.0,0.0,0.0,0.0,0.0,0.0,0.0,0.0,0.0,0.0,0.0
2026,Apr,GOA,north_goa,158500100341,ANAND B BHAIDKAR-7 FPS,0,0,0,0,0.0,0.0,0.0,True,True,data/raw\2026-04\north_goa\158500100341_anand_b_bhaidkar_7_fps.json,321.0,1.0,2.0,324.0,4.0,0.0,1.0,5.0,321.0,1.0,2.0,324.0,4.0,0.0,1.0,5.0
2026,Apr,GOA,north_goa,158500100342,,0,0,0,0,0.0,0.0,0.0,True,True,data/raw\2026-04\north_goa\158500100342_158500100342___jeixri_shyam_naik__21_fps.json,0.0,0.0,0.0,0.0,0.0,0.0,0.0,0.0,0.0,0.0,0.0,0.0,0.0,0.0,0.0,0.0
2026,Apr,GOA,north_goa,158500100342,Jeixri Shyam Naik -21 FPS,0,0,0,0,0.0,0.0,0.0,True,True,data/raw\2026-04\north_goa\158500100342_jeixri_shyam_naik__21_fps.json,598.0,11.0,7.0,616.0,6.0,0.0,0.0,6.0,598.0,11.0,7.0,616.0,6.0,0.0,0.0,6.0
2026,Apr,GOA,north_goa,158500100343,,0,0,0,0,0.0,0.0,0.0,True,True,data/raw\2026-04\north_goa\158500100343_158500100343___smt__c__simepurushkar_65_fps.json,0.0,0.0,0.0,0.0,0.0,0.0,0.0,0.0,0.0,0.0,0.0,0.0,0.0,0.0,0.0,0.0
2026,Apr,GOA,north_goa,158500100343,SMT. C. SIMEPURUSHKAR-65 FPS,0,0,0,0,0.0,0.0,0.0,True,True,data/raw\2026-04\north_goa\158500100343_smt__c__simepurushkar_65_fps.json,19.0,0.0,0.0,19.0,1.0,0.0,0.0,1.0,19.0,0.0,0.0,19.0,1.0,0.0,0.0,1.0
2026,Apr,GOA,north_goa,158500100344,,0,0,0,0,0.0,0.0,0.0,True,True,data/raw\2026-04\north_goa\158500100344_158500100344___fondu_u_shirodkar_98_fps.json,0.0,0.0,0.0,0.0,0.0,0.0,0.0,0.0,0.0,0.0,0.0,0.0,0.0,0.0,0.0,0.0
2026,Apr,GOA,north_goa,158500100344,FONDU U SHIRODKAR-98 FPS,0,0,0,0,0.0,0.0,0.0,True,True,data/raw\2026-04\north_goa\158500100344_fondu_u_shirodkar_98_fps.json,133.0,1.0,0.0,134.0,11.0,0.0,0.0,11.0,133.0,1.0,0.0,134.0,11.0,0.0,0.0,11.0
2026,Apr,GOA,north_goa,158500100345,,0,0,0,0,0.0,0.0,0.0,True,True,data/raw\2026-04\north_goa\158500100345_158500100345___darin_julian_lobo_18_fps.json,0.0,0.0,0.0,0.0,0.0,0.0,0.0,0.0,0.0,0.0,0.0,0.0,0.0,0.0,0.0,0.0
2026,Apr,GOA,north_goa,158500100345,DARIN JULIAN LOBO-18 FPS,0,0,0,0,0.0,0.0,0.0,True,True,data/raw\2026-04\north_goa\158500100345_darin_julian_lobo_18_fps.json,233.0,3.0,22.0,258.0,76.0,0.0,2.0,78.0,233.0,3.0,22.0,258.0,76.0,0.0,2.0,78.0
2026,Apr,GOA,north_goa,158500100348,,0,0,0,0,0.0,0.0,0.0,True,True,data/raw\2026-04\north_goa\158500100348_158500100348___anna_christina_alvares_118_fps.json,0.0,0.0,0.0,0.0,0.0,0.0,0.0,0.0,0.0,0.0,0.0,0.0,0.0,0.0,0.0,0.0
2026,Apr,GOA,north_goa,158500100348,ANNA CHRISTINA ALVARES-118 FPS,0,0,0,0,0.0,0.0,0.0,True,True,data/raw\2026-04\north_goa\158500100348_anna_christina_alvares_118_fps.json,144.0,8.0,19.0,171.0,47.0,0.0,2.0,49.0,144.0,8.0,19.0,171.0,47.0,0.0,2.0,49.0
2026,Apr,GOA,north_goa,158500100349,,0,0,0,0,0.0,0.0,0.0,True,True,data/raw\2026-04\north_goa\158500100349_158500100349___prachi_premnath_maulingcar_55_fps.json,0.0,0.0,0.0,0.0,0.0,0.0,0.0,0.0,0.0,0.0,0.0,0.0,0.0,0.0,0.0,0.0
2026,Apr,GOA,north_goa,158500100349,PRACHI PREMNATH MAULINGCAR-55 FPS,0,0,0,0,0.0,0.0,0.0,True,True,data/raw\2026-04\north_goa\158500100349_prachi_premnath_maulingcar_55_fps.json,332.0,1.0,0.0,333.0,3.0,0.0,0.0,3.0,332.0,1.0,0.0,333.0,3.0,0.0,0.0,3.0
2026,Apr,GOA,north_goa,158500100351,,0,0,0,0,0.0,0.0,0.0,True,True,data/raw\2026-04\north_goa\158500100351_158500100351___pranay_s__naik_kalangutkar____84_fps.json,0.0,0.0,0.0,0.0,0.0,0.0,0.0,0.0,0.0,0.0,0.0,0.0,0.0,0.0,0.0,0.0
2026,Apr,GOA,north_goa,158500100351,PRANAY S. NAIK KALANGUTKAR  - 84 FPS,0,0,0,0,0.0,0.0,0.0,True,True,data/raw\2026-04\north_goa\158500100351_pranay_s__naik_kalangutkar____84_fps.json,162.0,28.0,10.0,200.0,6.0,0.0,2.0,8.0,162.0,28.0,10.0,200.0,6.0,0.0,2.0,8.0
2026,Apr,GOA,north_goa,158500100352,,0,0,0,0,0.0,0.0,0.0,True,True,data/raw\2026-04\north_goa\158500100352_158500100352___zico_j__sequeira__36_fps.json,0.0,0.0,0.0,0.0,0.0,0.0,0.0,0.0,0.0,0.0,0.0,0.0,0.0,0.0,0.0,0.0
2026,Apr,GOA,north_goa,158500100352,ZICO J. SEQUEIRA- 36 FPS,0,0,0,0,0.0,0.0,0.0,True,True,data/raw\2026-04\north_goa\158500100352_zico_j__sequeira__36_fps.json,94.0,2.0,11.0,107.0,0.0,0.0,1.0,1.0,94.0,2.0,11.0,107.0,0.0,0.0,1.0,1.0
2026,Apr,GOA,north_goa,158500100356,,0,0,0,0,0.0,0.0,0.0,True,True,data/raw\2026-04\north_goa\158500100356_158500100356___aparna_v__kambli___68_fps.json,0.0,0.0,0.0,0.0,0.0,0.0,0.0,0.0,0.0,0.0,0.0,0.0,0.0,0.0,0.0,0.0
2026,Apr,GOA,north_goa,158500100356,APARNA V. KAMBLI - 68 FPS,0,0,0,0,0.0,0.0,0.0,True,True,data/raw\2026-04\north_goa\158500100356_aparna_v__kambli___68_fps.json,83.0,0.0,0.0,83.0,0.0,0.0,0.0,0.0,83.0,0.0,0.0,83.0,0.0,0.0,0.0,0.0
2026,Apr,GOA,north_goa,158500100357,,0,0,0,0,0.0,0.0,0.0,True,True,data/raw\2026-04\north_goa\158500100357_158500100357___kishori_d__shinde_fps_10.json,0.0,0.0,0.0,0.0,0.0,0.0,0.0,0.0,0.0,0.0,0.0,0.0,0.0,0.0,0.0,0.0
2026,Apr,GOA,north_goa,158500100357,KISHORI D. SHINDE FPS-10,0,0,0,0,0.0,0.0,0.0,True,True,data/raw\2026-04\north_goa\158500100357_kishori_d__shinde_fps_10.json,147.0,9.0,30.0,186.0,19.0,0.0,11.0,30.0,147.0,9.0,30.0,186.0,19.0,0.0,11.0,30.0
2026,Apr,GOA,north_goa,158500100369,,0,0,0,0,0.0,0.0,0.0,True,True,data/raw\2026-04\north_goa\158500100369_158500100369___pankaj_n__dhargalkar_119_fps.json,0.0,0.0,0.0,0.0,0.0,0.0,0.0,0.0,0.0,0.0,0.0,0.0,0.0,0.0,0.0,0.0
2026,Apr,GOA,north_goa,158500100369,PANKAJ N. DHARGALKAR-119 FPS,0,0,0,0,0.0,0.0,0.0,True,True,data/raw\2026-04\north_goa\158500100369_pankaj_n__dhargalkar_119_fps.json,100.0,5.0,6.0,111.0,0.0,0.0,0.0,0.0,100.0,5.0,6.0,111.0,0.0,0.0,0.0,0.0
2026,Apr,GOA,north_goa,158500100370,,0,0,0,0,0.0,0.0,0.0,True,True,data/raw\2026-04\north_goa\158500100370_158500100370___sulochana_kalangutkar_120_fps.json,0.0,0.0,0.0,0.0,0.0,0.0,0.0,0.0,0.0,0.0,0.0,0.0,0.0,0.0,0.0,0.0
2026,Apr,GOA,north_goa,158500100370,SULOCHANA KALANGUTKAR-120 FPS,0,0,0,0,0.0,0.0,0.0,True,True,data/raw\2026-04\north_goa\158500100370_sulochana_kalangutkar_120_fps.json,130.0,1.0,0.0,131.0,10.0,0.0,0.0,10.0,130.0,1.0,0.0,131.0,10.0,0.0,0.0,10.0
2026,Apr,GOA,north_goa,158500100371,,0,0,0,0,0.0,0.0,0.0,True,True,data/raw\2026-04\north_goa\158500100371_158500100371___snehal_narayan_salgaonkar.json,0.0,0.0,0.0,0.0,0.0,0.0,0.0,0.0,0.0,0.0,0.0,0.0,0.0,0.0,0.0,0.0
2026,Apr,GOA,north_goa,158500100371,SNEHAL NARAYAN SALGAONKAR,0,0,0,0,0.0,0.0,0.0,True,True,data/raw\2026-04\north_goa\158500100371_snehal_narayan_salgaonkar.json,186.0,5.0,0.0,191.0,2.0,0.0,0.0,2.0,186.0,5.0,0.0,191.0,2.0,0.0,0.0,2.0
2026,Apr,GOA,north_goa,158500200002,,0,0,0,0,0.0,0.0,0.0,True,True,data/raw\2026-04\north_goa\158500200002_158500200002___purshottam_c_naik_5_fps.json,0.0,0.0,0.0,0.0,0.0,0.0,0.0,0.0,0.0,0.0,0.0,0.0,0.0,0.0,0.0,0.0
2026,Apr,GOA,north_goa,158500200002,PURSHOTTAM C NAIK-5 FPS,0,0,0,0,0.0,0.0,0.0,True,True,data/raw\2026-04\north_goa\158500200002_purshottam_c_naik_5_fps.json,96.0,0.0,0.0,96.0,27.0,0.0,0.0,27.0,96.0,0.0,0.0,96.0,27.0,0.0,0.0,27.0
2026,Apr,GOA,north_goa,158500200003,,0,0,0,0,0.0,0.0,0.0,True,True,data/raw\2026-04\north_goa\158500200003_158500200003___mulgao_shirgao_advalpal_v_k_s_s_society_ltd_6_fps.json,0.0,0.0,0.0,0.0,0.0,0.0,0.0,0.0,0.0,0.0,0.0,0.0,0.0,0.0,0.0,0.0
2026,Apr,GOA,north_goa,158500200003,MULGAO SHIRGAO ADVALPAL V.K.S.S.SOCIETY LTD-6 FPS,0,0,0,0,0.0,0.0,0.0,True,True,data/raw\2026-04\north_goa\158500200003_mulgao_shirgao_advalpal_v_k_s_s_society_ltd_6_fps.json,272.0,9.0,8.0,289.0,29.0,0.0,0.0,29.0,272.0,9.0,8.0,289.0,29.0,0.0,0.0,29.0
2026,Apr,GOA,north_goa,158500200004,,0,0,0,0,0.0,0.0,0.0,True,True,data/raw\2026-04\north_goa\158500200004_158500200004___piligao_v_k_s_sty_ltd_12_fps.json,0.0,0.0,0.0,0.0,0.0,0.0,0.0,0.0,0.0,0.0,0.0,0.0,0.0,0.0,0.0,0.0
2026,Apr,GOA,north_goa,158500200004,PILIGAO V.K.S.STY LTD-12 FPS,0,0,0,0,0.0,0.0,0.0,True,True,data/raw\2026-04\north_goa\158500200004_piligao_v_k_s_sty_ltd_12_fps.json,294.0,1.0,6.0,301.0,10.0,0.0,0.0,10.0,294.0,1.0,6.0,301.0,10.0,0.0,0.0,10.0
2026,Apr,GOA,north_goa,158500200005,,0,0,0,0,0.0,0.0,0.0,True,True,data/raw\2026-04\north_goa\158500200005_158500200005___bicholim_vkss_society_ltd_8___11_fps.json,0.0,0.0,0.0,0.0,0.0,0.0,0.0,0.0,0.0,0.0,0.0,0.0,0.0,0.0,0.0,0.0
2026,Apr,GOA,north_goa,158500200005,BICHOLIM VKSS SOCIETY LTD-8 & 11 FPS,0,0,0,0,0.0,0.0,0.0,True,True,data/raw\2026-04\north_goa\158500200005_bicholim_vkss_society_ltd_8___11_fps.json,199.0,6.0,12.0,217.0,90.0,4.0,0.0,94.0,199.0,6.0,12.0,217.0,90.0,4.0,0.0,94.0
2026,Apr,GOA,north_goa,158500200006,,0,0,0,0,0.0,0.0,0.0,True,True,data/raw\2026-04\north_goa\158500200006_158500200006___bicholim_vkss_soc_ltd_9_fps.json,0.0,0.0,0.0,0.0,0.0,0.0,0.0,0.0,0.0,0.0,0.0,0.0,0.0,0.0,0.0,0.0
2026,Apr,GOA,north_goa,158500200006,BICHOLIM VKSS SOC LTD-9 FPS,0,0,0,0,0.0,0.0,0.0,True,True,data/raw\2026-04\north_goa\158500200006_bicholim_vkss_soc_ltd_9_fps.json,54.0,0.0,2.0,56.0,37.0,1.0,0.0,38.0,54.0,0.0,2.0,56.0,37.0,1.0,0.0,38.0
2026,Apr,GOA,north_goa,158500200007,,0,0,0,0,0.0,0.0,0.0,True,True,data/raw\2026-04\north_goa\158500200007_158500200007___kalyan_consumers_co_operative_society_ltd_10_fps.json,0.0,0.0,0.0,0.0,0.0,0.0,0.0,0.0,0.0,0.0,0.0,0.0,0.0,0.0,0.0,0.0
2026,Apr,GOA,north_goa,158500200007,KALYAN CONSUMERS CO-OPERATIVE SOCIETY LTD-10 FPS,0,0,0,0,0.0,0.0,0.0,True,True,data/raw\2026-04\north_goa\158500200007_kalyan_consumers_co_operative_society_ltd_10_fps.json,99.0,0.0,16.0,115.0,56.0,0.0,1.0,57.0,99.0,0.0,16.0,115.0,56.0,0.0,1.0,57.0
2026,Apr,GOA,north_goa,158500200009,,0,0,0,0,0.0,0.0,0.0,True,True,data/raw\2026-04\north_goa\158500200009_158500200009___karapur_sarvan_v_k_sty_16_fps.json,0.0,0.0,0.0,0.0,0.0,0.0,0.0,0.0,0.0,0.0,0.0,0.0,0.0,0.0,0.0,0.0
2026,Apr,GOA,north_goa,158500200009,KARAPUR SARVAN V K STY-16 FPS,0,0,0,0,0.0,0.0,0.0,True,True,data/raw\2026-04\north_goa\158500200009_karapur_sarvan_v_k_sty_16_fps.json,371.0,2.0,9.0,382.0,1.0,0.0,4.0,5.0,371.0,2.0,9.0,382.0,1.0,0.0,4.0,5.0
2026,Apr,GOA,north_goa,158500200010,,0,0,0,0,0.0,0.0,0.0,True,True,data/raw\2026-04\north_goa\158500200010_158500200010___maharastra_v_k_s_society_ltd_17_fps.json,0.0,0.0,0.0,0.0,0.0,0.0,0.0,0.0,0.0,0.0,0.0,0.0,0.0,0.0,0.0,0.0
2026,Apr,GOA,north_goa,158500200010,MAHARASTRA V.K.S SOCIETY LTD-17 FPS,0,0,0,0,0.0,0.0,0.0,True,True,data/raw\2026-04\north_goa\158500200010_maharastra_v_k_s_society_ltd_17_fps.json,231.0,41.0,55.0,327.0,5.0,1.0,8.0,14.0,231.0,41.0,55.0,327.0,5.0,1.0,8.0,14.0
2026,Apr,GOA,north_goa,158500200011,,0,0,0,0,0.0,0.0,0.0,True,True,data/raw\2026-04\north_goa\158500200011_158500200011___navelim_vkss_sty_ltd_20_fps.json,0.0,0.0,0.0,0.0,0.0,0.0,0.0,0.0,0.0,0.0,0.0,0.0,0.0,0.0,0.0,0.0
2026,Apr,GOA,north_goa,158500200011,NAVELIM VKSS STY LTD-20 FPS,0,0,0,0,0.0,0.0,0.0,True,True,data/raw\2026-04\north_goa\158500200011_navelim_vkss_sty_ltd_20_fps.json,287.0,3.0,0.0,290.0,0.0,0.0,0.0,0.0,287.0,3.0,0.0,290.0,0.0,0.0,0.0,0.0
2026,Apr,GOA,north_goa,158500200012,,0,0,0,0,0.0,0.0,0.0,True,True,data/raw\2026-04\north_goa\158500200012_158500200012___surla_kothambi_v_k_s_s__sty_ltd__23_fps.json,0.0,0.0,0.0,0.0,0.0,0.0,0.0,0.0,0.0,0.0,0.0,0.0,0.0,0.0,0.0,0.0
2026,Apr,GOA,north_goa,158500200012,SURLA KOTHAMBI V.K.S.S. STY LTD.-23 FPS,0,0,0,0,0.0,0.0,0.0,True,True,data/raw\2026-04\north_goa\158500200012_surla_kothambi_v_k_s_s__sty_ltd__23_fps.json,465.0,2.0,0.0,467.0,28.0,0.0,0.0,28.0,464.0,2.0,0.0,466.0,28.0,0.0,0.0,28.0
2026,Apr,GOA,north_goa,158500200013,,0,0,0,0,0.0,0.0,0.0,True,True,data/raw\2026-04\north_goa\158500200013_158500200013___maharastra__v_k_s_society__25_fps.json,0.0,0.0,0.0,0.0,0.0,0.0,0.0,0.0,0.0,0.0,0.0,0.0,0.0,0.0,0.0,0.0
2026,Apr,GOA,north_goa,158500200013,MAHARASTRA  V.K.S.SOCIETY -25 FPS,0,0,0,0,0.0,0.0,0.0,True,True,data/raw\2026-04\north_goa\158500200013_maharastra__v_k_s_society__25_fps.json,286.0,29.0,53.0,368.0,5.0,0.0,1.0,6.0,286.0,29.0,53.0,368.0,5.0,0.0,1.0,6.0
2026,Apr,GOA,north_goa,158500200014,,0,0,0,0,0.0,0.0,0.0,True,True,data/raw\2026-04\north_goa\158500200014_158500200014___vishnu_ramchandra_parab_29_fps.json,0.0,0.0,0.0,0.0,0.0,0.0,0.0,0.0,0.0,0.0,0.0,0.0,0.0,0.0,0.0,0.0
2026,Apr,GOA,north_goa,158500200014,VISHNU RAMCHANDRA PARAB-29 FPS,0,0,0,0,0.0,0.0,0.0,True,True,data/raw\2026-04\north_goa\158500200014_vishnu_ramchandra_parab_29_fps.json,387.0,0.0,0.0,387.0,15.0,0.0,0.0,15.0,387.0,0.0,0.0,387.0,15.0,0.0,0.0,15.0
2026,Apr,GOA,north_goa,158500200015,,0,0,0,0,0.0,0.0,0.0,True,True,data/raw\2026-04\north_goa\158500200015_158500200015___santosh_k_gadekar_30_fps.json,0.0,0.0,0.0,0.0,0.0,0.0,0.0,0.0,0.0,0.0,0.0,0.0,0.0,0.0,0.0,0.0
2026,Apr,GOA,north_goa,158500200015,SANTOSH K GADEKAR-30 FPS,0,0,0,0,0.0,0.0,0.0,True,True,data/raw\2026-04\north_goa\158500200015_santosh_k_gadekar_30_fps.json,284.0,3.0,0.0,287.0,15.0,0.0,0.0,15.0,284.0,3.0,0.0,287.0,15.0,0.0,0.0,15.0
2026,Apr,GOA,north_goa,158500200016,,0,0,0,0,0.0,0.0,0.0,True,True,data/raw\2026-04\north_goa\158500200016_158500200016___tukaram_raghoba_gaonkar_33_fps.json,0.0,0.0,0.0,0.0,0.0,0.0,0.0,0.0,0.0,0.0,0.0,0.0,0.0,0.0,0.0,0.0
2026,Apr,GOA,north_goa,158500200016,TUKARAM RAGHOBA GAONKAR-33 FPS,0,0,0,0,0.0,0.0,0.0,True,True,data/raw\2026-04\north_goa\158500200016_tukaram_raghoba_gaonkar_33_fps.json,138.0,0.0,0.0,138.0,41.0,0.0,0.0,41.0,138.0,0.0,0.0,138.0,41.0,0.0,0.0,41.0
2026,Apr,GOA,north_goa,158500200018,,0,0,0,0,0.0,0.0,0.0,True,True,data/raw\2026-04\north_goa\158500200018_158500200018___smt__nafisa_imran_shaikh_35_fps.json,0.0,0.0,0.0,0.0,0.0,0.0,0.0,0.0,0.0,0.0,0.0,0.0,0.0,0.0,0.0,0.0
2026,Apr,GOA,north_goa,158500200018,SMT. NAFISA IMRAN SHAIKH-35 FPS,0,0,0,0,0.0,0.0,0.0,True,True,data/raw\2026-04\north_goa\158500200018_smt__nafisa_imran_shaikh_35_fps.json,240.0,3.0,42.0,285.0,51.0,1.0,9.0,61.0,240.0,3.0,42.0,285.0,51.0,1.0,9.0,61.0
2026,Apr,GOA,north_goa,158500200019,,0,0,0,0,0.0,0.0,0.0,True,True,data/raw\2026-04\north_goa\158500200019_158500200019___shambhu_vaman_fadte_36_fps.json,0.0,0.0,0.0,0.0,0.0,0.0,0.0,0.0,0.0,0.0,0.0,0.0,0.0,0.0,0.0,0.0
2026,Apr,GOA,north_goa,158500200019,SHAMBHU VAMAN FADTE-36 FPS,0,0,0,0,0.0,0.0,0.0,True,True,data/raw\2026-04\north_goa\158500200019_shambhu_vaman_fadte_36_fps.json,96.0,2.0,6.0,104.0,3.0,0.0,0.0,3.0,96.0,2.0,6.0,104.0,3.0,0.0,0.0,3.0
2026,Apr,GOA,north_goa,158500200020,,0,0,0,0,0.0,0.0,0.0,True,True,data/raw\2026-04\north_goa\158500200020_158500200020___mohan_ganesh_tari_37_fps.json,0.0,0.0,0.0,0.0,0.0,0.0,0.0,0.0,0.0,0.0,0.0,0.0,0.0,0.0,0.0,0.0
2026,Apr,GOA,north_goa,158500200020,MOHAN GANESH TARI-37 FPS,0,0,0,0,0.0,0.0,0.0,True,True,data/raw\2026-04\north_goa\158500200020_mohan_ganesh_tari_37_fps.json,277.0,0.0,0.0,277.0,4.0,0.0,0.0,4.0,277.0,0.0,0.0,277.0,4.0,0.0,0.0,4.0
2026,Apr,GOA,north_goa,158500200021,,0,0,0,0,0.0,0.0,0.0,True,True,data/raw\2026-04\north_goa\158500200021_158500200021___velguem_mah__consumer_co_op_society_ltd_38_fps.json,0.0,0.0,0.0,0.0,0.0,0.0,0.0,0.0,0.0,0.0,0.0,0.0,0.0,0.0,0.0,0.0
2026,Apr,GOA,north_goa,158500200021,VELGUEM MAH  CONSUMER CO-OP SOCIETY LTD-38 FPS,0,0,0,0,0.0,0.0,0.0,True,True,data/raw\2026-04\north_goa\158500200021_velguem_mah__consumer_co_op_society_ltd_38_fps.json,367.0,0.0,0.0,367.0,4.0,0.0,0.0,4.0,367.0,0.0,0.0,367.0,4.0,0.0,0.0,4.0
2026,Apr,GOA,north_goa,158500200022,,0,0,0,0,0.0,0.0,0.0,True,True,data/raw\2026-04\north_goa\158500200022_158500200022___deepak_p_n_kumbharjuvekar_40_fps.json,0.0,0.0,0.0,0.0,0.0,0.0,0.0,0.0,0.0,0.0,0.0,0.0,0.0,0.0,0.0,0.0
2026,Apr,GOA,north_goa,158500200022,DEEPAK P.N KUMBHARJUVEKAR-40 FPS,0,0,0,0,0.0,0.0,0.0,True,True,data/raw\2026-04\north_goa\158500200022_deepak_p_n_kumbharjuvekar_40_fps.json,105.0,0.0,0.0,105.0,3.0,0.0,0.0,3.0,105.0,0.0,0.0,105.0,3.0,0.0,0.0,3.0
2026,Apr,GOA,north_goa,158500200023,,0,0,0,0,0.0,0.0,0.0,True,True,data/raw\2026-04\north_goa\158500200023_158500200023___sanjay_s_arondekar_43_fps.json,0.0,0.0,0.0,0.0,0.0,0.0,0.0,0.0,0.0,0.0,0.0,0.0,0.0,0.0,0.0,0.0
2026,Apr,GOA,north_goa,158500200023,SANJAY S ARONDEKAR-43 FPS,0,0,0,0,0.0,0.0,0.0,True,True,data/raw\2026-04\north_goa\158500200023_sanjay_s_arondekar_43_fps.json,450.0,0.0,0.0,450.0,87.0,0.0,0.0,87.0,450.0,0.0,0.0,450.0,87.0,0.0,0.0,87.0
2026,Apr,GOA,north_goa,158500200024,,0,0,0,0,0.0,0.0,0.0,True,True,data/raw\2026-04\north_goa\158500200024_158500200024___sunil_v_govekar_45_fps.json,0.0,0.0,0.0,0.0,0.0,0.0,0.0,0.0,0.0,0.0,0.0,0.0,0.0,0.0,0.0,0.0
2026,Apr,GOA,north_goa,158500200024,Sunil V Govekar-45 FPS,0,0,0,0,0.0,0.0,0.0,True,True,data/raw\2026-04\north_goa\158500200024_sunil_v_govekar_45_fps.json,161.0,3.0,3.0,167.0,6.0,0.0,0.0,6.0,161.0,3.0,3.0,167.0,6.0,0.0,0.0,6.0
2026,Apr,GOA,north_goa,158500200171,,0,0,0,0,0.0,0.0,0.0,True,True,data/raw\2026-04\north_goa\158500200171_158500200171___smt_shilpa_umesh_raut_4_fps.json,0.0,0.0,0.0,0.0,0.0,0.0,0.0,0.0,0.0,0.0,0.0,0.0,0.0,0.0,0.0,0.0
2026,Apr,GOA,north_goa,158500200171,SMT SHILPA UMESH RAUT-4 FPS,0,0,0,0,0.0,0.0,0.0,True,True,data/raw\2026-04\north_goa\158500200171_smt_shilpa_umesh_raut_4_fps.json,267.0,2.0,6.0,275.0,14.0,0.0,1.0,15.0,267.0,2.0,6.0,275.0,14.0,0.0,1.0,15.0
2026,Apr,GOA,north_goa,158500200172,,0,0,0,0,0.0,0.0,0.0,True,True,data/raw\2026-04\north_goa\158500200172_158500200172___van_group_v_k_s_sty_7_fps.json,0.0,0.0,0.0,0.0,0.0,0.0,0.0,0.0,0.0,0.0,0.0,0.0,0.0,0.0,0.0,0.0
2026,Apr,GOA,north_goa,158500200172,VAN GROUP V.K.S.STY-7 FPS,0,0,0,0,0.0,0.0,0.0,True,True,data/raw\2026-04\north_goa\158500200172_van_group_v_k_s_sty_7_fps.json,326.0,3.0,7.0,336.0,35.0,0.0,0.0,35.0,326.0,3.0,7.0,336.0,35.0,0.0,0.0,35.0
2026,Apr,GOA,north_goa,158500200173,,0,0,0,0,0.0,0.0,0.0,True,True,data/raw\2026-04\north_goa\158500200173_158500200173___krishna_r__satardekar_18_fps.json,0.0,0.0,0.0,0.0,0.0,0.0,0.0,0.0,0.0,0.0,0.0,0.0,0.0,0.0,0.0,0.0
2026,Apr,GOA,north_goa,158500200173,KRISHNA R. SATARDEKAR-18 FPS,0,0,0,0,0.0,0.0,0.0,True,True,data/raw\2026-04\north_goa\158500200173_krishna_r__satardekar_18_fps.json,423.0,15.0,0.0,438.0,6.0,0.0,0.0,6.0,423.0,15.0,0.0,438.0,6.0,0.0,0.0,6.0
2026,Apr,GOA,north_goa,158500200174,,0,0,0,0,0.0,0.0,0.0,True,True,data/raw\2026-04\north_goa\158500200174_158500200174___mahalaxmi_v_k_s_sty_19___32_fps.json,0.0,0.0,0.0,0.0,0.0,0.0,0.0,0.0,0.0,0.0,0.0,0.0,0.0,0.0,0.0,0.0
2026,Apr,GOA,north_goa,158500200174,MAHALAXMI V.K.S.STY-19 & 32 FPS,0,0,0,0,0.0,0.0,0.0,True,True,data/raw\2026-04\north_goa\158500200174_mahalaxmi_v_k_s_sty_19___32_fps.json,283.0,2.0,7.0,292.0,16.0,0.0,0.0,16.0,283.0,2.0,7.0,292.0,16.0,0.0,0.0,16.0
2026,Apr,GOA,north_goa,158500200175,,0,0,0,0,0.0,0.0,0.0,True,True,data/raw\2026-04\north_goa\158500200175_158500200175___sajro_u_parab_22_fps.json,0.0,0.0,0.0,0.0,0.0,0.0,0.0,0.0,0.0,0.0,0.0,0.0,0.0,0.0,0.0,0.0
2026,Apr,GOA,north_goa,158500200175,SAJRO U PARAB-22 FPS,0,0,0,0,0.0,0.0,0.0,True,True,data/raw\2026-04\north_goa\158500200175_sajro_u_parab_22_fps.json,153.0,0.0,2.0,155.0,7.0,0.0,0.0,7.0,153.0,0.0,2.0,155.0,7.0,0.0,0.0,7.0
2026,Apr,GOA,north_goa,158500200176,,0,0,0,0,0.0,0.0,0.0,True,True,data/raw\2026-04\north_goa\158500200176_158500200176___navdurga_v_k_s_sty_24___26_fps.json,0.0,0.0,0.0,0.0,0.0,0.0,0.0,0.0,0.0,0.0,0.0,0.0,0.0,0.0,0.0,0.0
2026,Apr,GOA,north_goa,158500200176,NAVDURGA V K S STY-24 & 26 FPS,0,0,0,0,0.0,0.0,0.0,True,True,data/raw\2026-04\north_goa\158500200176_navdurga_v_k_s_sty_24___26_fps.json,535.0,11.0,5.0,551.0,10.0,0.0,0.0,10.0,535.0,11.0,5.0,551.0,10.0,0.0,0.0,10.0
2026,Apr,GOA,north_goa,158500200177,,0,0,0,0,0.0,0.0,0.0,True,True,data/raw\2026-04\north_goa\158500200177_158500200177___sweta_prabhugaonkar_31_fps.json,0.0,0.0,0.0,0.0,0.0,0.0,0.0,0.0,0.0,0.0,0.0,0.0,0.0,0.0,0.0,0.0
2026,Apr,GOA,north_goa,158500200177,SWETA PRABHUGAONKAR-31 FPS,0,0,0,0,0.0,0.0,0.0,True,True,data/raw\2026-04\north_goa\158500200177_sweta_prabhugaonkar_31_fps.json,210.0,3.0,0.0,213.0,2.0,0.0,0.0,2.0,210.0,3.0,0.0,213.0,2.0,0.0,0.0,2.0
2026,Apr,GOA,north_goa,158500200178,,0,0,0,0,0.0,0.0,0.0,True,True,data/raw\2026-04\north_goa\158500200178_158500200178___kalyan_consumers_co_operative_society_ltd_34_fps.json,0.0,0.0,0.0,0.0,0.0,0.0,0.0,0.0,0.0,0.0,0.0,0.0,0.0,0.0,0.0,0.0
2026,Apr,GOA,north_goa,158500200178,KALYAN CONSUMERS CO-OPERATIVE SOCIETY LTD-34 FPS,0,0,0,0,0.0,0.0,0.0,True,True,data/raw\2026-04\north_goa\158500200178_kalyan_consumers_co_operative_society_ltd_34_fps.json,138.0,0.0,6.0,144.0,54.0,0.0,0.0,54.0,138.0,0.0,6.0,144.0,54.0,0.0,0.0,54.0
2026,Apr,GOA,north_goa,158500200181,,0,0,0,0,0.0,0.0,0.0,True,True,data/raw\2026-04\north_goa\158500200181_158500200181___navdurga_v_k_s_sty_42___28_fps.json,0.0,0.0,0.0,0.0,0.0,0.0,0.0,0.0,0.0,0.0,0.0,0.0,0.0,0.0,0.0,0.0
2026,Apr,GOA,north_goa,158500200181,NAVDURGA V K S STY-42 & 28 FPS,0,0,0,0,0.0,0.0,0.0,True,True,data/raw\2026-04\north_goa\158500200181_navdurga_v_k_s_sty_42___28_fps.json,179.0,6.0,0.0,185.0,0.0,0.0,0.0,0.0,179.0,6.0,0.0,185.0,0.0,0.0,0.0,0.0
2026,Apr,GOA,north_goa,158500200182,,0,0,0,0,0.0,0.0,0.0,True,True,data/raw\2026-04\north_goa\158500200182_158500200182___sandhya_g_kasar_44_fps.json,0.0,0.0,0.0,0.0,0.0,0.0,0.0,0.0,0.0,0.0,0.0,0.0,0.0,0.0,0.0,0.0
2026,Apr,GOA,north_goa,158500200182,SANDHYA G KASAR-44 FPS,0,0,0,0,0.0,0.0,0.0,True,True,data/raw\2026-04\north_goa\158500200182_sandhya_g_kasar_44_fps.json,85.0,1.0,0.0,86.0,8.0,0.0,0.0,8.0,85.0,1.0,0.0,86.0,8.0,0.0,0.0,8.0
2026,Apr,GOA,north_goa,158500200183,,0,0,0,0,0.0,0.0,0.0,True,True,data/raw\2026-04\north_goa\158500200183_158500200183___advalpal_v_k_s_sty_1_fps.json,0.0,0.0,0.0,0.0,0.0,0.0,0.0,0.0,0.0,0.0,0.0,0.0,0.0,0.0,0.0,0.0
2026,Apr,GOA,north_goa,158500200183,ADVALPAL V.K.S STY-1 FPS,0,0,0,0,0.0,0.0,0.0,True,True,data/raw\2026-04\north_goa\158500200183_advalpal_v_k_s_sty_1_fps.json,189.0,0.0,0.0,189.0,23.0,0.0,0.0,23.0,189.0,0.0,0.0,189.0,23.0,0.0,0.0,23.0
2026,Apr,GOA,north_goa,158500200184,,0,0,0,0,0.0,0.0,0.0,True,True,data/raw\2026-04\north_goa\158500200184_158500200184___maharashtra_v_k_s_sty_15_fps.json,0.0,0.0,0.0,0.0,0.0,0.0,0.0,0.0,0.0,0.0,0.0,0.0,0.0,0.0,0.0,0.0
2026,Apr,GOA,north_goa,158500200184,MAHARASHTRA V K S STY-15 FPS,0,0,0,0,0.0,0.0,0.0,True,True,data/raw\2026-04\north_goa\158500200184_maharashtra_v_k_s_sty_15_fps.json,370.0,16.0,0.0,386.0,8.0,0.0,0.0,8.0,370.0,16.0,0.0,386.0,8.0,0.0,0.0,8.0
2026,Apr,GOA,north_goa,158500200185,,0,0,0,0,0.0,0.0,0.0,True,True,data/raw\2026-04\north_goa\158500200185_158500200185___narva_v_k_s_sty_13_fps.json,0.0,0.0,0.0,0.0,0.0,0.0,0.0,0.0,0.0,0.0,0.0,0.0,0.0,0.0,0.0,0.0
2026,Apr,GOA,north_goa,158500200185,NARVA V K S STY-13 FPS,0,0,0,0,0.0,0.0,0.0,True,True,data/raw\2026-04\north_goa\158500200185_narva_v_k_s_sty_13_fps.json,228.0,2.0,0.0,230.0,41.0,0.0,0.0,41.0,228.0,2.0,0.0,230.0,41.0,0.0,0.0,41.0
2026,Apr,GOA,north_goa,158500200187,,0,0,0,0,0.0,0.0,0.0,True,True,data/raw\2026-04\north_goa\158500200187_158500200187___rahul_rama_naik__46_fps.json,0.0,0.0,0.0,0.0,0.0,0.0,0.0,0.0,0.0,0.0,0.0,0.0,0.0,0.0,0.0,0.0
2026,Apr,GOA,north_goa,158500200187,RAHUL RAMA NAIK- 46 FPS,0,0,0,0,0.0,0.0,0.0,True,True,data/raw\2026-04\north_goa\158500200187_rahul_rama_naik__46_fps.json,182.0,0.0,0.0,182.0,2.0,0.0,0.0,2.0,182.0,0.0,0.0,182.0,2.0,0.0,0.0,2.0
2026,Apr,GOA,north_goa,158500200188,,0,0,0,0,0.0,0.0,0.0,True,True,data/raw\2026-04\north_goa\158500200188_158500200188___kasarpal_v_k_s_sty_2___3_fps.json,0.0,0.0,0.0,0.0,0.0,0.0,0.0,0.0,0.0,0.0,0.0,0.0,0.0,0.0,0.0,0.0
2026,Apr,GOA,north_goa,158500200188,KASARPAL V K S STY-2 & 3 FPS,0,0,0,0,0.0,0.0,0.0,True,True,data/raw\2026-04\north_goa\158500200188_kasarpal_v_k_s_sty_2___3_fps.json,444.0,1.0,2.0,447.0,74.0,0.0,1.0,75.0,444.0,1.0,2.0,447.0,74.0,0.0,1.0,75.0
2026,Apr,GOA,north_goa,158500200189,,0,0,0,0,0.0,0.0,0.0,True,True,data/raw\2026-04\north_goa\158500200189_158500200189___vithoba_l_ghadi_39_fps.json,0.0,0.0,0.0,0.0,0.0,0.0,0.0,0.0,0.0,0.0,0.0,0.0,0.0,0.0,0.0,0.0
2026,Apr,GOA,north_goa,158500200189,VITHOBA L GHADI-39 FPS,0,0,0,0,0.0,0.0,0.0,True,True,data/raw\2026-04\north_goa\158500200189_vithoba_l_ghadi_39_fps.json,211.0,0.0,0.0,211.0,0.0,0.0,0.0,0.0,211.0,0.0,0.0,211.0,0.0,0.0,0.0,0.0
2026,Apr,GOA,north_goa,158500200190,,0,0,0,0,0.0,0.0,0.0,True,True,data/raw\2026-04\north_goa\158500200190_158500200190___tulshidas_k_gaonkar_41_fps.json,0.0,0.0,0.0,0.0,0.0,0.0,0.0,0.0,0.0,0.0,0.0,0.0,0.0,0.0,0.0,0.0
2026,Apr,GOA,north_goa,158500200190,TULSHIDAS K GAONKAR-41 FPS,0,0,0,0,0.0,0.0,0.0,True,True,data/raw\2026-04\north_goa\158500200190_tulshidas_k_gaonkar_41_fps.json,201.0,0.0,0.0,201.0,32.0,0.0,0.0,32.0,201.0,0.0,0.0,201.0,32.0,0.0,0.0,32.0
2026,Apr,GOA,north_goa,158500200191,,0,0,0,0,0.0,0.0,0.0,True,True,data/raw\2026-04\north_goa\158500200191_158500200191___digvetta_d_karbothkar_14_fps.json,0.0,0.0,0.0,0.0,0.0,0.0,0.0,0.0,0.0,0.0,0.0,0.0,0.0,0.0,0.0,0.0
2026,Apr,GOA,north_goa,158500200191,DIGVETTA D KARBOTHKAR-14 FPS,0,0,0,0,0.0,0.0,0.0,True,True,data/raw\2026-04\north_goa\158500200191_digvetta_d_karbothkar_14_fps.json,95.0,0.0,0.0,95.0,0.0,0.0,0.0,0.0,95.0,0.0,0.0,95.0,0.0,0.0,0.0,0.0
2026,Apr,GOA,north_goa,158500200192,,0,0,0,0,0.0,0.0,0.0,True,True,data/raw\2026-04\north_goa\158500200192_158500200192___mahalaxmi_ravalnath_multipurpose_co_operative_society_ltd.json,0.0,0.0,0.0,0.0,0.0,0.0,0.0,0.0,0.0,0.0,0.0,0.0,0.0,0.0,0.0,0.0
2026,Apr,GOA,north_goa,158500200192,MAHALAXMI RAVALNATH MULTIPURPOSE CO-OPERATIVE SOCIETY LTD,0,0,0,0,0.0,0.0,0.0,True,True,data/raw\2026-04\north_goa\158500200192_mahalaxmi_ravalnath_multipurpose_co_operative_society_ltd.json,97.0,0.0,0.0,97.0,1.0,0.0,0.0,1.0,97.0,0.0,0.0,97.0,1.0,0.0,0.0,1.0
2026,Apr,GOA,north_goa,158500300002,,0,0,0,0,0.0,0.0,0.0,True,True,data/raw\2026-04\north_goa\158500300002_158500300002___govind_p_shetgaonkar_3_fps.json,0.0,0.0,0.0,0.0,0.0,0.0,0.0,0.0,0.0,0.0,0.0,0.0,0.0,0.0,0.0,0.0
2026,Apr,GOA,north_goa,158500300002,GOVIND P SHETGAONKAR-3 FPS,0,0,0,0,0.0,0.0,0.0,True,True,data/raw\2026-04\north_goa\158500300002_govind_p_shetgaonkar_3_fps.json,83.0,2.0,0.0,85.0,23.0,0.0,0.0,23.0,83.0,2.0,0.0,85.0,23.0,0.0,0.0,23.0
2026,Apr,GOA,north_goa,158500300003,,0,0,0,0,0.0,0.0,0.0,True,True,data/raw\2026-04\north_goa\158500300003_158500300003___krishna_s_shetgaonkar_5_fps.json,0.0,0.0,0.0,0.0,0.0,0.0,0.0,0.0,0.0,0.0,0.0,0.0,0.0,0.0,0.0,0.0
2026,Apr,GOA,north_goa,158500300003,KRISHNA S.SHETGAONKAR-5 FPS,0,0,0,0,0.0,0.0,0.0,True,True,data/raw\2026-04\north_goa\158500300003_krishna_s_shetgaonkar_5_fps.json,159.0,4.0,0.0,163.0,83.0,0.0,0.0,83.0,159.0,4.0,0.0,163.0,83.0,0.0,0.0,83.0
2026,Apr,GOA,north_goa,158500300004,,0,0,0,0,0.0,0.0,0.0,True,True,data/raw\2026-04\north_goa\158500300004_158500300004___m_s_laxman_shamba_naik_6_fps.json,0.0,0.0,0.0,0.0,0.0,0.0,0.0,0.0,0.0,0.0,0.0,0.0,0.0,0.0,0.0,0.0
2026,Apr,GOA,north_goa,158500300004,M/S LAXMAN SHAMBA NAIK-6 FPS,0,0,0,0,0.0,0.0,0.0,True,True,data/raw\2026-04\north_goa\158500300004_m_s_laxman_shamba_naik_6_fps.json,146.0,0.0,0.0,146.0,58.0,0.0,0.0,58.0,146.0,0.0,0.0,146.0,58.0,0.0,0.0,58.0
2026,Apr,GOA,north_goa,158500300005,,0,0,0,0,0.0,0.0,0.0,True,True,data/raw\2026-04\north_goa\158500300005_158500300005___shri_baptista_d_souza_7_fps.json,0.0,0.0,0.0,0.0,0.0,0.0,0.0,0.0,0.0,0.0,0.0,0.0,0.0,0.0,0.0,0.0
2026,Apr,GOA,north_goa,158500300005,SHRI BAPTISTA D'SOUZA-7 FPS,0,0,0,0,0.0,0.0,0.0,True,True,data/raw\2026-04\north_goa\158500300005_shri_baptista_d_souza_7_fps.json,313.0,2.0,0.0,315.0,51.0,0.0,0.0,51.0,313.0,2.0,0.0,315.0,51.0,0.0,0.0,51.0
2026,Apr,GOA,north_goa,158500300006,,0,0,0,0,0.0,0.0,0.0,True,True,data/raw\2026-04\north_goa\158500300006_158500300006___sadanand_d_palni_8_fps.json,0.0,0.0,0.0,0.0,0.0,0.0,0.0,0.0,0.0,0.0,0.0,0.0,0.0,0.0,0.0,0.0
2026,Apr,GOA,north_goa,158500300006,SADANAND D PALNI-8 FPS,0,0,0,0,0.0,0.0,0.0,True,True,data/raw\2026-04\north_goa\158500300006_sadanand_d_palni_8_fps.json,148.0,0.0,0.0,148.0,95.0,0.0,0.0,95.0,148.0,0.0,0.0,148.0,95.0,0.0,0.0,95.0
2026,Apr,GOA,north_goa,158500300008,,0,0,0,0,0.0,0.0,0.0,True,True,data/raw\2026-04\north_goa\158500300008_158500300008___abhijit_ulhas_narvekar_10_fps.json,0.0,0.0,0.0,0.0,0.0,0.0,0.0,0.0,0.0,0.0,0.0,0.0,0.0,0.0,0.0,0.0
2026,Apr,GOA,north_goa,158500300008,ABHIJIT ULHAS NARVEKAR-10 FPS,0,0,0,0,0.0,0.0,0.0,True,True,data/raw\2026-04\north_goa\158500300008_abhijit_ulhas_narvekar_10_fps.json,243.0,0.0,0.0,243.0,113.0,0.0,0.0,113.0,243.0,0.0,0.0,243.0,113.0,0.0,0.0,113.0
2026,Apr,GOA,north_goa,158500300010,,0,0,0,0,0.0,0.0,0.0,True,True,data/raw\2026-04\north_goa\158500300010_158500300010___nandakumar_shet_12_fps.json,0.0,0.0,0.0,0.0,0.0,0.0,0.0,0.0,0.0,0.0,0.0,0.0,0.0,0.0,0.0,0.0
2026,Apr,GOA,north_goa,158500300010,NANDAKUMAR SHET-12 FPS,0,0,0,0,0.0,0.0,0.0,True,True,data/raw\2026-04\north_goa\158500300010_nandakumar_shet_12_fps.json,225.0,5.0,1.0,231.0,162.0,2.0,1.0,165.0,225.0,5.0,1.0,231.0,162.0,2.0,1.0,165.0
2026,Apr,GOA,north_goa,158500300011,,0,0,0,0,0.0,0.0,0.0,True,True,data/raw\2026-04\north_goa\158500300011_158500300011___shri_ashok_rajaram_kamat_13_fps.json,0.0,0.0,0.0,0.0,0.0,0.0,0.0,0.0,0.0,0.0,0.0,0.0,0.0,0.0,0.0,0.0
2026,Apr,GOA,north_goa,158500300011,SHRI ASHOK RAJARAM KAMAT-13 FPS,0,0,0,0,0.0,0.0,0.0,True,True,data/raw\2026-04\north_goa\158500300011_shri_ashok_rajaram_kamat_13_fps.json,178.0,1.0,0.0,179.0,130.0,2.0,0.0,132.0,178.0,1.0,0.0,179.0,130.0,2.0,0.0,132.0
2026,Apr,GOA,north_goa,158500300012,,0,0,0,0,0.0,0.0,0.0,True,True,data/raw\2026-04\north_goa\158500300012_158500300012___prakash_b_naik_14_fps.json,0.0,0.0,0.0,0.0,0.0,0.0,0.0,0.0,0.0,0.0,0.0,0.0,0.0,0.0,0.0,0.0
2026,Apr,GOA,north_goa,158500300012,PRAKASH B NAIK-14 FPS,0,0,0,0,0.0,0.0,0.0,True,True,data/raw\2026-04\north_goa\158500300012_prakash_b_naik_14_fps.json,28.0,0.0,0.0,28.0,50.0,0.0,0.0,50.0,28.0,0.0,0.0,28.0,50.0,0.0,0.0,50.0
2026,Apr,GOA,north_goa,158500300013,,0,0,0,0,0.0,0.0,0.0,True,True,data/raw\2026-04\north_goa\158500300013_158500300013___suhasini_kashiram_korgaonkar_15_fps.json,0.0,0.0,0.0,0.0,0.0,0.0,0.0,0.0,0.0,0.0,0.0,0.0,0.0,0.0,0.0,0.0
2026,Apr,GOA,north_goa,158500300013,SUHASINI KASHIRAM KORGAONKAR-15 FPS,0,0,0,0,0.0,0.0,0.0,True,True,data/raw\2026-04\north_goa\158500300013_suhasini_kashiram_korgaonkar_15_fps.json,93.0,2.0,0.0,95.0,58.0,0.0,2.0,60.0,93.0,2.0,0.0,95.0,58.0,0.0,2.0,60.0
2026,Apr,GOA,north_goa,158500300014,,0,0,0,0,0.0,0.0,0.0,True,True,data/raw\2026-04\north_goa\158500300014_158500300014___gautami_r_mandrekar_49_fps.json,0.0,0.0,0.0,0.0,0.0,0.0,0.0,0.0,0.0,0.0,0.0,0.0,0.0,0.0,0.0,0.0
2026,Apr,GOA,north_goa,158500300014,GAUTAMI R MANDREKAR-49 FPS,0,0,0,0,0.0,0.0,0.0,True,True,data/raw\2026-04\north_goa\158500300014_gautami_r_mandrekar_49_fps.json,203.0,4.0,5.0,212.0,136.0,0.0,0.0,136.0,203.0,4.0,5.0,212.0,136.0,0.0,0.0,136.0
2026,Apr,GOA,north_goa,158500300016,,0,0,0,0,0.0,0.0,0.0,True,True,data/raw\2026-04\north_goa\158500300016_158500300016___sai_prasad_19_fps.json,0.0,0.0,0.0,0.0,0.0,0.0,0.0,0.0,0.0,0.0,0.0,0.0,0.0,0.0,0.0,0.0
2026,Apr,GOA,north_goa,158500300016,SAI PRASAD-19 FPS,0,0,0,0,0.0,0.0,0.0,True,True,data/raw\2026-04\north_goa\158500300016_sai_prasad_19_fps.json,290.0,0.0,0.0,290.0,55.0,0.0,0.0,55.0,290.0,0.0,0.0,290.0,55.0,0.0,0.0,55.0
2026,Apr,GOA,north_goa,158500300017,,0,0,0,0,0.0,0.0,0.0,True,True,data/raw\2026-04\north_goa\158500300017_158500300017___saiprasad_stores_20_fps.json,0.0,0.0,0.0,0.0,0.0,0.0,0.0,0.0,0.0,0.0,0.0,0.0,0.0,0.0,0.0,0.0
2026,Apr,GOA,north_goa,158500300017,Saiprasad Stores-20 FPS,0,0,0,0,0.0,0.0,0.0,True,True,data/raw\2026-04\north_goa\158500300017_saiprasad_stores_20_fps.json,73.0,0.0,0.0,73.0,23.0,0.0,0.0,23.0,73.0,0.0,0.0,73.0,23.0,0.0,0.0,23.0
2026,Apr,GOA,north_goa,158500300018,,0,0,0,0,0.0,0.0,0.0,True,True,data/raw\2026-04\north_goa\158500300018_158500300018___manohar_daji_naik_21_fps.json,0.0,0.0,0.0,0.0,0.0,0.0,0.0,0.0,0.0,0.0,0.0,0.0,0.0,0.0,0.0,0.0
2026,Apr,GOA,north_goa,158500300018,MANOHAR DAJI NAIK-21 FPS,0,0,0,0,0.0,0.0,0.0,True,True,data/raw\2026-04\north_goa\158500300018_manohar_daji_naik_21_fps.json,165.0,0.0,0.0,165.0,171.0,0.0,0.0,171.0,165.0,0.0,0.0,165.0,171.0,0.0,0.0,171.0
2026,Apr,GOA,north_goa,158500300019,,0,0,0,0,0.0,0.0,0.0,True,True,data/raw\2026-04\north_goa\158500300019_158500300019___vishnu_g_mahale_22_fps.json,0.0,0.0,0.0,0.0,0.0,0.0,0.0,0.0,0.0,0.0,0.0,0.0,0.0,0.0,0.0,0.0
2026,Apr,GOA,north_goa,158500300019,VISHNU G MAHALE-22 FPS,0,0,0,0,0.0,0.0,0.0,True,True,data/raw\2026-04\north_goa\158500300019_vishnu_g_mahale_22_fps.json,129.0,2.0,0.0,131.0,34.0,0.0,0.0,34.0,129.0,2.0,0.0,131.0,34.0,0.0,0.0,34.0
2026,Apr,GOA,north_goa,158500300020,,0,0,0,0,0.0,0.0,0.0,True,True,data/raw\2026-04\north_goa\158500300020_158500300020___atmaram_r__parab_23_fps.json,0.0,0.0,0.0,0.0,0.0,0.0,0.0,0.0,0.0,0.0,0.0,0.0,0.0,0.0,0.0,0.0
2026,Apr,GOA,north_goa,158500300020,Atmaram R. Parab-23 FPS,0,0,0,0,0.0,0.0,0.0,True,True,data/raw\2026-04\north_goa\158500300020_atmaram_r__parab_23_fps.json,126.0,0.0,0.0,126.0,55.0,0.0,0.0,55.0,126.0,0.0,0.0,126.0,55.0,0.0,0.0,55.0
2026,Apr,GOA,north_goa,158500300026,,0,0,0,0,0.0,0.0,0.0,True,True,data/raw\2026-04\north_goa\158500300026_158500300026___arun_s_sawant_32_fps.json,0.0,0.0,0.0,0.0,0.0,0.0,0.0,0.0,0.0,0.0,0.0,0.0,0.0,0.0,0.0,0.0
2026,Apr,GOA,north_goa,158500300026,ARUN S SAWANT-32 FPS,0,0,0,0,0.0,0.0,0.0,True,True,data/raw\2026-04\north_goa\158500300026_arun_s_sawant_32_fps.json,222.0,0.0,0.0,222.0,78.0,0.0,0.0,78.0,222.0,0.0,0.0,222.0,78.0,0.0,0.0,78.0
2026,Apr,GOA,north_goa,158500300027,,0,0,0,0,0.0,0.0,0.0,True,True,data/raw\2026-04\north_goa\158500300027_158500300027___gadekar_stores_33_fps.json,0.0,0.0,0.0,0.0,0.0,0.0,0.0,0.0,0.0,0.0,0.0,0.0,0.0,0.0,0.0,0.0
2026,Apr,GOA,north_goa,158500300027,GADEKAR STORES-33 FPS,0,0,0,0,0.0,0.0,0.0,True,True,data/raw\2026-04\north_goa\158500300027_gadekar_stores_33_fps.json,173.0,0.0,0.0,173.0,38.0,0.0,0.0,38.0,173.0,0.0,0.0,173.0,38.0,0.0,0.0,38.0
2026,Apr,GOA,north_goa,158500300028,,0,0,0,0,0.0,0.0,0.0,True,True,data/raw\2026-04\north_goa\158500300028_158500300028___s_b_sawant_36_fps.json,0.0,0.0,0.0,0.0,0.0,0.0,0.0,0.0,0.0,0.0,0.0,0.0,0.0,0.0,0.0,0.0
2026,Apr,GOA,north_goa,158500300028,S.B.SAWANT-36 FPS,0,0,0,0,0.0,0.0,0.0,True,True,data/raw\2026-04\north_goa\158500300028_s_b_sawant_36_fps.json,114.0,0.0,0.0,114.0,102.0,0.0,0.0,102.0,114.0,0.0,0.0,114.0,102.0,0.0,0.0,102.0
2026,Apr,GOA,north_goa,158500300029,,0,0,0,0,0.0,0.0,0.0,True,True,data/raw\2026-04\north_goa\158500300029_158500300029___g_v_subhaji_37_fps.json,0.0,0.0,0.0,0.0,0.0,0.0,0.0,0.0,0.0,0.0,0.0,0.0,0.0,0.0,0.0,0.0
2026,Apr,GOA,north_goa,158500300029,G.V.SUBHAJI-37 FPS,0,0,0,0,0.0,0.0,0.0,True,True,data/raw\2026-04\north_goa\158500300029_g_v_subhaji_37_fps.json,334.0,1.0,2.0,337.0,58.0,0.0,0.0,58.0,334.0,1.0,2.0,337.0,58.0,0.0,0.0,58.0
2026,Apr,GOA,north_goa,158500300030,,0,0,0,0,0.0,0.0,0.0,True,True,data/raw\2026-04\north_goa\158500300030_158500300030___pedne_taluka_farmers_service_coop_sty_ltd__38_fps.json,0.0,0.0,0.0,0.0,0.0,0.0,0.0,0.0,0.0,0.0,0.0,0.0,0.0,0.0,0.0,0.0
2026,Apr,GOA,north_goa,158500300030,PEDNE TALUKA FARMERS SERVICE COOP STY LTD.-38 FPS,0,0,0,0,0.0,0.0,0.0,True,True,data/raw\2026-04\north_goa\158500300030_pedne_taluka_farmers_service_coop_sty_ltd__38_fps.json,130.0,6.0,0.0,136.0,40.0,0.0,0.0,40.0,130.0,6.0,0.0,136.0,40.0,0.0,0.0,40.0
2026,Apr,GOA,north_goa,158500300031,,0,0,0,0,0.0,0.0,0.0,True,True,data/raw\2026-04\north_goa\158500300031_158500300031___smt_sunita_shriram_bugde_40_fps.json,0.0,0.0,0.0,0.0,0.0,0.0,0.0,0.0,0.0,0.0,0.0,0.0,0.0,0.0,0.0,0.0
2026,Apr,GOA,north_goa,158500300031,SMT SUNITA SHRIRAM BUGDE-40 FPS,0,0,0,0,0.0,0.0,0.0,True,True,data/raw\2026-04\north_goa\158500300031_smt_sunita_shriram_bugde_40_fps.json,194.0,3.0,0.0,197.0,69.0,0.0,0.0,69.0,194.0,3.0,0.0,197.0,69.0,0.0,0.0,69.0
2026,Apr,GOA,north_goa,158500300033,,0,0,0,0,0.0,0.0,0.0,True,True,data/raw\2026-04\north_goa\158500300033_158500300033___ankush_shyam_sawant_42_fps.json,0.0,0.0,0.0,0.0,0.0,0.0,0.0,0.0,0.0,0.0,0.0,0.0,0.0,0.0,0.0,0.0
2026,Apr,GOA,north_goa,158500300033,ANKUSH SHYAM SAWANT-42 FPS,0,0,0,0,0.0,0.0,0.0,True,True,data/raw\2026-04\north_goa\158500300033_ankush_shyam_sawant_42_fps.json,116.0,0.0,0.0,116.0,54.0,0.0,0.0,54.0,116.0,0.0,0.0,116.0,54.0,0.0,0.0,54.0
2026,Apr,GOA,north_goa,158500300034,,0,0,0,0,0.0,0.0,0.0,True,True,data/raw\2026-04\north_goa\158500300034_158500300034___gurunath_vasudev_talavanekar_45_fps.json,0.0,0.0,0.0,0.0,0.0,0.0,0.0,0.0,0.0,0.0,0.0,0.0,0.0,0.0,0.0,0.0
2026,Apr,GOA,north_goa,158500300034,GURUNATH VASUDEV TALAVANEKAR-45 FPS,0,0,0,0,0.0,0.0,0.0,True,True,data/raw\2026-04\north_goa\158500300034_gurunath_vasudev_talavanekar_45_fps.json,99.0,0.0,0.0,99.0,48.0,0.0,0.0,48.0,99.0,0.0,0.0,99.0,48.0,0.0,0.0,48.0
2026,Apr,GOA,north_goa,158500300036,,0,0,0,0,0.0,0.0,0.0,True,True,data/raw\2026-04\north_goa\158500300036_158500300036___mulvir_store_48_fps.json,0.0,0.0,0.0,0.0,0.0,0.0,0.0,0.0,0.0,0.0,0.0,0.0,0.0,0.0,0.0,0.0
2026,Apr,GOA,north_goa,158500300036,MULVIR STORE-48 FPS,0,0,0,0,0.0,0.0,0.0,True,True,data/raw\2026-04\north_goa\158500300036_mulvir_store_48_fps.json,66.0,0.0,0.0,66.0,43.0,0.0,0.0,43.0,66.0,0.0,0.0,66.0,43.0,0.0,0.0,43.0
2026,Apr,GOA,north_goa,158500300037,,0,0,0,0,0.0,0.0,0.0,True,True,data/raw\2026-04\north_goa\158500300037_158500300037___pedne_taluka_farmers_service_co_op_society_ltd_25_fps.json,0.0,0.0,0.0,0.0,0.0,0.0,0.0,0.0,0.0,0.0,0.0,0.0,0.0,0.0,0.0,0.0
2026,Apr,GOA,north_goa,158500300037,PEDNE TALUKA FARMERS SERVICE CO-OP SOCIETY LTD-25 FPS,0,0,0,0,0.0,0.0,0.0,True,True,data/raw\2026-04\north_goa\158500300037_pedne_taluka_farmers_service_co_op_society_ltd_25_fps.json,277.0,1.0,14.0,292.0,12.0,0.0,1.0,13.0,277.0,1.0,14.0,292.0,12.0,0.0,1.0,13.0
2026,Apr,GOA,north_goa,158500300038,,0,0,0,0,0.0,0.0,0.0,True,True,data/raw\2026-04\north_goa\158500300038_158500300038___mr_uttam_k_kotkar_2_fps.json,0.0,0.0,0.0,0.0,0.0,0.0,0.0,0.0,0.0,0.0,0.0,0.0,0.0,0.0,0.0,0.0
2026,Apr,GOA,north_goa,158500300038,MR.UTTAM K KOTKAR-2 FPS,0,0,0,0,0.0,0.0,0.0,True,True,data/raw\2026-04\north_goa\158500300038_mr_uttam_k_kotkar_2_fps.json,222.0,5.0,0.0,227.0,184.0,2.0,0.0,186.0,222.0,5.0,0.0,227.0,184.0,2.0,0.0,186.0
2026,Apr,GOA,north_goa,158500300132,,0,0,0,0,0.0,0.0,0.0,True,True,data/raw\2026-04\north_goa\158500300132_158500300132___ulhas_r_naik_17_fps.json,0.0,0.0,0.0,0.0,0.0,0.0,0.0,0.0,0.0,0.0,0.0,0.0,0.0,0.0,0.0,0.0
2026,Apr,GOA,north_goa,158500300132,ULHAS R NAIK-17 FPS,0,0,0,0,0.0,0.0,0.0,True,True,data/raw\2026-04\north_goa\158500300132_ulhas_r_naik_17_fps.json,182.0,0.0,0.0,182.0,66.0,1.0,0.0,67.0,182.0,0.0,0.0,182.0,66.0,1.0,0.0,67.0
2026,Apr,GOA,north_goa,158500300133,,0,0,0,0,0.0,0.0,0.0,True,True,data/raw\2026-04\north_goa\158500300133_158500300133___pedne_taluka_farmers_service_co_op_society_24_fps.json,0.0,0.0,0.0,0.0,0.0,0.0,0.0,0.0,0.0,0.0,0.0,0.0,0.0,0.0,0.0,0.0
2026,Apr,GOA,north_goa,158500300133,PEDNE TALUKA FARMERS SERVICE CO.OP.SOCIETY-24 FPS,0,0,0,0,0.0,0.0,0.0,True,True,data/raw\2026-04\north_goa\158500300133_pedne_taluka_farmers_service_co_op_society_24_fps.json,144.0,0.0,1.0,145.0,155.0,1.0,0.0,156.0,144.0,0.0,1.0,145.0,155.0,1.0,0.0,156.0
2026,Apr,GOA,north_goa,158500300134,,0,0,0,0,0.0,0.0,0.0,True,True,data/raw\2026-04\north_goa\158500300134_158500300134___pernem_taluka_farmer_co_op_sty_26_fps.json,0.0,0.0,0.0,0.0,0.0,0.0,0.0,0.0,0.0,0.0,0.0,0.0,0.0,0.0,0.0,0.0
2026,Apr,GOA,north_goa,158500300134,PERNEM TALUKA FARMER CO.OP.STY-26 FPS,0,0,0,0,0.0,0.0,0.0,True,True,data/raw\2026-04\north_goa\158500300134_pernem_taluka_farmer_co_op_sty_26_fps.json,538.0,22.0,7.0,567.0,81.0,2.0,2.0,85.0,538.0,22.0,7.0,567.0,81.0,2.0,2.0,85.0
2026,Apr,GOA,north_goa,158500300135,,0,0,0,0,0.0,0.0,0.0,True,True,data/raw\2026-04\north_goa\158500300135_158500300135___pernem_taluka_farmer_co_op_sty_ltd__27_fps.json,0.0,0.0,0.0,0.0,0.0,0.0,0.0,0.0,0.0,0.0,0.0,0.0,0.0,0.0,0.0,0.0
2026,Apr,GOA,north_goa,158500300135,PERNEM TALUKA FARMER CO.OP.STY.LTD.-27 FPS,0,0,0,0,0.0,0.0,0.0,True,True,data/raw\2026-04\north_goa\158500300135_pernem_taluka_farmer_co_op_sty_ltd__27_fps.json,221.0,3.0,0.0,224.0,155.0,0.0,0.0,155.0,221.0,3.0,0.0,224.0,155.0,0.0,0.0,155.0
2026,Apr,GOA,north_goa,158500300136,,0,0,0,0,0.0,0.0,0.0,True,True,data/raw\2026-04\north_goa\158500300136_158500300136___pernem_taluka_farmer_co_op_sty_ltd__28_fps.json,0.0,0.0,0.0,0.0,0.0,0.0,0.0,0.0,0.0,0.0,0.0,0.0,0.0,0.0,0.0,0.0
2026,Apr,GOA,north_goa,158500300136,PERNEM TALUKA FARMER CO.OP.STY.LTD.-28 FPS,0,0,0,0,0.0,0.0,0.0,True,True,data/raw\2026-04\north_goa\158500300136_pernem_taluka_farmer_co_op_sty_ltd__28_fps.json,217.0,2.0,0.0,219.0,129.0,0.0,0.0,129.0,217.0,2.0,0.0,219.0,129.0,0.0,0.0,129.0
2026,Apr,GOA,north_goa,158500300137,,0,0,0,0,0.0,0.0,0.0,True,True,data/raw\2026-04\north_goa\158500300137_158500300137___pernem_taluka_farmer_co_op_sty_ltd__29_fps.json,0.0,0.0,0.0,0.0,0.0,0.0,0.0,0.0,0.0,0.0,0.0,0.0,0.0,0.0,0.0,0.0
2026,Apr,GOA,north_goa,158500300137,PERNEM TALUKA FARMER CO.OP.STY.LTD.-29 FPS,0,0,0,0,0.0,0.0,0.0,True,True,data/raw\2026-04\north_goa\158500300137_pernem_taluka_farmer_co_op_sty_ltd__29_fps.json,275.0,6.0,0.0,281.0,110.0,0.0,0.0,110.0,275.0,6.0,0.0,281.0,110.0,0.0,0.0,110.0
2026,Apr,GOA,north_goa,158500300138,,0,0,0,0,0.0,0.0,0.0,True,True,data/raw\2026-04\north_goa\158500300138_158500300138___pernem_taluka_farmer_co_op_sty_ltd__31_fps.json,0.0,0.0,0.0,0.0,0.0,0.0,0.0,0.0,0.0,0.0,0.0,0.0,0.0,0.0,0.0,0.0
2026,Apr,GOA,north_goa,158500300138,PERNEM TALUKA FARMER CO.OP.STY.LTD.-31 FPS,0,0,0,0,0.0,0.0,0.0,True,True,data/raw\2026-04\north_goa\158500300138_pernem_taluka_farmer_co_op_sty_ltd__31_fps.json,109.0,1.0,0.0,110.0,121.0,0.0,0.0,121.0,109.0,1.0,0.0,110.0,121.0,0.0,0.0,121.0
2026,Apr,GOA,north_goa,158500300141,,0,0,0,0,0.0,0.0,0.0,True,True,data/raw\2026-04\north_goa\158500300141_158500300141___pernem_taluka_farmer_co_op_sty_ltd__41_fps.json,0.0,0.0,0.0,0.0,0.0,0.0,0.0,0.0,0.0,0.0,0.0,0.0,0.0,0.0,0.0,0.0
2026,Apr,GOA,north_goa,158500300141,PERNEM TALUKA FARMER CO.OP.STY.LTD.-41 FPS,0,0,0,0,0.0,0.0,0.0,True,True,data/raw\2026-04\north_goa\158500300141_pernem_taluka_farmer_co_op_sty_ltd__41_fps.json,128.0,1.0,0.0,129.0,74.0,0.0,0.0,74.0,128.0,1.0,0.0,129.0,74.0,0.0,0.0,74.0
2026,Apr,GOA,north_goa,158500300143,,0,0,0,0,0.0,0.0,0.0,True,True,data/raw\2026-04\north_goa\158500300143_158500300143___j_r_deshprabhu_1_fps.json,0.0,0.0,0.0,0.0,0.0,0.0,0.0,0.0,0.0,0.0,0.0,0.0,0.0,0.0,0.0,0.0
2026,Apr,GOA,north_goa,158500300143,J.R DESHPRABHU-1 FPS,0,0,0,0,0.0,0.0,0.0,True,True,data/raw\2026-04\north_goa\158500300143_j_r_deshprabhu_1_fps.json,63.0,3.0,0.0,66.0,50.0,0.0,0.0,50.0,63.0,3.0,0.0,66.0,50.0,0.0,0.0,50.0
2026,Apr,GOA,north_goa,158500300144,,0,0,0,0,0.0,0.0,0.0,True,True,data/raw\2026-04\north_goa\158500300144_158500300144___g_j_shirgaonkar_39_fps.json,0.0,0.0,0.0,0.0,0.0,0.0,0.0,0.0,0.0,0.0,0.0,0.0,0.0,0.0,0.0,0.0
2026,Apr,GOA,north_goa,158500300144,G.J SHIRGAONKAR-39 FPS,0,0,0,0,0.0,0.0,0.0,True,True,data/raw\2026-04\north_goa\158500300144_g_j_shirgaonkar_39_fps.json,134.0,3.0,0.0,137.0,95.0,2.0,0.0,97.0,134.0,3.0,0.0,137.0,95.0,2.0,0.0,97.0
2026,Apr,GOA,north_goa,158500300146,,0,0,0,0,0.0,0.0,0.0,True,True,data/raw\2026-04\north_goa\158500300146_158500300146___pedne_taluka_farmers_service_co_op_sty_18_fps.json,0.0,0.0,0.0,0.0,0.0,0.0,0.0,0.0,0.0,0.0,0.0,0.0,0.0,0.0,0.0,0.0
2026,Apr,GOA,north_goa,158500300146,PEDNE TALUKA FARMERS SERVICE CO-OP STY-18 FPS,0,0,0,0,0.0,0.0,0.0,True,True,data/raw\2026-04\north_goa\158500300146_pedne_taluka_farmers_service_co_op_sty_18_fps.json,152.0,2.0,1.0,155.0,157.0,0.0,0.0,157.0,152.0,2.0,1.0,155.0,157.0,0.0,0.0,157.0
2026,Apr,GOA,north_goa,158500300147,,0,0,0,0,0.0,0.0,0.0,True,True,data/raw\2026-04\north_goa\158500300147_158500300147___mr__shaila_gawas_11_fps.json,0.0,0.0,0.0,0.0,0.0,0.0,0.0,0.0,0.0,0.0,0.0,0.0,0.0,0.0,0.0,0.0
2026,Apr,GOA,north_goa,158500300147,MR. SHAILA GAWAS-11 FPS,0,0,0,0,0.0,0.0,0.0,True,True,data/raw\2026-04\north_goa\158500300147_mr__shaila_gawas_11_fps.json,284.0,0.0,0.0,284.0,89.0,0.0,0.0,89.0,284.0,0.0,0.0,284.0,89.0,0.0,0.0,89.0
2026,Apr,GOA,north_goa,158500300148,,0,0,0,0,0.0,0.0,0.0,True,True,data/raw\2026-04\north_goa\158500300148_158500300148___ashish_laxman_kalangutkar_9_fps.json,0.0,0.0,0.0,0.0,0.0,0.0,0.0,0.0,0.0,0.0,0.0,0.0,0.0,0.0,0.0,0.0
2026,Apr,GOA,north_goa,158500300148,ASHISH LAXMAN KALANGUTKAR-9 FPS,0,0,0,0,0.0,0.0,0.0,True,True,data/raw\2026-04\north_goa\158500300148_ashish_laxman_kalangutkar_9_fps.json,205.0,2.0,0.0,207.0,53.0,0.0,0.0,53.0,205.0,2.0,0.0,207.0,53.0,0.0,0.0,53.0
2026,Apr,GOA,north_goa,158500300149,,0,0,0,0,0.0,0.0,0.0,True,True,data/raw\2026-04\north_goa\158500300149_158500300149___radhika_r__kanolkar_46_fps.json,0.0,0.0,0.0,0.0,0.0,0.0,0.0,0.0,0.0,0.0,0.0,0.0,0.0,0.0,0.0,0.0
2026,Apr,GOA,north_goa,158500300149,RADHIKA R. KANOLKAR-46 FPS,0,0,0,0,0.0,0.0,0.0,True,True,data/raw\2026-04\north_goa\158500300149_radhika_r__kanolkar_46_fps.json,61.0,0.0,0.0,61.0,45.0,0.0,0.0,45.0,61.0,0.0,0.0,61.0,45.0,0.0,0.0,45.0
2026,Apr,GOA,north_goa,158500300150,,0,0,0,0,0.0,0.0,0.0,True,True,data/raw\2026-04\north_goa\158500300150_158500300150___pernem_taluka_farmer_co_op_sty_ltd_aroba_35_fps.json,0.0,0.0,0.0,0.0,0.0,0.0,0.0,0.0,0.0,0.0,0.0,0.0,0.0,0.0,0.0,0.0
2026,Apr,GOA,north_goa,158500300150,PERNEM TALUKA FARMER CO.OP.STY.LTD AROBA-35 FPS,0,0,0,0,0.0,0.0,0.0,True,True,data/raw\2026-04\north_goa\158500300150_pernem_taluka_farmer_co_op_sty_ltd_aroba_35_fps.json,64.0,3.0,0.0,67.0,95.0,2.0,0.0,97.0,64.0,3.0,0.0,67.0,95.0,2.0,0.0,97.0
2026,Apr,GOA,north_goa,158500300157,,0,0,0,0,0.0,0.0,0.0,True,True,data/raw\2026-04\north_goa\158500300157_158500300157___shruti_sadguru_thakur.json,0.0,0.0,0.0,0.0,0.0,0.0,0.0,0.0,0.0,0.0,0.0,0.0,0.0,0.0,0.0,0.0
2026,Apr,GOA,north_goa,158500300157,SHRUTI SADGURU THAKUR,0,0,0,0,0.0,0.0,0.0,True,True,data/raw\2026-04\north_goa\158500300157_shruti_sadguru_thakur.json,170.0,8.0,1.0,179.0,87.0,2.0,0.0,89.0,170.0,8.0,1.0,179.0,87.0,2.0,0.0,89.0
2026,Apr,GOA,north_goa,158500500002,,0,0,0,0,0.0,0.0,0.0,True,True,data/raw\2026-04\north_goa\158500500002_158500500002___malini_k_gawas_26_fps.json,0.0,0.0,0.0,0.0,0.0,0.0,0.0,0.0,0.0,0.0,0.0,0.0,0.0,0.0,0.0,0.0
2026,Apr,GOA,north_goa,158500500002,MALINI K GAWAS-26 FPS,0,0,0,0,0.0,0.0,0.0,True,True,data/raw\2026-04\north_goa\158500500002_malini_k_gawas_26_fps.json,101.0,0.0,0.0,101.0,37.0,0.0,0.0,37.0,101.0,0.0,0.0,101.0,37.0,0.0,0.0,37.0
2026,Apr,GOA,north_goa,158500500003,,0,0,0,0,0.0,0.0,0.0,True,True,data/raw\2026-04\north_goa\158500500003_158500500003___deepa_d_kalangutkar_24_fps.json,0.0,0.0,0.0,0.0,0.0,0.0,0.0,0.0,0.0,0.0,0.0,0.0,0.0,0.0,0.0,0.0
2026,Apr,GOA,north_goa,158500500003,DEEPA D KALANGUTKAR-24 FPS,0,0,0,0,0.0,0.0,0.0,True,True,data/raw\2026-04\north_goa\158500500003_deepa_d_kalangutkar_24_fps.json,111.0,0.0,0.0,111.0,49.0,0.0,0.0,49.0,111.0,0.0,0.0,111.0,49.0,0.0,0.0,49.0
2026,Apr,GOA,north_goa,158500500004,,0,0,0,0,0.0,0.0,0.0,True,True,data/raw\2026-04\north_goa\158500500004_158500500004___chandrakant_jaidev_pangam_20_fps.json,0.0,0.0,0.0,0.0,0.0,0.0,0.0,0.0,0.0,0.0,0.0,0.0,0.0,0.0,0.0,0.0
2026,Apr,GOA,north_goa,158500500004,CHANDRAKANT JAIDEV PANGAM-20 FPS,0,0,0,0,0.0,0.0,0.0,True,True,data/raw\2026-04\north_goa\158500500004_chandrakant_jaidev_pangam_20_fps.json,241.0,4.0,0.0,245.0,18.0,0.0,0.0,18.0,241.0,4.0,0.0,245.0,18.0,0.0,0.0,18.0
2026,Apr,GOA,north_goa,158500500005,,0,0,0,0,0.0,0.0,0.0,True,True,data/raw\2026-04\north_goa\158500500005_158500500005___kashinath_sawant_19_fps.json,0.0,0.0,0.0,0.0,0.0,0.0,0.0,0.0,0.0,0.0,0.0,0.0,0.0,0.0,0.0,0.0
2026,Apr,GOA,north_goa,158500500005,KASHINATH SAWANT-19 FPS,0,0,0,0,0.0,0.0,0.0,True,True,data/raw\2026-04\north_goa\158500500005_kashinath_sawant_19_fps.json,74.0,0.0,0.0,74.0,43.0,0.0,0.0,43.0,74.0,0.0,0.0,74.0,43.0,0.0,0.0,43.0
2026,Apr,GOA,north_goa,158500500006,,0,0,0,0,0.0,0.0,0.0,True,True,data/raw\2026-04\north_goa\158500500006_158500500006___babaji_damodar_majik_18_fps.json,0.0,0.0,0.0,0.0,0.0,0.0,0.0,0.0,0.0,0.0,0.0,0.0,0.0,0.0,0.0,0.0
2026,Apr,GOA,north_goa,158500500006,BABAJI DAMODAR MAJIK-18 FPS,0,0,0,0,0.0,0.0,0.0,True,True,data/raw\2026-04\north_goa\158500500006_babaji_damodar_majik_18_fps.json,92.0,0.0,0.0,92.0,31.0,0.0,0.0,31.0,92.0,0.0,0.0,92.0,31.0,0.0,0.0,31.0
2026,Apr,GOA,north_goa,158500500007,,0,0,0,0,0.0,0.0,0.0,True,True,data/raw\2026-04\north_goa\158500500007_158500500007___kashinath_y_sawant_17_fps.json,0.0,0.0,0.0,0.0,0.0,0.0,0.0,0.0,0.0,0.0,0.0,0.0,0.0,0.0,0.0,0.0
2026,Apr,GOA,north_goa,158500500007,KASHINATH Y SAWANT-17 FPS,0,0,0,0,0.0,0.0,0.0,True,True,data/raw\2026-04\north_goa\158500500007_kashinath_y_sawant_17_fps.json,238.0,0.0,0.0,238.0,79.0,0.0,0.0,79.0,238.0,0.0,0.0,238.0,79.0,0.0,0.0,79.0
2026,Apr,GOA,north_goa,158500500008,,0,0,0,0,0.0,0.0,0.0,True,True,data/raw\2026-04\north_goa\158500500008_158500500008___sarita_j_desai_16_fps.json,0.0,0.0,0.0,0.0,0.0,0.0,0.0,0.0,0.0,0.0,0.0,0.0,0.0,0.0,0.0,0.0
2026,Apr,GOA,north_goa,158500500008,SARITA J DESAI-16 FPS,0,0,0,0,0.0,0.0,0.0,True,True,data/raw\2026-04\north_goa\158500500008_sarita_j_desai_16_fps.json,354.0,0.0,0.0,354.0,71.0,0.0,0.0,71.0,354.0,0.0,0.0,354.0,71.0,0.0,0.0,71.0
2026,Apr,GOA,north_goa,158500500009,,0,0,0,0,0.0,0.0,0.0,True,True,data/raw\2026-04\north_goa\158500500009_158500500009___smt__anita_anandrao_rane_25_fps.json,0.0,0.0,0.0,0.0,0.0,0.0,0.0,0.0,0.0,0.0,0.0,0.0,0.0,0.0,0.0,0.0
2026,Apr,GOA,north_goa,158500500009,SMT. ANITA ANANDRAO RANE-25 FPS,0,0,0,0,0.0,0.0,0.0,True,True,data/raw\2026-04\north_goa\158500500009_smt__anita_anandrao_rane_25_fps.json,127.0,0.0,0.0,127.0,1.0,0.0,0.0,1.0,127.0,0.0,0.0,127.0,1.0,0.0,0.0,1.0
2026,Apr,GOA,north_goa,158500500010,,0,0,0,0,0.0,0.0,0.0,True,True,data/raw\2026-04\north_goa\158500500010_158500500010___gawane_g_v_k_s_sty_14_fps.json,0.0,0.0,0.0,0.0,0.0,0.0,0.0,0.0,0.0,0.0,0.0,0.0,0.0,0.0,0.0,0.0
2026,Apr,GOA,north_goa,158500500010,GAWANE G V K S STY-14 FPS,0,0,0,0,0.0,0.0,0.0,True,True,data/raw\2026-04\north_goa\158500500010_gawane_g_v_k_s_sty_14_fps.json,156.0,0.0,0.0,156.0,18.0,0.0,0.0,18.0,156.0,0.0,0.0,156.0,18.0,0.0,0.0,18.0
2026,Apr,GOA,north_goa,158500500011,,0,0,0,0,0.0,0.0,0.0,True,True,data/raw\2026-04\north_goa\158500500011_158500500011___shamsunder_k_shirodkar_23_fps.json,0.0,0.0,0.0,0.0,0.0,0.0,0.0,0.0,0.0,0.0,0.0,0.0,0.0,0.0,0.0,0.0
2026,Apr,GOA,north_goa,158500500011,SHAMSUNDER K SHIRODKAR-23 FPS,0,0,0,0,0.0,0.0,0.0,True,True,data/raw\2026-04\north_goa\158500500011_shamsunder_k_shirodkar_23_fps.json,80.0,1.0,0.0,81.0,21.0,0.0,0.0,21.0,80.0,1.0,0.0,81.0,21.0,0.0,0.0,21.0
2026,Apr,GOA,north_goa,158500500012,,0,0,0,0,0.0,0.0,0.0,True,True,data/raw\2026-04\north_goa\158500500012_158500500012___sagar_m_shirodkar_11_fps.json,0.0,0.0,0.0,0.0,0.0,0.0,0.0,0.0,0.0,0.0,0.0,0.0,0.0,0.0,0.0,0.0
2026,Apr,GOA,north_goa,158500500012,SAGAR M SHIRODKAR-11 FPS,0,0,0,0,0.0,0.0,0.0,True,True,data/raw\2026-04\north_goa\158500500012_sagar_m_shirodkar_11_fps.json,233.0,2.0,0.0,235.0,57.0,0.0,0.0,57.0,233.0,2.0,0.0,235.0,57.0,0.0,0.0,57.0
2026,Apr,GOA,north_goa,158500500013,,0,0,0,0,0.0,0.0,0.0,True,True,data/raw\2026-04\north_goa\158500500013_158500500013___sattari_taluka_co_op_sty_10_fps.json,0.0,0.0,0.0,0.0,0.0,0.0,0.0,0.0,0.0,0.0,0.0,0.0,0.0,0.0,0.0,0.0
2026,Apr,GOA,north_goa,158500500013,SATTARI TALUKA CO-OP STY-10 FPS,0,0,0,0,0.0,0.0,0.0,True,True,data/raw\2026-04\north_goa\158500500013_sattari_taluka_co_op_sty_10_fps.json,511.0,0.0,0.0,511.0,140.0,0.0,0.0,140.0,511.0,0.0,0.0,511.0,140.0,0.0,0.0,140.0
2026,Apr,GOA,north_goa,158500500014,,0,0,0,0,0.0,0.0,0.0,True,True,data/raw\2026-04\north_goa\158500500014_158500500014___devdatt_s_wadkar_9_fps.json,0.0,0.0,0.0,0.0,0.0,0.0,0.0,0.0,0.0,0.0,0.0,0.0,0.0,0.0,0.0,0.0
2026,Apr,GOA,north_goa,158500500014,DEVDATT S WADKAR-9 FPS,0,0,0,0,0.0,0.0,0.0,True,True,data/raw\2026-04\north_goa\158500500014_devdatt_s_wadkar_9_fps.json,781.0,10.0,33.0,824.0,9.0,0.0,2.0,11.0,781.0,10.0,33.0,824.0,9.0,0.0,2.0,11.0
2026,Apr,GOA,north_goa,158500500015,,0,0,0,0,0.0,0.0,0.0,True,True,data/raw\2026-04\north_goa\158500500015_158500500015___sunita_suresh_naik_8_fps.json,0.0,0.0,0.0,0.0,0.0,0.0,0.0,0.0,0.0,0.0,0.0,0.0,0.0,0.0,0.0,0.0
2026,Apr,GOA,north_goa,158500500015,SUNITA SURESH NAIK-8 FPS,0,0,0,0,0.0,0.0,0.0,True,True,data/raw\2026-04\north_goa\158500500015_sunita_suresh_naik_8_fps.json,233.0,6.0,0.0,239.0,47.0,1.0,0.0,48.0,233.0,6.0,0.0,239.0,47.0,1.0,0.0,48.0
2026,Apr,GOA,north_goa,158500500016,,0,0,0,0,0.0,0.0,0.0,True,True,data/raw\2026-04\north_goa\158500500016_158500500016___siddesh_m__sawaikar_7_fps.json,0.0,0.0,0.0,0.0,0.0,0.0,0.0,0.0,0.0,0.0,0.0,0.0,0.0,0.0,0.0,0.0
2026,Apr,GOA,north_goa,158500500016,SIDDESH M. SAWAIKAR-7 FPS,0,0,0,0,0.0,0.0,0.0,True,True,data/raw\2026-04\north_goa\158500500016_siddesh_m__sawaikar_7_fps.json,496.0,2.0,0.0,498.0,90.0,0.0,0.0,90.0,496.0,2.0,0.0,498.0,90.0,0.0,0.0,90.0
2026,Apr,GOA,north_goa,158500500017,,0,0,0,0,0.0,0.0,0.0,True,True,data/raw\2026-04\north_goa\158500500017_158500500017___premnath_g_dalvi_5_fps.json,0.0,0.0,0.0,0.0,0.0,0.0,0.0,0.0,0.0,0.0,0.0,0.0,0.0,0.0,0.0,0.0
2026,Apr,GOA,north_goa,158500500017,PREMNATH G DALVI-5 FPS,0,0,0,0,0.0,0.0,0.0,True,True,data/raw\2026-04\north_goa\158500500017_premnath_g_dalvi_5_fps.json,437.0,2.0,0.0,439.0,98.0,0.0,0.0,98.0,437.0,2.0,0.0,439.0,98.0,0.0,0.0,98.0
2026,Apr,GOA,north_goa,158500500019,,0,0,0,0,0.0,0.0,0.0,True,True,data/raw\2026-04\north_goa\158500500019_158500500019___laximan_vaman_dalvi___4_fps.json,0.0,0.0,0.0,0.0,0.0,0.0,0.0,0.0,0.0,0.0,0.0,0.0,0.0,0.0,0.0,0.0
2026,Apr,GOA,north_goa,158500500019,LAXIMAN VAMAN DALVI - 4 FPS,0,0,0,0,0.0,0.0,0.0,True,True,data/raw\2026-04\north_goa\158500500019_laximan_vaman_dalvi___4_fps.json,545.0,0.0,0.0,545.0,34.0,0.0,0.0,34.0,545.0,0.0,0.0,545.0,34.0,0.0,0.0,34.0
2026,Apr,GOA,north_goa,158500500020,,0,0,0,0,0.0,0.0,0.0,True,True,data/raw\2026-04\north_goa\158500500020_158500500020___nagargao_group_vikas_credit_sty_3_fps.json,0.0,0.0,0.0,0.0,0.0,0.0,0.0,0.0,0.0,0.0,0.0,0.0,0.0,0.0,0.0,0.0
2026,Apr,GOA,north_goa,158500500020,NAGARGAO GROUP VIKAS CREDIT STY-3 FPS,0,0,0,0,0.0,0.0,0.0,True,True,data/raw\2026-04\north_goa\158500500020_nagargao_group_vikas_credit_sty_3_fps.json,339.0,1.0,4.0,344.0,51.0,0.0,1.0,52.0,339.0,1.0,4.0,344.0,51.0,0.0,1.0,52.0
2026,Apr,GOA,north_goa,158500500022,,0,0,0,0,0.0,0.0,0.0,True,True,data/raw\2026-04\north_goa\158500500022_158500500022___m_s_sudesh_a_teli_1_fps.json,0.0,0.0,0.0,0.0,0.0,0.0,0.0,0.0,0.0,0.0,0.0,0.0,0.0,0.0,0.0,0.0
2026,Apr,GOA,north_goa,158500500022,M/S SUDESH A TELI-1 FPS,0,0,0,0,0.0,0.0,0.0,True,True,data/raw\2026-04\north_goa\158500500022_m_s_sudesh_a_teli_1_fps.json,245.0,2.0,41.0,288.0,41.0,1.0,6.0,48.0,245.0,2.0,41.0,288.0,41.0,1.0,6.0,48.0
2026,Apr,GOA,north_goa,158500500099,,0,0,0,0,0.0,0.0,0.0,True,True,data/raw\2026-04\north_goa\158500500099_158500500099___sattari_taluka_farmers_co_op_sty__2_fps.json,0.0,0.0,0.0,0.0,0.0,0.0,0.0,0.0,0.0,0.0,0.0,0.0,0.0,0.0,0.0,0.0
2026,Apr,GOA,north_goa,158500500099,SATTARI TALUKA FARMERS CO OP STY -2 FPS,0,0,0,0,0.0,0.0,0.0,True,True,data/raw\2026-04\north_goa\158500500099_sattari_taluka_farmers_co_op_sty__2_fps.json,459.0,1.0,1.0,461.0,73.0,0.0,0.0,73.0,459.0,1.0,1.0,461.0,73.0,0.0,0.0,73.0
2026,Apr,GOA,north_goa,158500500100,,0,0,0,0,0.0,0.0,0.0,True,True,data/raw\2026-04\north_goa\158500500100_158500500100___sattari_taluka_co_op_sty_15_fps.json,0.0,0.0,0.0,0.0,0.0,0.0,0.0,0.0,0.0,0.0,0.0,0.0,0.0,0.0,0.0,0.0
2026,Apr,GOA,north_goa,158500500100,SATTARI TALUKA CO-OP STY-15 FPS,0,0,0,0,0.0,0.0,0.0,True,True,data/raw\2026-04\north_goa\158500500100_sattari_taluka_co_op_sty_15_fps.json,212.0,6.0,0.0,218.0,42.0,0.0,0.0,42.0,212.0,6.0,0.0,218.0,42.0,0.0,0.0,42.0
2026,Apr,GOA,north_goa,158500500104,,0,0,0,0,0.0,0.0,0.0,True,True,data/raw\2026-04\north_goa\158500500104_158500500104___shri__deepak_parmeshmar_rane_6_fps.json,0.0,0.0,0.0,0.0,0.0,0.0,0.0,0.0,0.0,0.0,0.0,0.0,0.0,0.0,0.0,0.0
2026,Apr,GOA,north_goa,158500500104,SHRI. DEEPAK PARMESHMAR RANE-6 FPS,0,0,0,0,0.0,0.0,0.0,True,True,data/raw\2026-04\north_goa\158500500104_shri__deepak_parmeshmar_rane_6_fps.json,61.0,1.0,0.0,62.0,9.0,0.0,0.0,9.0,61.0,1.0,0.0,62.0,9.0,0.0,0.0,9.0
2026,Apr,GOA,north_goa,158500500105,,0,0,0,0,0.0,0.0,0.0,True,True,data/raw\2026-04\north_goa\158500500105_158500500105___smt__mansi_mahadev_gawas_13_fps.json,0.0,0.0,0.0,0.0,0.0,0.0,0.0,0.0,0.0,0.0,0.0,0.0,0.0,0.0,0.0,0.0
2026,Apr,GOA,north_goa,158500500105,SMT. MANSI MAHADEV GAWAS-13 FPS,0,0,0,0,0.0,0.0,0.0,True,True,data/raw\2026-04\north_goa\158500500105_smt__mansi_mahadev_gawas_13_fps.json,131.0,1.0,0.0,132.0,20.0,0.0,0.0,20.0,131.0,1.0,0.0,132.0,20.0,0.0,0.0,20.0
2026,Apr,GOA,north_goa,158500500107,,0,0,0,0,0.0,0.0,0.0,True,True,data/raw\2026-04\north_goa\158500500107_158500500107___shri__sham_joto_pavane_21_fps.json,0.0,0.0,0.0,0.0,0.0,0.0,0.0,0.0,0.0,0.0,0.0,0.0,0.0,0.0,0.0,0.0
2026,Apr,GOA,north_goa,158500500107,SHRI. SHAM JOTO PAVANE-21 FPS,0,0,0,0,0.0,0.0,0.0,True,True,data/raw\2026-04\north_goa\158500500107_shri__sham_joto_pavane_21_fps.json,159.0,1.0,0.0,160.0,3.0,0.0,0.0,3.0,159.0,1.0,0.0,160.0,3.0,0.0,0.0,3.0
2026,Apr,GOA,north_goa,158500600002,,0,0,0,0,0.0,0.0,0.0,True,True,data/raw\2026-04\north_goa\158500600002_158500600002___janata_consumer_co_op_sty_1_fps.json,0.0,0.0,0.0,0.0,0.0,0.0,0.0,0.0,0.0,0.0,0.0,0.0,0.0,0.0,0.0,0.0
2026,Apr,GOA,north_goa,158500600002,JANATA CONSUMER CO OP STY-1 FPS,0,0,0,0,0.0,0.0,0.0,True,True,data/raw\2026-04\north_goa\158500600002_janata_consumer_co_op_sty_1_fps.json,41.0,9.0,6.0,56.0,8.0,0.0,0.0,8.0,41.0,9.0,6.0,56.0,8.0,0.0,0.0,8.0
2026,Apr,GOA,north_goa,158500600003,,0,0,0,0,0.0,0.0,0.0,True,True,data/raw\2026-04\north_goa\158500600003_158500600003___gurudas_yashwant_shet_2_fps.json,0.0,0.0,0.0,0.0,0.0,0.0,0.0,0.0,0.0,0.0,0.0,0.0,0.0,0.0,0.0,0.0
2026,Apr,GOA,north_goa,158500600003,GURUDAS YASHWANT SHET-2 FPS,0,0,0,0,0.0,0.0,0.0,True,True,data/raw\2026-04\north_goa\158500600003_gurudas_yashwant_shet_2_fps.json,0.0,1.0,0.0,1.0,0.0,0.0,0.0,0.0,0.0,1.0,0.0,1.0,0.0,0.0,0.0,0.0
2026,Apr,GOA,north_goa,158500600005,,0,0,0,0,0.0,0.0,0.0,True,True,data/raw\2026-04\north_goa\158500600005_158500600005___smita_ankush_naik_5_fps.json,0.0,0.0,0.0,0.0,0.0,0.0,0.0,0.0,0.0,0.0,0.0,0.0,0.0,0.0,0.0,0.0
2026,Apr,GOA,north_goa,158500600005,Smita Ankush Naik-5 FPS,0,0,0,0,0.0,0.0,0.0,True,True,data/raw\2026-04\north_goa\158500600005_smita_ankush_naik_5_fps.json,30.0,0.0,0.0,30.0,22.0,0.0,0.0,22.0,30.0,0.0,0.0,30.0,22.0,0.0,0.0,22.0
2026,Apr,GOA,north_goa,158500600006,,0,0,0,0,0.0,0.0,0.0,True,True,data/raw\2026-04\north_goa\158500600006_158500600006___gurudas_yashwant_shet_6_fps.json,0.0,0.0,0.0,0.0,0.0,0.0,0.0,0.0,0.0,0.0,0.0,0.0,0.0,0.0,0.0,0.0
2026,Apr,GOA,north_goa,158500600006,GURUDAS YASHWANT SHET-6 FPS,0,0,0,0,0.0,0.0,0.0,True,True,data/raw\2026-04\north_goa\158500600006_gurudas_yashwant_shet_6_fps.json,37.0,8.0,20.0,65.0,19.0,3.0,4.0,26.0,37.0,8.0,20.0,65.0,19.0,3.0,4.0,26.0
2026,Apr,GOA,north_goa,158500600024,,0,0,0,0,0.0,0.0,0.0,True,True,data/raw\2026-04\north_goa\158500600024_158500600024___sidharth_k__shetvargaonkar_24_fps.json,0.0,0.0,0.0,0.0,0.0,0.0,0.0,0.0,0.0,0.0,0.0,0.0,0.0,0.0,0.0,0.0
2026,Apr,GOA,north_goa,158500600024,SIDHARTH K. SHETVARGAONKAR-24 FPS,0,0,0,0,0.0,0.0,0.0,True,True,data/raw\2026-04\north_goa\158500600024_sidharth_k__shetvargaonkar_24_fps.json,142.0,1.0,0.0,143.0,2.0,0.0,0.0,2.0,142.0,1.0,0.0,143.0,2.0,0.0,0.0,2.0
2026,Apr,GOA,north_goa,158500600037,,0,0,0,0,0.0,0.0,0.0,True,True,data/raw\2026-04\north_goa\158500600037_158500600037___rajesh_store_38_fps.json,0.0,0.0,0.0,0.0,0.0,0.0,0.0,0.0,0.0,0.0,0.0,0.0,0.0,0.0,0.0,0.0
2026,Apr,GOA,north_goa,158500600037,RAJESH STORE-38 FPS,0,0,0,0,0.0,0.0,0.0,True,True,data/raw\2026-04\north_goa\158500600037_rajesh_store_38_fps.json,4.0,4.0,0.0,8.0,0.0,0.0,0.0,0.0,4.0,4.0,0.0,8.0,0.0,0.0,0.0,0.0
2026,Apr,GOA,north_goa,158500600046,,0,0,0,0,0.0,0.0,0.0,True,True,data/raw\2026-04\north_goa\158500600046_158500600046___prakash_stores_54_fps.json,0.0,0.0,0.0,0.0,0.0,0.0,0.0,0.0,0.0,0.0,0.0,0.0,0.0,0.0,0.0,0.0
2026,Apr,GOA,north_goa,158500600046,PRAKASH STORES-54 FPS,0,0,0,0,0.0,0.0,0.0,True,True,data/raw\2026-04\north_goa\158500600046_prakash_stores_54_fps.json,75.0,2.0,19.0,96.0,1.0,0.0,5.0,6.0,75.0,2.0,19.0,96.0,1.0,0.0,5.0,6.0
2026,Apr,GOA,north_goa,158500600047,,0,0,0,0,0.0,0.0,0.0,True,True,data/raw\2026-04\north_goa\158500600047_158500600047___premakant_a_naik_57_fps.json,0.0,0.0,0.0,0.0,0.0,0.0,0.0,0.0,0.0,0.0,0.0,0.0,0.0,0.0,0.0,0.0
2026,Apr,GOA,north_goa,158500600047,PREMAKANT A NAIK-57 FPS,0,0,0,0,0.0,0.0,0.0,True,True,data/raw\2026-04\north_goa\158500600047_premakant_a_naik_57_fps.json,20.0,1.0,0.0,21.0,0.0,0.0,0.0,0.0,20.0,1.0,0.0,21.0,0.0,0.0,0.0,0.0
2026,Apr,GOA,north_goa,158500600053,,0,0,0,0,0.0,0.0,0.0,True,True,data/raw\2026-04\north_goa\158500600053_158500600053___mahesh_a_chodankar_69_fps.json,0.0,0.0,0.0,0.0,0.0,0.0,0.0,0.0,0.0,0.0,0.0,0.0,0.0,0.0,0.0,0.0
2026,Apr,GOA,north_goa,158500600053,MAHESH A CHODANKAR-69 FPS,0,0,0,0,0.0,0.0,0.0,True,True,data/raw\2026-04\north_goa\158500600053_mahesh_a_chodankar_69_fps.json,9.0,0.0,0.0,9.0,2.0,0.0,0.0,2.0,9.0,0.0,0.0,9.0,2.0,0.0,0.0,2.0
2026,Apr,GOA,north_goa,158500600063,,0,0,0,0,0.0,0.0,0.0,True,True,data/raw\2026-04\north_goa\158500600063_158500600063___sujay_vasant_naik_77_fps.json,0.0,0.0,0.0,0.0,0.0,0.0,0.0,0.0,0.0,0.0,0.0,0.0,0.0,0.0,0.0,0.0
2026,Apr,GOA,north_goa,158500600063,SUJAY VASANT NAIK-77 FPS,0,0,0,0,0.0,0.0,0.0,True,True,data/raw\2026-04\north_goa\158500600063_sujay_vasant_naik_77_fps.json,0.0,8.0,0.0,8.0,0.0,0.0,0.0,0.0,0.0,8.0,0.0,8.0,0.0,0.0,0.0,0.0
2026,Apr,GOA,north_goa,158500600065,,0,0,0,0,0.0,0.0,0.0,True,True,data/raw\2026-04\north_goa\158500600065_158500600065___shri_ganesh_66_fps.json,0.0,0.0,0.0,0.0,0.0,0.0,0.0,0.0,0.0,0.0,0.0,0.0,0.0,0.0,0.0,0.0
2026,Apr,GOA,north_goa,158500600065,SHRI GANESH-66 FPS,0,0,0,0,0.0,0.0,0.0,True,True,data/raw\2026-04\north_goa\158500600065_shri_ganesh_66_fps.json,137.0,98.0,29.0,264.0,2.0,2.0,6.0,10.0,137.0,98.0,29.0,264.0,2.0,2.0,6.0,10.0
2026,Apr,GOA,north_goa,158500600066,,0,0,0,0,0.0,0.0,0.0,True,True,data/raw\2026-04\north_goa\158500600066_158500600066___subij_dattaram_parulekar_14_fps.json,0.0,0.0,0.0,0.0,0.0,0.0,0.0,0.0,0.0,0.0,0.0,0.0,0.0,0.0,0.0,0.0
2026,Apr,GOA,north_goa,158500600066,SUBIJ DATTARAM PARULEKAR-14 FPS,0,0,0,0,0.0,0.0,0.0,True,True,data/raw\2026-04\north_goa\158500600066_subij_dattaram_parulekar_14_fps.json,167.0,4.0,4.0,175.0,6.0,0.0,2.0,8.0,167.0,4.0,4.0,175.0,6.0,0.0,2.0,8.0
2026,Apr,GOA,north_goa,158500600067,,0,0,0,0,0.0,0.0,0.0,True,True,data/raw\2026-04\north_goa\158500600067_158500600067___pushpa_r_naik_18_fps.json,0.0,0.0,0.0,0.0,0.0,0.0,0.0,0.0,0.0,0.0,0.0,0.0,0.0,0.0,0.0,0.0
2026,Apr,GOA,north_goa,158500600067,PUSHPA R NAIK-18 FPS,0,0,0,0,0.0,0.0,0.0,True,True,data/raw\2026-04\north_goa\158500600067_pushpa_r_naik_18_fps.json,23.0,3.0,0.0,26.0,0.0,0.0,0.0,0.0,23.0,3.0,0.0,26.0,0.0,0.0,0.0,0.0
2026,Apr,GOA,north_goa,158500600068,,0,0,0,0,0.0,0.0,0.0,True,True,data/raw\2026-04\north_goa\158500600068_158500600068___a_n_govenkar_21_fps.json,0.0,0.0,0.0,0.0,0.0,0.0,0.0,0.0,0.0,0.0,0.0,0.0,0.0,0.0,0.0,0.0
2026,Apr,GOA,north_goa,158500600068,A N GOVENKAR-21 FPS,0,0,0,0,0.0,0.0,0.0,True,True,data/raw\2026-04\north_goa\158500600068_a_n_govenkar_21_fps.json,18.0,30.0,6.0,54.0,2.0,6.0,2.0,10.0,18.0,30.0,6.0,54.0,2.0,6.0,2.0,10.0
2026,Apr,GOA,north_goa,158500600069,,0,0,0,0,0.0,0.0,0.0,True,True,data/raw\2026-04\north_goa\158500600069_158500600069___suresh_v_borkar_26_fps.json,0.0,0.0,0.0,0.0,0.0,0.0,0.0,0.0,0.0,0.0,0.0,0.0,0.0,0.0,0.0,0.0
2026,Apr,GOA,north_goa,158500600069,SURESH V BORKAR-26 FPS,0,0,0,0,0.0,0.0,0.0,True,True,data/raw\2026-04\north_goa\158500600069_suresh_v_borkar_26_fps.json,84.0,3.0,0.0,87.0,11.0,0.0,0.0,11.0,84.0,3.0,0.0,87.0,11.0,0.0,0.0,11.0
2026,Apr,GOA,north_goa,158500600070,,0,0,0,0,0.0,0.0,0.0,True,True,data/raw\2026-04\north_goa\158500600070_158500600070___priyanka_pandurang_shet_27_fps.json,0.0,0.0,0.0,0.0,0.0,0.0,0.0,0.0,0.0,0.0,0.0,0.0,0.0,0.0,0.0,0.0
2026,Apr,GOA,north_goa,158500600070,PRIYANKA PANDURANG SHET-27 FPS,0,0,0,0,0.0,0.0,0.0,True,True,data/raw\2026-04\north_goa\158500600070_priyanka_pandurang_shet_27_fps.json,266.0,1.0,0.0,267.0,9.0,0.0,0.0,9.0,266.0,1.0,0.0,267.0,9.0,0.0,0.0,9.0
2026,Apr,GOA,north_goa,158500600071,,0,0,0,0,0.0,0.0,0.0,True,True,data/raw\2026-04\north_goa\158500600071_158500600071___shetkari_adarsh_v_k_s_s_sty_29_fps.json,0.0,0.0,0.0,0.0,0.0,0.0,0.0,0.0,0.0,0.0,0.0,0.0,0.0,0.0,0.0,0.0
2026,Apr,GOA,north_goa,158500600071,SHETKARI ADARSH V K S S STY-29 FPS,0,0,0,0,0.0,0.0,0.0,True,True,data/raw\2026-04\north_goa\158500600071_shetkari_adarsh_v_k_s_s_sty_29_fps.json,189.0,1.0,0.0,190.0,45.0,0.0,0.0,45.0,189.0,1.0,0.0,190.0,45.0,0.0,0.0,45.0
2026,Apr,GOA,north_goa,158500600072,,0,0,0,0,0.0,0.0,0.0,True,True,data/raw\2026-04\north_goa\158500600072_158500600072___p_p_karapurkar_35_fps.json,0.0,0.0,0.0,0.0,0.0,0.0,0.0,0.0,0.0,0.0,0.0,0.0,0.0,0.0,0.0,0.0
2026,Apr,GOA,north_goa,158500600072,P P KARAPURKAR-35 FPS,0,0,0,0,0.0,0.0,0.0,True,True,data/raw\2026-04\north_goa\158500600072_p_p_karapurkar_35_fps.json,97.0,1.0,3.0,101.0,23.0,0.0,1.0,24.0,97.0,1.0,3.0,101.0,23.0,0.0,1.0,24.0
2026,Apr,GOA,north_goa,158500600073,,0,0,0,0,0.0,0.0,0.0,True,True,data/raw\2026-04\north_goa\158500600073_158500600073___vivina_vinod_madkaikar__36_fps.json,0.0,0.0,0.0,0.0,0.0,0.0,0.0,0.0,0.0,0.0,0.0,0.0,0.0,0.0,0.0,0.0
2026,Apr,GOA,north_goa,158500600073,Vivina Vinod Madkaikar -36 FPS,0,0,0,0,0.0,0.0,0.0,True,True,data/raw\2026-04\north_goa\158500600073_vivina_vinod_madkaikar__36_fps.json,48.0,0.0,0.0,48.0,1.0,0.0,0.0,1.0,48.0,0.0,0.0,48.0,1.0,0.0,0.0,1.0
2026,Apr,GOA,north_goa,158500600074,,0,0,0,0,0.0,0.0,0.0,True,True,data/raw\2026-04\north_goa\158500600074_158500600074___vrunda_naik_42_fps.json,0.0,0.0,0.0,0.0,0.0,0.0,0.0,0.0,0.0,0.0,0.0,0.0,0.0,0.0,0.0,0.0
2026,Apr,GOA,north_goa,158500600074,VRUNDA NAIK-42 FPS,0,0,0,0,0.0,0.0,0.0,True,True,data/raw\2026-04\north_goa\158500600074_vrunda_naik_42_fps.json,42.0,51.0,4.0,97.0,1.0,2.0,0.0,3.0,42.0,51.0,4.0,97.0,1.0,2.0,0.0,3.0
2026,Apr,GOA,north_goa,158500600075,,0,0,0,0,0.0,0.0,0.0,True,True,data/raw\2026-04\north_goa\158500600075_158500600075___shri__prajay_alias_ramrai_p__naik_40_fps.json,0.0,0.0,0.0,0.0,0.0,0.0,0.0,0.0,0.0,0.0,0.0,0.0,0.0,0.0,0.0,0.0
2026,Apr,GOA,north_goa,158500600075,SHRI. PRAJAY ALIAS RAMRAI P. NAIK-40 FPS,0,0,0,0,0.0,0.0,0.0,True,True,data/raw\2026-04\north_goa\158500600075_shri__prajay_alias_ramrai_p__naik_40_fps.json,170.0,2.0,16.0,188.0,17.0,0.0,1.0,18.0,170.0,2.0,16.0,188.0,17.0,0.0,1.0,18.0
2026,Apr,GOA,north_goa,158500600076,,0,0,0,0,0.0,0.0,0.0,True,True,data/raw\2026-04\north_goa\158500600076_158500600076___namdev_k__naik_49_fps.json,0.0,0.0,0.0,0.0,0.0,0.0,0.0,0.0,0.0,0.0,0.0,0.0,0.0,0.0,0.0,0.0
2026,Apr,GOA,north_goa,158500600076,NAMDEV K .NAIK-49 FPS,0,0,0,0,0.0,0.0,0.0,True,True,data/raw\2026-04\north_goa\158500600076_namdev_k__naik_49_fps.json,111.0,39.0,28.0,178.0,18.0,6.0,1.0,25.0,111.0,39.0,28.0,178.0,18.0,6.0,1.0,25.0
2026,Apr,GOA,north_goa,158500600077,,0,0,0,0,0.0,0.0,0.0,True,True,data/raw\2026-04\north_goa\158500600077_158500600077___ramita_ashok_shirodkar_50_fps.json,0.0,0.0,0.0,0.0,0.0,0.0,0.0,0.0,0.0,0.0,0.0,0.0,0.0,0.0,0.0,0.0
2026,Apr,GOA,north_goa,158500600077,RAMITA ASHOK SHIRODKAR-50 FPS,0,0,0,0,0.0,0.0,0.0,True,True,data/raw\2026-04\north_goa\158500600077_ramita_ashok_shirodkar_50_fps.json,207.0,1.0,0.0,208.0,4.0,0.0,0.0,4.0,207.0,1.0,0.0,208.0,4.0,0.0,0.0,4.0
2026,Apr,GOA,north_goa,158500600078,,0,0,0,0,0.0,0.0,0.0,True,True,data/raw\2026-04\north_goa\158500600078_158500600078___gomati_p__naik_60_fps.json,0.0,0.0,0.0,0.0,0.0,0.0,0.0,0.0,0.0,0.0,0.0,0.0,0.0,0.0,0.0,0.0
2026,Apr,GOA,north_goa,158500600078,GOMATI P. NAIK-60 FPS,0,0,0,0,0.0,0.0,0.0,True,True,data/raw\2026-04\north_goa\158500600078_gomati_p__naik_60_fps.json,37.0,0.0,0.0,37.0,10.0,0.0,0.0,10.0,37.0,0.0,0.0,37.0,10.0,0.0,0.0,10.0
2026,Apr,GOA,north_goa,158500600079,,0,0,0,0,0.0,0.0,0.0,True,True,data/raw\2026-04\north_goa\158500600079_158500600079___judith_vaz_64_fps.json,0.0,0.0,0.0,0.0,0.0,0.0,0.0,0.0,0.0,0.0,0.0,0.0,0.0,0.0,0.0,0.0
2026,Apr,GOA,north_goa,158500600079,JUDITH VAZ-64 FPS,0,0,0,0,0.0,0.0,0.0,True,True,data/raw\2026-04\north_goa\158500600079_judith_vaz_64_fps.json,84.0,6.0,0.0,90.0,2.0,0.0,0.0,2.0,84.0,6.0,0.0,90.0,2.0,0.0,0.0,2.0
2026,Apr,GOA,north_goa,158500600080,,0,0,0,0,0.0,0.0,0.0,True,True,data/raw\2026-04\north_goa\158500600080_158500600080___piedade_service_co_op_society_pvt_ltd_22_fps.json,0.0,0.0,0.0,0.0,0.0,0.0,0.0,0.0,0.0,0.0,0.0,0.0,0.0,0.0,0.0,0.0
2026,Apr,GOA,north_goa,158500600080,PIEDADE SERVICE CO OP SOCIETY PVT LTD-22 FPS,0,0,0,0,0.0,0.0,0.0,True,True,data/raw\2026-04\north_goa\158500600080_piedade_service_co_op_society_pvt_ltd_22_fps.json,157.0,4.0,6.0,167.0,22.0,0.0,0.0,22.0,157.0,4.0,6.0,167.0,22.0,0.0,0.0,22.0
2026,Apr,GOA,north_goa,158500600081,,0,0,0,0,0.0,0.0,0.0,True,True,data/raw\2026-04\north_goa\158500600081_158500600081___venkatesh_a_sawant_23_fps.json,0.0,0.0,0.0,0.0,0.0,0.0,0.0,0.0,0.0,0.0,0.0,0.0,0.0,0.0,0.0,0.0
2026,Apr,GOA,north_goa,158500600081,VENKATESH A SAWANT-23 FPS,0,0,0,0,0.0,0.0,0.0,True,True,data/raw\2026-04\north_goa\158500600081_venkatesh_a_sawant_23_fps.json,142.0,0.0,0.0,142.0,21.0,0.0,0.0,21.0,142.0,0.0,0.0,142.0,21.0,0.0,0.0,21.0
2026,Apr,GOA,north_goa,158500600082,,0,0,0,0,0.0,0.0,0.0,True,True,data/raw\2026-04\north_goa\158500600082_158500600082___ajay_a_pai_28_fps.json,0.0,0.0,0.0,0.0,0.0,0.0,0.0,0.0,0.0,0.0,0.0,0.0,0.0,0.0,0.0,0.0
2026,Apr,GOA,north_goa,158500600082,AJAY A PAI-28 FPS,0,0,0,0,0.0,0.0,0.0,True,True,data/raw\2026-04\north_goa\158500600082_ajay_a_pai_28_fps.json,77.0,1.0,0.0,78.0,1.0,0.0,0.0,1.0,77.0,1.0,0.0,78.0,1.0,0.0,0.0,1.0
2026,Apr,GOA,north_goa,158500600083,,0,0,0,0,0.0,0.0,0.0,True,True,data/raw\2026-04\north_goa\158500600083_158500600083___smt__roshan_v__natekar_37_fps.json,0.0,0.0,0.0,0.0,0.0,0.0,0.0,0.0,0.0,0.0,0.0,0.0,0.0,0.0,0.0,0.0
2026,Apr,GOA,north_goa,158500600083,Smt. Roshan V. Natekar-37 FPS,0,0,0,0,0.0,0.0,0.0,True,True,data/raw\2026-04\north_goa\158500600083_smt__roshan_v__natekar_37_fps.json,27.0,4.0,3.0,34.0,2.0,0.0,0.0,2.0,27.0,4.0,3.0,34.0,2.0,0.0,0.0,2.0
2026,Apr,GOA,north_goa,158500600084,,0,0,0,0,0.0,0.0,0.0,True,True,data/raw\2026-04\north_goa\158500600084_158500600084___damodar_r_hoble_4_fps.json,0.0,0.0,0.0,0.0,0.0,0.0,0.0,0.0,0.0,0.0,0.0,0.0,0.0,0.0,0.0,0.0
2026,Apr,GOA,north_goa,158500600084,DAMODAR R HOBLE-4 FPS,0,0,0,0,0.0,0.0,0.0,True,True,data/raw\2026-04\north_goa\158500600084_damodar_r_hoble_4_fps.json,35.0,0.0,5.0,40.0,2.0,0.0,0.0,2.0,35.0,0.0,5.0,40.0,2.0,0.0,0.0,2.0
2026,Apr,GOA,north_goa,158500600086,,0,0,0,0,0.0,0.0,0.0,True,True,data/raw\2026-04\north_goa\158500600086_158500600086___reena_pilankar_8_fps.json,0.0,0.0,0.0,0.0,0.0,0.0,0.0,0.0,0.0,0.0,0.0,0.0,0.0,0.0,0.0,0.0
2026,Apr,GOA,north_goa,158500600086,REENA PILANKAR-8 FPS,0,0,0,0,0.0,0.0,0.0,True,True,data/raw\2026-04\north_goa\158500600086_reena_pilankar_8_fps.json,8.0,17.0,48.0,73.0,0.0,0.0,7.0,7.0,8.0,17.0,48.0,73.0,0.0,0.0,7.0,7.0
2026,Apr,GOA,north_goa,158500600087,,0,0,0,0,0.0,0.0,0.0,True,True,data/raw\2026-04\north_goa\158500600087_158500600087___janata_consumer_co_op_sty_9_fps.json,0.0,0.0,0.0,0.0,0.0,0.0,0.0,0.0,0.0,0.0,0.0,0.0,0.0,0.0,0.0,0.0
2026,Apr,GOA,north_goa,158500600087,JANATA CONSUMER CO OP STY-9 FPS,0,0,0,0,0.0,0.0,0.0,True,True,data/raw\2026-04\north_goa\158500600087_janata_consumer_co_op_sty_9_fps.json,34.0,0.0,7.0,41.0,3.0,0.0,0.0,3.0,34.0,0.0,7.0,41.0,3.0,0.0,0.0,3.0
2026,Apr,GOA,north_goa,158500600088,,0,0,0,0,0.0,0.0,0.0,True,True,data/raw\2026-04\north_goa\158500600088_158500600088___krishna_v_kudnekar_10_fps.json,0.0,0.0,0.0,0.0,0.0,0.0,0.0,0.0,0.0,0.0,0.0,0.0,0.0,0.0,0.0,0.0
2026,Apr,GOA,north_goa,158500600088,KRISHNA V KUDNEKAR-10 FPS,0,0,0,0,0.0,0.0,0.0,True,True,data/raw\2026-04\north_goa\158500600088_krishna_v_kudnekar_10_fps.json,85.0,1.0,52.0,138.0,0.0,0.0,4.0,4.0,85.0,1.0,52.0,138.0,0.0,0.0,4.0,4.0
2026,Apr,GOA,north_goa,158500600090,,0,0,0,0,0.0,0.0,0.0,True,True,data/raw\2026-04\north_goa\158500600090_158500600090___lavu_raghuvir_hoble_15_fps.json,0.0,0.0,0.0,0.0,0.0,0.0,0.0,0.0,0.0,0.0,0.0,0.0,0.0,0.0,0.0,0.0
2026,Apr,GOA,north_goa,158500600090,LAVU RAGHUVIR HOBLE-15 FPS,0,0,0,0,0.0,0.0,0.0,True,True,data/raw\2026-04\north_goa\158500600090_lavu_raghuvir_hoble_15_fps.json,48.0,7.0,0.0,55.0,5.0,0.0,0.0,5.0,48.0,7.0,0.0,55.0,5.0,0.0,0.0,5.0
2026,Apr,GOA,north_goa,158500600091,,0,0,0,0,0.0,0.0,0.0,True,True,data/raw\2026-04\north_goa\158500600091_158500600091___rukma_r_p_mhambrey_13_fps.json,0.0,0.0,0.0,0.0,0.0,0.0,0.0,0.0,0.0,0.0,0.0,0.0,0.0,0.0,0.0,0.0
2026,Apr,GOA,north_goa,158500600091,RUKMA R.P MHAMBREY-13 FPS,0,0,0,0,0.0,0.0,0.0,True,True,data/raw\2026-04\north_goa\158500600091_rukma_r_p_mhambrey_13_fps.json,95.0,2.0,4.0,101.0,3.0,0.0,0.0,3.0,95.0,2.0,4.0,101.0,3.0,0.0,0.0,3.0
2026,Apr,GOA,north_goa,158500600092,,0,0,0,0,0.0,0.0,0.0,True,True,data/raw\2026-04\north_goa\158500600092_158500600092___radhakrishna_stores_16_fps.json,0.0,0.0,0.0,0.0,0.0,0.0,0.0,0.0,0.0,0.0,0.0,0.0,0.0,0.0,0.0,0.0
2026,Apr,GOA,north_goa,158500600092,RADHAKRISHNA STORES-16 FPS,0,0,0,0,0.0,0.0,0.0,True,True,data/raw\2026-04\north_goa\158500600092_radhakrishna_stores_16_fps.json,249.0,8.0,28.0,285.0,16.0,0.0,3.0,19.0,249.0,8.0,28.0,285.0,16.0,0.0,3.0,19.0
2026,Apr,GOA,north_goa,158500600093,,0,0,0,0,0.0,0.0,0.0,True,True,data/raw\2026-04\north_goa\158500600093_158500600093___sandeep_s_bhonsule_17_fps.json,0.0,0.0,0.0,0.0,0.0,0.0,0.0,0.0,0.0,0.0,0.0,0.0,0.0,0.0,0.0,0.0
2026,Apr,GOA,north_goa,158500600093,SANDEEP S BHONSULE-17 FPS,0,0,0,0,0.0,0.0,0.0,True,True,data/raw\2026-04\north_goa\158500600093_sandeep_s_bhonsule_17_fps.json,39.0,17.0,0.0,56.0,5.0,0.0,0.0,5.0,39.0,17.0,0.0,56.0,5.0,0.0,0.0,5.0
2026,Apr,GOA,north_goa,158500600094,,0,0,0,0,0.0,0.0,0.0,True,True,data/raw\2026-04\north_goa\158500600094_158500600094___nilkanth_p_palekar_19_fps.json,0.0,0.0,0.0,0.0,0.0,0.0,0.0,0.0,0.0,0.0,0.0,0.0,0.0,0.0,0.0,0.0
2026,Apr,GOA,north_goa,158500600094,NILKANTH P PALEKAR-19 FPS,0,0,0,0,0.0,0.0,0.0,True,True,data/raw\2026-04\north_goa\158500600094_nilkanth_p_palekar_19_fps.json,161.0,13.0,160.0,334.0,3.0,0.0,21.0,24.0,161.0,13.0,160.0,334.0,3.0,0.0,21.0,24.0
2026,Apr,GOA,north_goa,158500600095,,0,0,0,0,0.0,0.0,0.0,True,True,data/raw\2026-04\north_goa\158500600095_158500600095___vasudev_v_kamat_30_fps.json,0.0,0.0,0.0,0.0,0.0,0.0,0.0,0.0,0.0,0.0,0.0,0.0,0.0,0.0,0.0,0.0
2026,Apr,GOA,north_goa,158500600095,VASUDEV V KAMAT-30 FPS,0,0,0,0,0.0,0.0,0.0,True,True,data/raw\2026-04\north_goa\158500600095_vasudev_v_kamat_30_fps.json,96.0,0.0,1.0,97.0,18.0,0.0,3.0,21.0,96.0,0.0,1.0,97.0,18.0,0.0,3.0,21.0
2026,Apr,GOA,north_goa,158500600096,,0,0,0,0,0.0,0.0,0.0,True,True,data/raw\2026-04\north_goa\158500600096_158500600096___naresh_v_shirodkar_31_fps.json,0.0,0.0,0.0,0.0,0.0,0.0,0.0,0.0,0.0,0.0,0.0,0.0,0.0,0.0,0.0,0.0
2026,Apr,GOA,north_goa,158500600096,NARESH V SHIRODKAR-31 FPS,0,0,0,0,0.0,0.0,0.0,True,True,data/raw\2026-04\north_goa\158500600096_naresh_v_shirodkar_31_fps.json,54.0,0.0,0.0,54.0,4.0,0.0,0.0,4.0,54.0,0.0,0.0,54.0,4.0,0.0,0.0,4.0
2026,Apr,GOA,north_goa,158500600097,,0,0,0,0,0.0,0.0,0.0,True,True,data/raw\2026-04\north_goa\158500600097_158500600097___r_m_dhond_32_fps.json,0.0,0.0,0.0,0.0,0.0,0.0,0.0,0.0,0.0,0.0,0.0,0.0,0.0,0.0,0.0,0.0
2026,Apr,GOA,north_goa,158500600097,R M DHOND-32 FPS,0,0,0,0,0.0,0.0,0.0,True,True,data/raw\2026-04\north_goa\158500600097_r_m_dhond_32_fps.json,18.0,0.0,0.0,18.0,1.0,0.0,0.0,1.0,18.0,0.0,0.0,18.0,1.0,0.0,0.0,1.0
2026,Apr,GOA,north_goa,158500600098,,0,0,0,0,0.0,0.0,0.0,True,True,data/raw\2026-04\north_goa\158500600098_158500600098___gulabi_prabhakar_naik_33_fps.json,0.0,0.0,0.0,0.0,0.0,0.0,0.0,0.0,0.0,0.0,0.0,0.0,0.0,0.0,0.0,0.0
2026,Apr,GOA,north_goa,158500600098,GULABI PRABHAKAR NAIK-33 FPS,0,0,0,0,0.0,0.0,0.0,True,True,data/raw\2026-04\north_goa\158500600098_gulabi_prabhakar_naik_33_fps.json,82.0,1.0,0.0,83.0,2.0,0.0,0.0,2.0,82.0,1.0,0.0,83.0,2.0,0.0,0.0,2.0
2026,Apr,GOA,north_goa,158500600100,,0,0,0,0,0.0,0.0,0.0,True,True,data/raw\2026-04\north_goa\158500600100_158500600100___r_k_bandodkar_41_fps.json,0.0,0.0,0.0,0.0,0.0,0.0,0.0,0.0,0.0,0.0,0.0,0.0,0.0,0.0,0.0,0.0
2026,Apr,GOA,north_goa,158500600100,R K BANDODKAR-41 FPS,0,0,0,0,0.0,0.0,0.0,True,True,data/raw\2026-04\north_goa\158500600100_r_k_bandodkar_41_fps.json,90.0,3.0,2.0,95.0,3.0,0.0,1.0,4.0,90.0,3.0,2.0,95.0,3.0,0.0,1.0,4.0
2026,Apr,GOA,north_goa,158500600102,,0,0,0,0,0.0,0.0,0.0,True,True,data/raw\2026-04\north_goa\158500600102_158500600102___s_s_vaingankar_53_fps.json,0.0,0.0,0.0,0.0,0.0,0.0,0.0,0.0,0.0,0.0,0.0,0.0,0.0,0.0,0.0,0.0
2026,Apr,GOA,north_goa,158500600102,S S VAINGANKAR-53 FPS,0,0,0,0,0.0,0.0,0.0,True,True,data/raw\2026-04\north_goa\158500600102_s_s_vaingankar_53_fps.json,15.0,0.0,3.0,18.0,0.0,0.0,0.0,0.0,15.0,0.0,3.0,18.0,0.0,0.0,0.0,0.0
2026,Apr,GOA,north_goa,158500600105,,0,0,0,0,0.0,0.0,0.0,True,True,data/raw\2026-04\north_goa\158500600105_158500600105___prakash_u_naik_75_fps.json,0.0,0.0,0.0,0.0,0.0,0.0,0.0,0.0,0.0,0.0,0.0,0.0,0.0,0.0,0.0,0.0
2026,Apr,GOA,north_goa,158500600105,PRAKASH U NAIK-75 FPS,0,0,0,0,0.0,0.0,0.0,True,True,data/raw\2026-04\north_goa\158500600105_prakash_u_naik_75_fps.json,0.0,8.0,0.0,8.0,0.0,0.0,0.0,0.0,0.0,8.0,0.0,8.0,0.0,0.0,0.0,0.0
2026,Apr,GOA,north_goa,158500600107,,0,0,0,0,0.0,0.0,0.0,True,True,data/raw\2026-04\north_goa\158500600107_158500600107___aqshi_v_k_s_sty_20_fps.json,0.0,0.0,0.0,0.0,0.0,0.0,0.0,0.0,0.0,0.0,0.0,0.0,0.0,0.0,0.0,0.0
2026,Apr,GOA,north_goa,158500600107,AQSHI V K S STY-20 FPS,0,0,0,0,0.0,0.0,0.0,True,True,data/raw\2026-04\north_goa\158500600107_aqshi_v_k_s_sty_20_fps.json,137.0,0.0,26.0,163.0,13.0,0.0,2.0,15.0,137.0,0.0,26.0,163.0,13.0,0.0,2.0,15.0
2026,Apr,GOA,north_goa,158500600549,,0,0,0,0,0.0,0.0,0.0,True,True,data/raw\2026-04\north_goa\158500600549_158500600549___ulhas_p_palekar_59_fps.json,0.0,0.0,0.0,0.0,0.0,0.0,0.0,0.0,0.0,0.0,0.0,0.0,0.0,0.0,0.0,0.0
2026,Apr,GOA,north_goa,158500600549,ULHAS P PALEKAR-59 FPS,0,0,0,0,0.0,0.0,0.0,True,True,data/raw\2026-04\north_goa\158500600549_ulhas_p_palekar_59_fps.json,22.0,0.0,0.0,22.0,0.0,0.0,0.0,0.0,22.0,0.0,0.0,22.0,0.0,0.0,0.0,0.0
2026,Apr,GOA,north_goa,158500600551,,0,0,0,0,0.0,0.0,0.0,True,True,data/raw\2026-04\north_goa\158500600551_158500600551___shelly_fernandes_25_fps.json,0.0,0.0,0.0,0.0,0.0,0.0,0.0,0.0,0.0,0.0,0.0,0.0,0.0,0.0,0.0,0.0
2026,Apr,GOA,north_goa,158500600551,SHELLY FERNANDES-25 FPS,0,0,0,0,0.0,0.0,0.0,True,True,data/raw\2026-04\north_goa\158500600551_shelly_fernandes_25_fps.json,163.0,3.0,1.0,167.0,8.0,0.0,0.0,8.0,163.0,3.0,1.0,167.0,8.0,0.0,0.0,8.0
2026,Apr,GOA,north_goa,FPS Id,,0,0,0,0,0.0,0.0,0.0,True,True,data/raw\2026-04\north_goa\FPS Id_fps_id_______________________________________________________158500100001.json,0.0,0.0,0.0,0.0,0.0,0.0,0.0,0.0,0.0,0.0,0.0,0.0,0.0,0.0,0.0,0.0
2026,Apr,GOA,south_goa,158600300002,,0,0,0,0,0.0,0.0,0.0,True,True,data/raw\2026-04\south_goa\158600300002_158600300002___shanti_ashok_devshekhar_51_fps.json,0.0,0.0,0.0,0.0,0.0,0.0,0.0,0.0,0.0,0.0,0.0,0.0,0.0,0.0,0.0,0.0
2026,Apr,GOA,south_goa,158600300002,SHANTI ASHOK DEVSHEKHAR-51 FPS,0,0,0,0,0.0,0.0,0.0,True,True,data/raw\2026-04\south_goa\158600300002_shanti_ashok_devshekhar_51_fps.json,56.0,1.0,1.0,58.0,0.0,0.0,0.0,0.0,56.0,1.0,1.0,58.0,0.0,0.0,0.0,0.0
2026,Apr,GOA,south_goa,158600300003,,0,0,0,0,0.0,0.0,0.0,True,True,data/raw\2026-04\south_goa\158600300003_158600300003___bernardete_gonsalves_48_fps.json,0.0,0.0,0.0,0.0,0.0,0.0,0.0,0.0,0.0,0.0,0.0,0.0,0.0,0.0,0.0,0.0
2026,Apr,GOA,south_goa,158600300003,BERNARDETE GONSALVES-48 FPS,0,0,0,0,0.0,0.0,0.0,True,True,data/raw\2026-04\south_goa\158600300003_bernardete_gonsalves_48_fps.json,207.0,0.0,31.0,238.0,0.0,0.0,8.0,8.0,207.0,0.0,31.0,238.0,0.0,0.0,8.0,8.0
2026,Apr,GOA,south_goa,158600300004,,0,0,0,0,0.0,0.0,0.0,True,True,data/raw\2026-04\south_goa\158600300004_158600300004___santano_gama_34_fps.json,0.0,0.0,0.0,0.0,0.0,0.0,0.0,0.0,0.0,0.0,0.0,0.0,0.0,0.0,0.0,0.0
2026,Apr,GOA,south_goa,158600300004,SANTANO GAMA-34 FPS,0,0,0,0,0.0,0.0,0.0,True,True,data/raw\2026-04\south_goa\158600300004_santano_gama_34_fps.json,179.0,1.0,4.0,184.0,0.0,0.0,0.0,0.0,179.0,1.0,4.0,184.0,0.0,0.0,0.0,0.0
2026,Apr,GOA,south_goa,158600300005,,0,0,0,0,0.0,0.0,0.0,True,True,data/raw\2026-04\south_goa\158600300005_158600300005___jivraj_t_savardekar_31_fps.json,0.0,0.0,0.0,0.0,0.0,0.0,0.0,0.0,0.0,0.0,0.0,0.0,0.0,0.0,0.0,0.0
2026,Apr,GOA,south_goa,158600300005,JIVRAJ T SAVARDEKAR-31 FPS,0,0,0,0,0.0,0.0,0.0,True,True,data/raw\2026-04\south_goa\158600300005_jivraj_t_savardekar_31_fps.json,81.0,0.0,0.0,81.0,0.0,0.0,0.0,0.0,81.0,0.0,0.0,81.0,0.0,0.0,0.0,0.0
2026,Apr,GOA,south_goa,158600300006,,0,0,0,0,0.0,0.0,0.0,True,True,data/raw\2026-04\south_goa\158600300006_158600300006___julia_dias_25_fps.json,0.0,0.0,0.0,0.0,0.0,0.0,0.0,0.0,0.0,0.0,0.0,0.0,0.0,0.0,0.0,0.0
2026,Apr,GOA,south_goa,158600300006,JULIA DIAS-25 FPS,0,0,0,0,0.0,0.0,0.0,True,True,data/raw\2026-04\south_goa\158600300006_julia_dias_25_fps.json,65.0,0.0,0.0,65.0,0.0,0.0,0.0,0.0,65.0,0.0,0.0,65.0,0.0,0.0,0.0,0.0
2026,Apr,GOA,south_goa,158600300007,,0,0,0,0,0.0,0.0,0.0,True,True,data/raw\2026-04\south_goa\158600300007_158600300007___sancoale_chicalim_service_co_operative_society_ltd_17_fps.json,0.0,0.0,0.0,0.0,0.0,0.0,0.0,0.0,0.0,0.0,0.0,0.0,0.0,0.0,0.0,0.0
2026,Apr,GOA,south_goa,158600300007,SANCOALE CHICALIM SERVICE CO OPERATIVE SOCIETY LTD-17 FPS,0,0,0,0,0.0,0.0,0.0,True,True,data/raw\2026-04\south_goa\158600300007_sancoale_chicalim_service_co_operative_society_ltd_17_fps.json,227.0,0.0,0.0,227.0,0.0,0.0,0.0,0.0,227.0,0.0,0.0,227.0,0.0,0.0,0.0,0.0
2026,Apr,GOA,south_goa,158600300008,,0,0,0,0,0.0,0.0,0.0,True,True,data/raw\2026-04\south_goa\158600300008_158600300008___cansaulim_arossim_cuelim_service_co_op_sty_16_fps.json,0.0,0.0,0.0,0.0,0.0,0.0,0.0,0.0,0.0,0.0,0.0,0.0,0.0,0.0,0.0,0.0
2026,Apr,GOA,south_goa,158600300008,"CANSAULIM,AROSSIM,CUELIM SERVICE CO OP STY-16 FPS",0,0,0,0,0.0,0.0,0.0,True,True,data/raw\2026-04\south_goa\158600300008_cansaulim_arossim_cuelim_service_co_op_sty_16_fps.json,175.0,0.0,4.0,179.0,0.0,0.0,4.0,4.0,175.0,0.0,4.0,179.0,0.0,0.0,4.0,4.0
2026,Apr,GOA,south_goa,158600300009,,0,0,0,0,0.0,0.0,0.0,True,True,data/raw\2026-04\south_goa\158600300009_158600300009___sampada_m_p_desai_55_fps.json,0.0,0.0,0.0,0.0,0.0,0.0,0.0,0.0,0.0,0.0,0.0,0.0,0.0,0.0,0.0,0.0
2026,Apr,GOA,south_goa,158600300009,SAMPADA M P DESAI-55 FPS,0,0,0,0,0.0,0.0,0.0,True,True,data/raw\2026-04\south_goa\158600300009_sampada_m_p_desai_55_fps.json,0.0,16.0,2.0,18.0,0.0,0.0,0.0,0.0,0.0,16.0,2.0,18.0,0.0,0.0,0.0,0.0
2026,Apr,GOA,south_goa,158600300010,,0,0,0,0,0.0,0.0,0.0,True,True,data/raw\2026-04\south_goa\158600300010_158600300010___sagar_vengurlekar_54_fps.json,0.0,0.0,0.0,0.0,0.0,0.0,0.0,0.0,0.0,0.0,0.0,0.0,0.0,0.0,0.0,0.0
2026,Apr,GOA,south_goa,158600300010,SAGAR VENGURLEKAR-54 FPS,0,0,0,0,0.0,0.0,0.0,True,True,data/raw\2026-04\south_goa\158600300010_sagar_vengurlekar_54_fps.json,58.0,0.0,6.0,64.0,0.0,0.0,2.0,2.0,58.0,0.0,6.0,64.0,0.0,0.0,2.0,2.0
2026,Apr,GOA,south_goa,158600300011,,0,0,0,0,0.0,0.0,0.0,True,True,data/raw\2026-04\south_goa\158600300011_158600300011___roshan_v_chari_53_fps.json,0.0,0.0,0.0,0.0,0.0,0.0,0.0,0.0,0.0,0.0,0.0,0.0,0.0,0.0,0.0,0.0
2026,Apr,GOA,south_goa,158600300011,ROSHAN V CHARI-53 FPS,0,0,0,0,0.0,0.0,0.0,True,True,data/raw\2026-04\south_goa\158600300011_roshan_v_chari_53_fps.json,41.0,0.0,0.0,41.0,0.0,0.0,0.0,0.0,41.0,0.0,0.0,41.0,0.0,0.0,0.0,0.0
2026,Apr,GOA,south_goa,158600300012,,0,0,0,0,0.0,0.0,0.0,True,True,data/raw\2026-04\south_goa\158600300012_158600300012___chandrashekhar_pednekar_50_fps.json,0.0,0.0,0.0,0.0,0.0,0.0,0.0,0.0,0.0,0.0,0.0,0.0,0.0,0.0,0.0,0.0
2026,Apr,GOA,south_goa,158600300012,CHANDRASHEKHAR PEDNEKAR-50 FPS,0,0,0,0,0.0,0.0,0.0,True,True,data/raw\2026-04\south_goa\158600300012_chandrashekhar_pednekar_50_fps.json,72.0,22.0,22.0,116.0,0.0,0.0,1.0,1.0,72.0,22.0,22.0,116.0,0.0,0.0,1.0,1.0
2026,Apr,GOA,south_goa,158600300013,,0,0,0,0,0.0,0.0,0.0,True,True,data/raw\2026-04\south_goa\158600300013_158600300013___vinayak_devshekar_47_fps.json,0.0,0.0,0.0,0.0,0.0,0.0,0.0,0.0,0.0,0.0,0.0,0.0,0.0,0.0,0.0,0.0
2026,Apr,GOA,south_goa,158600300013,VINAYAK DEVSHEKAR-47 FPS,0,0,0,0,0.0,0.0,0.0,True,True,data/raw\2026-04\south_goa\158600300013_vinayak_devshekar_47_fps.json,75.0,61.0,37.0,173.0,0.0,0.0,7.0,7.0,75.0,61.0,37.0,173.0,0.0,0.0,7.0,7.0
2026,Apr,GOA,south_goa,158600300014,,0,0,0,0,0.0,0.0,0.0,True,True,data/raw\2026-04\south_goa\158600300014_158600300014___prakash_v__naik_46_fps.json,0.0,0.0,0.0,0.0,0.0,0.0,0.0,0.0,0.0,0.0,0.0,0.0,0.0,0.0,0.0,0.0
2026,Apr,GOA,south_goa,158600300014,PRAKASH V. NAIK-46 FPS,0,0,0,0,0.0,0.0,0.0,True,True,data/raw\2026-04\south_goa\158600300014_prakash_v__naik_46_fps.json,4.0,45.0,0.0,49.0,0.0,0.0,0.0,0.0,4.0,45.0,0.0,49.0,0.0,0.0,0.0,0.0
2026,Apr,GOA,south_goa,158600300015,,0,0,0,0,0.0,0.0,0.0,True,True,data/raw\2026-04\south_goa\158600300015_158600300015___devendra_v_shetye_42_fps.json,0.0,0.0,0.0,0.0,0.0,0.0,0.0,0.0,0.0,0.0,0.0,0.0,0.0,0.0,0.0,0.0
2026,Apr,GOA,south_goa,158600300015,DEVENDRA V SHETYE-42 FPS,0,0,0,0,0.0,0.0,0.0,True,True,data/raw\2026-04\south_goa\158600300015_devendra_v_shetye_42_fps.json,62.0,0.0,2.0,64.0,0.0,0.0,0.0,0.0,62.0,0.0,2.0,64.0,0.0,0.0,0.0,0.0
2026,Apr,GOA,south_goa,158600300017,,0,0,0,0,0.0,0.0,0.0,True,True,data/raw\2026-04\south_goa\158600300017_158600300017___sujata_u_shetgaonkar_36_fps.json,0.0,0.0,0.0,0.0,0.0,0.0,0.0,0.0,0.0,0.0,0.0,0.0,0.0,0.0,0.0,0.0
2026,Apr,GOA,south_goa,158600300017,SUJATA U SHETGAONKAR-36 FPS,0,0,0,0,0.0,0.0,0.0,True,True,data/raw\2026-04\south_goa\158600300017_sujata_u_shetgaonkar_36_fps.json,152.0,9.0,32.0,193.0,0.0,0.0,8.0,8.0,152.0,9.0,32.0,193.0,0.0,0.0,8.0,8.0
2026,Apr,GOA,south_goa,158600300018,,0,0,0,0,0.0,0.0,0.0,True,True,data/raw\2026-04\south_goa\158600300018_158600300018___mrs_rohini_r_ghonsekar_33_fps.json,0.0,0.0,0.0,0.0,0.0,0.0,0.0,0.0,0.0,0.0,0.0,0.0,0.0,0.0,0.0,0.0
2026,Apr,GOA,south_goa,158600300018,MRS.ROHINI R GHONSEKAR-33 FPS,0,0,0,0,0.0,0.0,0.0,True,True,data/raw\2026-04\south_goa\158600300018_mrs_rohini_r_ghonsekar_33_fps.json,56.0,32.0,0.0,88.0,0.0,0.0,0.0,0.0,56.0,32.0,0.0,88.0,0.0,0.0,0.0,0.0
2026,Apr,GOA,south_goa,158600300019,,0,0,0,0,0.0,0.0,0.0,True,True,data/raw\2026-04\south_goa\158600300019_158600300019___ramesh_u_redkar_29_fps.json,0.0,0.0,0.0,0.0,0.0,0.0,0.0,0.0,0.0,0.0,0.0,0.0,0.0,0.0,0.0,0.0
2026,Apr,GOA,south_goa,158600300019,RAMESH U REDKAR-29 FPS,0,0,0,0,0.0,0.0,0.0,True,True,data/raw\2026-04\south_goa\158600300019_ramesh_u_redkar_29_fps.json,85.0,0.0,6.0,91.0,0.0,0.0,1.0,1.0,85.0,0.0,6.0,91.0,0.0,0.0,1.0,1.0
2026,Apr,GOA,south_goa,158600300020,,0,0,0,0,0.0,0.0,0.0,True,True,data/raw\2026-04\south_goa\158600300020_158600300020___ramesh_s_mandrekar_28_fps.json,0.0,0.0,0.0,0.0,0.0,0.0,0.0,0.0,0.0,0.0,0.0,0.0,0.0,0.0,0.0,0.0
2026,Apr,GOA,south_goa,158600300020,RAMESH S MANDREKAR-28 FPS,0,0,0,0,0.0,0.0,0.0,True,True,data/raw\2026-04\south_goa\158600300020_ramesh_s_mandrekar_28_fps.json,15.0,0.0,1.0,16.0,0.0,0.0,0.0,0.0,15.0,0.0,1.0,16.0,0.0,0.0,0.0,0.0
2026,Apr,GOA,south_goa,158600300021,,0,0,0,0,0.0,0.0,0.0,True,True,data/raw\2026-04\south_goa\158600300021_158600300021___madhukar_naik_24_fps.json,0.0,0.0,0.0,0.0,0.0,0.0,0.0,0.0,0.0,0.0,0.0,0.0,0.0,0.0,0.0,0.0
2026,Apr,GOA,south_goa,158600300021,MADHUKAR NAIK-24 FPS,0,0,0,0,0.0,0.0,0.0,True,True,data/raw\2026-04\south_goa\158600300021_madhukar_naik_24_fps.json,208.0,6.0,25.0,239.0,0.0,0.0,0.0,0.0,208.0,6.0,25.0,239.0,0.0,0.0,0.0,0.0
2026,Apr,GOA,south_goa,158600300022,,0,0,0,0,0.0,0.0,0.0,True,True,data/raw\2026-04\south_goa\158600300022_158600300022___kishor_c_n_pednekar_23_fps.json,0.0,0.0,0.0,0.0,0.0,0.0,0.0,0.0,0.0,0.0,0.0,0.0,0.0,0.0,0.0,0.0
2026,Apr,GOA,south_goa,158600300022,KISHOR C N PEDNEKAR-23 FPS,0,0,0,0,0.0,0.0,0.0,True,True,data/raw\2026-04\south_goa\158600300022_kishor_c_n_pednekar_23_fps.json,127.0,7.0,79.0,213.0,0.0,0.0,11.0,11.0,127.0,7.0,79.0,213.0,0.0,0.0,11.0,11.0
2026,Apr,GOA,south_goa,158600300023,,0,0,0,0,0.0,0.0,0.0,True,True,data/raw\2026-04\south_goa\158600300023_158600300023___mrs_sakshi_s_manjrekar_20_fps.json,0.0,0.0,0.0,0.0,0.0,0.0,0.0,0.0,0.0,0.0,0.0,0.0,0.0,0.0,0.0,0.0
2026,Apr,GOA,south_goa,158600300023,MRS SAKSHI S MANJREKAR-20 FPS,0,0,0,0,0.0,0.0,0.0,True,True,data/raw\2026-04\south_goa\158600300023_mrs_sakshi_s_manjrekar_20_fps.json,32.0,3.0,11.0,46.0,0.0,0.0,4.0,4.0,32.0,3.0,11.0,46.0,0.0,0.0,4.0,4.0
2026,Apr,GOA,south_goa,158600300025,,0,0,0,0,0.0,0.0,0.0,True,True,data/raw\2026-04\south_goa\158600300025_158600300025___the_mormugao_waterfront_workers_consumers_co_op_sty_ltd_8_fps.json,0.0,0.0,0.0,0.0,0.0,0.0,0.0,0.0,0.0,0.0,0.0,0.0,0.0,0.0,0.0,0.0
2026,Apr,GOA,south_goa,158600300025,THE MORMUGAO WATERFRONT WORKERS CONSUMERS CO OP STY LTD-8 FPS,0,0,0,0,0.0,0.0,0.0,True,True,data/raw\2026-04\south_goa\158600300025_the_mormugao_waterfront_workers_consumers_co_op_sty_ltd_8_fps.json,134.0,8.0,30.0,172.0,1.0,1.0,4.0,6.0,134.0,8.0,30.0,172.0,1.0,1.0,4.0,6.0
2026,Apr,GOA,south_goa,158600300026,,0,0,0,0,0.0,0.0,0.0,True,True,data/raw\2026-04\south_goa\158600300026_158600300026___p_d_mello_a_g_l_cons_co_op_society_ltd_4_fps.json,0.0,0.0,0.0,0.0,0.0,0.0,0.0,0.0,0.0,0.0,0.0,0.0,0.0,0.0,0.0,0.0
2026,Apr,GOA,south_goa,158600300026,P.D.MELLO A G L CONS CO OP SOCIETY LTD-4 FPS,0,0,0,0,0.0,0.0,0.0,True,True,data/raw\2026-04\south_goa\158600300026_p_d_mello_a_g_l_cons_co_op_society_ltd_4_fps.json,92.0,7.0,0.0,99.0,0.0,0.0,0.0,0.0,92.0,7.0,0.0,99.0,0.0,0.0,0.0,0.0
2026,Apr,GOA,south_goa,158600300027,,0,0,0,0,0.0,0.0,0.0,True,True,data/raw\2026-04\south_goa\158600300027_158600300027___the_mormugao_waterfront_consumers_co_op_sty_ltd_3_fps.json,0.0,0.0,0.0,0.0,0.0,0.0,0.0,0.0,0.0,0.0,0.0,0.0,0.0,0.0,0.0,0.0
2026,Apr,GOA,south_goa,158600300027,THE MORMUGAO WATERFRONT CONSUMERS CO OP STY LTD-3 FPS,0,0,0,0,0.0,0.0,0.0,True,True,data/raw\2026-04\south_goa\158600300027_the_mormugao_waterfront_consumers_co_op_sty_ltd_3_fps.json,64.0,3.0,0.0,67.0,0.0,0.0,0.0,0.0,64.0,3.0,0.0,67.0,0.0,0.0,0.0,0.0
2026,Apr,GOA,south_goa,158600300028,,0,0,0,0,0.0,0.0,0.0,True,True,data/raw\2026-04\south_goa\158600300028_158600300028___the_mormugao_waterfront_workers_cons_co_op_sty_ltd_2_fps.json,0.0,0.0,0.0,0.0,0.0,0.0,0.0,0.0,0.0,0.0,0.0,0.0,0.0,0.0,0.0,0.0
2026,Apr,GOA,south_goa,158600300028,THE MORMUGAO WATERFRONT WORKERS CONS CO OP STY LTD-2 FPS,0,0,0,0,0.0,0.0,0.0,True,True,data/raw\2026-04\south_goa\158600300028_the_mormugao_waterfront_workers_cons_co_op_sty_ltd_2_fps.json,118.0,5.0,0.0,123.0,8.0,0.0,0.0,8.0,117.0,5.0,0.0,122.0,8.0,0.0,0.0,8.0
2026,Apr,GOA,south_goa,158600300148,,0,0,0,0,0.0,0.0,0.0,True,True,data/raw\2026-04\south_goa\158600300148_158600300148___mes_empl_c_c_sty_5_fps.json,0.0,0.0,0.0,0.0,0.0,0.0,0.0,0.0,0.0,0.0,0.0,0.0,0.0,0.0,0.0,0.0
2026,Apr,GOA,south_goa,158600300148,MES EMPL.C.C.STY-5 FPS,0,0,0,0,0.0,0.0,0.0,True,True,data/raw\2026-04\south_goa\158600300148_mes_empl_c_c_sty_5_fps.json,3.0,19.0,0.0,22.0,0.0,0.0,0.0,0.0,3.0,19.0,0.0,22.0,0.0,0.0,0.0,0.0
2026,Apr,GOA,south_goa,158600300149,,0,0,0,0,0.0,0.0,0.0,True,True,data/raw\2026-04\south_goa\158600300149_158600300149___goa_shipyard_emp_c_sty_6_fps.json,0.0,0.0,0.0,0.0,0.0,0.0,0.0,0.0,0.0,0.0,0.0,0.0,0.0,0.0,0.0,0.0
2026,Apr,GOA,south_goa,158600300149,GOA SHIPYARD EMP C STY-6 FPS,0,0,0,0,0.0,0.0,0.0,True,True,data/raw\2026-04\south_goa\158600300149_goa_shipyard_emp_c_sty_6_fps.json,77.0,3.0,0.0,80.0,0.0,0.0,0.0,0.0,77.0,3.0,0.0,80.0,0.0,0.0,0.0,0.0
2026,Apr,GOA,south_goa,158600300150,,0,0,0,0,0.0,0.0,0.0,True,True,data/raw\2026-04\south_goa\158600300150_158600300150___chowgule_staff_c_c_sty_10_fps.json,0.0,0.0,0.0,0.0,0.0,0.0,0.0,0.0,0.0,0.0,0.0,0.0,0.0,0.0,0.0,0.0
2026,Apr,GOA,south_goa,158600300150,CHOWGULE STAFF C C STY-10 FPS,0,0,0,0,0.0,0.0,0.0,True,True,data/raw\2026-04\south_goa\158600300150_chowgule_staff_c_c_sty_10_fps.json,65.0,9.0,17.0,91.0,0.0,0.0,3.0,3.0,65.0,9.0,17.0,91.0,0.0,0.0,3.0,3.0
2026,Apr,GOA,south_goa,158600300151,,0,0,0,0,0.0,0.0,0.0,True,True,data/raw\2026-04\south_goa\158600300151_158600300151___m_m_shetgaonkar_11_fps.json,0.0,0.0,0.0,0.0,0.0,0.0,0.0,0.0,0.0,0.0,0.0,0.0,0.0,0.0,0.0,0.0
2026,Apr,GOA,south_goa,158600300151,M M SHETGAONKAR-11 FPS,0,0,0,0,0.0,0.0,0.0,True,True,data/raw\2026-04\south_goa\158600300151_m_m_shetgaonkar_11_fps.json,163.0,2.0,1.0,166.0,5.0,0.0,0.0,5.0,163.0,2.0,1.0,166.0,5.0,0.0,0.0,5.0
2026,Apr,GOA,south_goa,158600300152,,0,0,0,0,0.0,0.0,0.0,True,True,data/raw\2026-04\south_goa\158600300152_158600300152___velsao_pale_s_c_sty_15_fps.json,0.0,0.0,0.0,0.0,0.0,0.0,0.0,0.0,0.0,0.0,0.0,0.0,0.0,0.0,0.0,0.0
2026,Apr,GOA,south_goa,158600300152,VELSAO PALE S C STY-15 FPS,0,0,0,0,0.0,0.0,0.0,True,True,data/raw\2026-04\south_goa\158600300152_velsao_pale_s_c_sty_15_fps.json,143.0,1.0,5.0,149.0,1.0,0.0,1.0,2.0,143.0,1.0,5.0,149.0,1.0,0.0,1.0,2.0
2026,Apr,GOA,south_goa,158600300153,,0,0,0,0,0.0,0.0,0.0,True,True,data/raw\2026-04\south_goa\158600300153_158600300153___rama_anant_honawarkar_19_fps.json,0.0,0.0,0.0,0.0,0.0,0.0,0.0,0.0,0.0,0.0,0.0,0.0,0.0,0.0,0.0,0.0
2026,Apr,GOA,south_goa,158600300153,Rama Anant Honawarkar-19 FPS,0,0,0,0,0.0,0.0,0.0,True,True,data/raw\2026-04\south_goa\158600300153_rama_anant_honawarkar_19_fps.json,90.0,1.0,0.0,91.0,0.0,0.0,0.0,0.0,90.0,1.0,0.0,91.0,0.0,0.0,0.0,0.0
2026,Apr,GOA,south_goa,158600300154,,0,0,0,0,0.0,0.0,0.0,True,True,data/raw\2026-04\south_goa\158600300154_158600300154___chowgule_staff_c_c_sty_21_fps.json,0.0,0.0,0.0,0.0,0.0,0.0,0.0,0.0,0.0,0.0,0.0,0.0,0.0,0.0,0.0,0.0
2026,Apr,GOA,south_goa,158600300154,CHOWGULE STAFF C C STY-21 FPS,0,0,0,0,0.0,0.0,0.0,True,True,data/raw\2026-04\south_goa\158600300154_chowgule_staff_c_c_sty_21_fps.json,33.0,3.0,0.0,36.0,0.0,0.0,0.0,0.0,33.0,3.0,0.0,36.0,0.0,0.0,0.0,0.0
2026,Apr,GOA,south_goa,158600300155,,0,0,0,0,0.0,0.0,0.0,True,True,data/raw\2026-04\south_goa\158600300155_158600300155___stanley_da_silva_22_fps.json,0.0,0.0,0.0,0.0,0.0,0.0,0.0,0.0,0.0,0.0,0.0,0.0,0.0,0.0,0.0,0.0
2026,Apr,GOA,south_goa,158600300155,STANLEY DA SILVA-22 FPS,0,0,0,0,0.0,0.0,0.0,True,True,data/raw\2026-04\south_goa\158600300155_stanley_da_silva_22_fps.json,217.0,0.0,0.0,217.0,2.0,0.0,0.0,2.0,217.0,0.0,0.0,217.0,2.0,0.0,0.0,2.0
2026,Apr,GOA,south_goa,158600300156,,0,0,0,0,0.0,0.0,0.0,True,True,data/raw\2026-04\south_goa\158600300156_158600300156___suresh_a__dessai_30_fps.json,0.0,0.0,0.0,0.0,0.0,0.0,0.0,0.0,0.0,0.0,0.0,0.0,0.0,0.0,0.0,0.0
2026,Apr,GOA,south_goa,158600300156,SURESH A. DESSAI-30 FPS,0,0,0,0,0.0,0.0,0.0,True,True,data/raw\2026-04\south_goa\158600300156_suresh_a__dessai_30_fps.json,32.0,0.0,0.0,32.0,0.0,0.0,0.0,0.0,32.0,0.0,0.0,32.0,0.0,0.0,0.0,0.0
2026,Apr,GOA,south_goa,158600300157,,0,0,0,0,0.0,0.0,0.0,True,True,data/raw\2026-04\south_goa\158600300157_158600300157___gandhi_henriques_35_fps.json,0.0,0.0,0.0,0.0,0.0,0.0,0.0,0.0,0.0,0.0,0.0,0.0,0.0,0.0,0.0,0.0
2026,Apr,GOA,south_goa,158600300157,GANDHI HENRIQUES-35 FPS,0,0,0,0,0.0,0.0,0.0,True,True,data/raw\2026-04\south_goa\158600300157_gandhi_henriques_35_fps.json,11.0,39.0,0.0,50.0,0.0,0.0,0.0,0.0,11.0,39.0,0.0,50.0,0.0,0.0,0.0,0.0
2026,Apr,GOA,south_goa,158600300160,,0,0,0,0,0.0,0.0,0.0,True,True,data/raw\2026-04\south_goa\158600300160_158600300160___vilasini_a_shirodkar_43_fps.json,0.0,0.0,0.0,0.0,0.0,0.0,0.0,0.0,0.0,0.0,0.0,0.0,0.0,0.0,0.0,0.0
2026,Apr,GOA,south_goa,158600300160,VILASINI A SHIRODKAR-43 FPS,0,0,0,0,0.0,0.0,0.0,True,True,data/raw\2026-04\south_goa\158600300160_vilasini_a_shirodkar_43_fps.json,57.0,36.0,32.0,125.0,0.0,0.0,5.0,5.0,57.0,36.0,32.0,125.0,0.0,0.0,5.0,5.0
2026,Apr,GOA,south_goa,158600300162,,0,0,0,0,0.0,0.0,0.0,True,True,data/raw\2026-04\south_goa\158600300162_158600300162___sandeep_t_manjrekar_52_fps.json,0.0,0.0,0.0,0.0,0.0,0.0,0.0,0.0,0.0,0.0,0.0,0.0,0.0,0.0,0.0,0.0
2026,Apr,GOA,south_goa,158600300162,SANDEEP T MANJREKAR-52 FPS,0,0,0,0,0.0,0.0,0.0,True,True,data/raw\2026-04\south_goa\158600300162_sandeep_t_manjrekar_52_fps.json,188.0,31.0,71.0,290.0,0.0,0.0,4.0,4.0,188.0,31.0,71.0,290.0,0.0,0.0,4.0,4.0
2026,Apr,GOA,south_goa,158600300164,,0,0,0,0,0.0,0.0,0.0,True,True,data/raw\2026-04\south_goa\158600300164_158600300164___shalini_lucas_56_fps.json,0.0,0.0,0.0,0.0,0.0,0.0,0.0,0.0,0.0,0.0,0.0,0.0,0.0,0.0,0.0,0.0
2026,Apr,GOA,south_goa,158600300164,SHALINI LUCAS-56 FPS,0,0,0,0,0.0,0.0,0.0,True,True,data/raw\2026-04\south_goa\158600300164_shalini_lucas_56_fps.json,24.0,22.0,1.0,47.0,0.0,0.0,0.0,0.0,24.0,22.0,1.0,47.0,0.0,0.0,0.0,0.0
2026,Apr,GOA,south_goa,158600300165,,0,0,0,0,0.0,0.0,0.0,True,True,data/raw\2026-04\south_goa\158600300165_158600300165___savita_g_honawarkar_26_fps.json,0.0,0.0,0.0,0.0,0.0,0.0,0.0,0.0,0.0,0.0,0.0,0.0,0.0,0.0,0.0,0.0
2026,Apr,GOA,south_goa,158600300165,SAVITA G HONAWARKAR-26 FPS,0,0,0,0,0.0,0.0,0.0,True,True,data/raw\2026-04\south_goa\158600300165_savita_g_honawarkar_26_fps.json,302.0,7.0,47.0,356.0,0.0,0.0,6.0,6.0,302.0,7.0,47.0,356.0,0.0,0.0,6.0,6.0
2026,Apr,GOA,south_goa,158600300166,,0,0,0,0,0.0,0.0,0.0,True,True,data/raw\2026-04\south_goa\158600300166_158600300166___swarali_purshottam_honawarkar__37_fps.json,0.0,0.0,0.0,0.0,0.0,0.0,0.0,0.0,0.0,0.0,0.0,0.0,0.0,0.0,0.0,0.0
2026,Apr,GOA,south_goa,158600300166,Swarali Purshottam Honawarkar -37 FPS,0,0,0,0,0.0,0.0,0.0,True,True,data/raw\2026-04\south_goa\158600300166_swarali_purshottam_honawarkar__37_fps.json,270.0,1.0,66.0,337.0,0.0,0.0,9.0,9.0,270.0,1.0,66.0,337.0,0.0,0.0,9.0,9.0
2026,Apr,GOA,south_goa,158600300167,,0,0,0,0,0.0,0.0,0.0,True,True,data/raw\2026-04\south_goa\158600300167_158600300167___ramakant_b_sattarker_45_fps.json,0.0,0.0,0.0,0.0,0.0,0.0,0.0,0.0,0.0,0.0,0.0,0.0,0.0,0.0,0.0,0.0
2026,Apr,GOA,south_goa,158600300167,RAMAKANT B SATTARKER-45 FPS,0,0,0,0,0.0,0.0,0.0,True,True,data/raw\2026-04\south_goa\158600300167_ramakant_b_sattarker_45_fps.json,324.0,3.0,84.0,411.0,0.0,0.0,11.0,11.0,324.0,3.0,84.0,411.0,0.0,0.0,11.0,11.0
2026,Apr,GOA,south_goa,158600500001,,0,0,0,0,0.0,0.0,0.0,True,True,data/raw\2026-04\south_goa\158600500001_158600500001___kum_sushma_p_raikar_89_fps.json,0.0,0.0,0.0,0.0,0.0,0.0,0.0,0.0,0.0,0.0,0.0,0.0,0.0,0.0,0.0,0.0
2026,Apr,GOA,south_goa,158600500001,KUM SUSHMA P.RAIKAR-89 FPS,0,0,0,0,0.0,0.0,0.0,True,True,data/raw\2026-04\south_goa\158600500001_kum_sushma_p_raikar_89_fps.json,419.0,156.0,7.0,582.0,0.0,0.0,0.0,0.0,418.0,156.0,7.0,581.0,0.0,0.0,0.0,0.0
2026,Apr,GOA,south_goa,158600500002,,0,0,0,0,0.0,0.0,0.0,True,True,data/raw\2026-04\south_goa\158600500002_158600500002___conceicao_d_costa_87_fps.json,0.0,0.0,0.0,0.0,0.0,0.0,0.0,0.0,0.0,0.0,0.0,0.0,0.0,0.0,0.0,0.0
2026,Apr,GOA,south_goa,158600500002,CONCEICAO D COSTA-87 FPS,0,0,0,0,0.0,0.0,0.0,True,True,data/raw\2026-04\south_goa\158600500002_conceicao_d_costa_87_fps.json,65.0,1.0,0.0,66.0,0.0,0.0,0.0,0.0,65.0,1.0,0.0,66.0,0.0,0.0,0.0,0.0
2026,Apr,GOA,south_goa,158600500003,,0,0,0,0,0.0,0.0,0.0,True,True,data/raw\2026-04\south_goa\158600500003_158600500003___idalina_ratos_82_fps.json,0.0,0.0,0.0,0.0,0.0,0.0,0.0,0.0,0.0,0.0,0.0,0.0,0.0,0.0,0.0,0.0
2026,Apr,GOA,south_goa,158600500003,IDALINA RATOS-82 FPS,0,0,0,0,0.0,0.0,0.0,True,True,data/raw\2026-04\south_goa\158600500003_idalina_ratos_82_fps.json,21.0,71.0,0.0,92.0,0.0,0.0,0.0,0.0,21.0,71.0,0.0,92.0,0.0,0.0,0.0,0.0
2026,Apr,GOA,south_goa,158600500004,,0,0,0,0,0.0,0.0,0.0,True,True,data/raw\2026-04\south_goa\158600500004_158600500004___elizabeth_dias_80_fps.json,0.0,0.0,0.0,0.0,0.0,0.0,0.0,0.0,0.0,0.0,0.0,0.0,0.0,0.0,0.0,0.0
2026,Apr,GOA,south_goa,158600500004,ELIZABETH DIAS-80 FPS,0,0,0,0,0.0,0.0,0.0,True,True,data/raw\2026-04\south_goa\158600500004_elizabeth_dias_80_fps.json,117.0,3.0,0.0,120.0,0.0,0.0,0.0,0.0,117.0,3.0,0.0,120.0,0.0,0.0,0.0,0.0
2026,Apr,GOA,south_goa,158600500005,,0,0,0,0,0.0,0.0,0.0,True,True,data/raw\2026-04\south_goa\158600500005_158600500005___pradeep_dessai_79_fps.json,0.0,0.0,0.0,0.0,0.0,0.0,0.0,0.0,0.0,0.0,0.0,0.0,0.0,0.0,0.0,0.0
2026,Apr,GOA,south_goa,158600500005,PRADEEP DESSAI-79 FPS,0,0,0,0,0.0,0.0,0.0,True,True,data/raw\2026-04\south_goa\158600500005_pradeep_dessai_79_fps.json,115.0,43.0,5.0,163.0,0.0,1.0,0.0,1.0,115.0,43.0,5.0,163.0,0.0,1.0,0.0,1.0
2026,Apr,GOA,south_goa,158600500006,,0,0,0,0,0.0,0.0,0.0,True,True,data/raw\2026-04\south_goa\158600500006_158600500006___sushma_m__lotlikar_77_fps.json,0.0,0.0,0.0,0.0,0.0,0.0,0.0,0.0,0.0,0.0,0.0,0.0,0.0,0.0,0.0,0.0
2026,Apr,GOA,south_goa,158600500006,SUSHMA M. LOTLIKAR-77 FPS,0,0,0,0,0.0,0.0,0.0,True,True,data/raw\2026-04\south_goa\158600500006_sushma_m__lotlikar_77_fps.json,147.0,12.0,11.0,170.0,0.0,0.0,0.0,0.0,147.0,12.0,11.0,170.0,0.0,0.0,0.0,0.0
2026,Apr,GOA,south_goa,158600500008,,0,0,0,0,0.0,0.0,0.0,True,True,data/raw\2026-04\south_goa\158600500008_158600500008___mangala_p_verlekar_67_fps.json,0.0,0.0,0.0,0.0,0.0,0.0,0.0,0.0,0.0,0.0,0.0,0.0,0.0,0.0,0.0,0.0
2026,Apr,GOA,south_goa,158600500008,MANGALA P.VERLEKAR-67 FPS,0,0,0,0,0.0,0.0,0.0,True,True,data/raw\2026-04\south_goa\158600500008_mangala_p_verlekar_67_fps.json,23.0,27.0,0.0,50.0,0.0,0.0,0.0,0.0,23.0,27.0,0.0,50.0,0.0,0.0,0.0,0.0
2026,Apr,GOA,south_goa,158600500009,,0,0,0,0,0.0,0.0,0.0,True,True,data/raw\2026-04\south_goa\158600500009_158600500009___nagoa_verna_s_c__society_65_fps.json,0.0,0.0,0.0,0.0,0.0,0.0,0.0,0.0,0.0,0.0,0.0,0.0,0.0,0.0,0.0,0.0
2026,Apr,GOA,south_goa,158600500009,NAGOA VERNA S.C. SOCIETY-65 FPS,0,0,0,0,0.0,0.0,0.0,True,True,data/raw\2026-04\south_goa\158600500009_nagoa_verna_s_c__society_65_fps.json,317.0,1.0,0.0,318.0,0.0,0.0,0.0,0.0,317.0,1.0,0.0,318.0,0.0,0.0,0.0,0.0
2026,Apr,GOA,south_goa,158600500010,,0,0,0,0,0.0,0.0,0.0,True,True,data/raw\2026-04\south_goa\158600500010_158600500010___u_d_kamat_59_fps.json,0.0,0.0,0.0,0.0,0.0,0.0,0.0,0.0,0.0,0.0,0.0,0.0,0.0,0.0,0.0,0.0
2026,Apr,GOA,south_goa,158600500010,U D KAMAT-59 FPS,0,0,0,0,0.0,0.0,0.0,True,True,data/raw\2026-04\south_goa\158600500010_u_d_kamat_59_fps.json,402.0,11.0,0.0,413.0,0.0,0.0,0.0,0.0,402.0,11.0,0.0,413.0,0.0,0.0,0.0,0.0
2026,Apr,GOA,south_goa,158600500012,,0,0,0,0,0.0,0.0,0.0,True,True,data/raw\2026-04\south_goa\158600500012_158600500012___the_adarsh_multi_co_op_sty_50_fps.json,0.0,0.0,0.0,0.0,0.0,0.0,0.0,0.0,0.0,0.0,0.0,0.0,0.0,0.0,0.0,0.0
2026,Apr,GOA,south_goa,158600500012,THE ADARSH MULTI CO OP STY-50 FPS,0,0,0,0,0.0,0.0,0.0,True,True,data/raw\2026-04\south_goa\158600500012_the_adarsh_multi_co_op_sty_50_fps.json,839.0,24.0,115.0,978.0,2.0,0.0,0.0,2.0,839.0,24.0,115.0,978.0,2.0,0.0,0.0,2.0
2026,Apr,GOA,south_goa,158600500013,,0,0,0,0,0.0,0.0,0.0,True,True,data/raw\2026-04\south_goa\158600500013_158600500013___unifir_co_op__sty_49_fps.json,0.0,0.0,0.0,0.0,0.0,0.0,0.0,0.0,0.0,0.0,0.0,0.0,0.0,0.0,0.0,0.0
2026,Apr,GOA,south_goa,158600500013,UNIFIR CO-OP. STY-49 FPS,0,0,0,0,0.0,0.0,0.0,True,True,data/raw\2026-04\south_goa\158600500013_unifir_co_op__sty_49_fps.json,180.0,3.0,0.0,183.0,0.0,0.0,0.0,0.0,180.0,3.0,0.0,183.0,0.0,0.0,0.0,0.0
2026,Apr,GOA,south_goa,158600500014,,0,0,0,0,0.0,0.0,0.0,True,True,data/raw\2026-04\south_goa\158600500014_158600500014___unifir_cons__coop_sty__48_fps.json,0.0,0.0,0.0,0.0,0.0,0.0,0.0,0.0,0.0,0.0,0.0,0.0,0.0,0.0,0.0,0.0
2026,Apr,GOA,south_goa,158600500014,UNIFIR CONS. COOP STY.-48 FPS,0,0,0,0,0.0,0.0,0.0,True,True,data/raw\2026-04\south_goa\158600500014_unifir_cons__coop_sty__48_fps.json,203.0,0.0,7.0,210.0,0.0,0.0,1.0,1.0,203.0,0.0,7.0,210.0,0.0,0.0,1.0,1.0
2026,Apr,GOA,south_goa,158600500015,,0,0,0,0,0.0,0.0,0.0,True,True,data/raw\2026-04\south_goa\158600500015_158600500015___raia_rachol_service_coop_sty_ltd_46_fps.json,0.0,0.0,0.0,0.0,0.0,0.0,0.0,0.0,0.0,0.0,0.0,0.0,0.0,0.0,0.0,0.0
2026,Apr,GOA,south_goa,158600500015,RAIA RACHOL SERVICE COOP STY LTD-46 FPS,0,0,0,0,0.0,0.0,0.0,True,True,data/raw\2026-04\south_goa\158600500015_raia_rachol_service_coop_sty_ltd_46_fps.json,285.0,17.0,4.0,306.0,0.0,0.0,1.0,1.0,285.0,17.0,4.0,306.0,0.0,0.0,1.0,1.0
2026,Apr,GOA,south_goa,158600500016,,0,0,0,0,0.0,0.0,0.0,True,True,data/raw\2026-04\south_goa\158600500016_158600500016___raia_rachol_service_co_op_sty_ltd_45.json,0.0,0.0,0.0,0.0,0.0,0.0,0.0,0.0,0.0,0.0,0.0,0.0,0.0,0.0,0.0,0.0
2026,Apr,GOA,south_goa,158600500016,RAIA RACHOL SERVICE CO-OP STY LTD-45,0,0,0,0,0.0,0.0,0.0,True,True,data/raw\2026-04\south_goa\158600500016_raia_rachol_service_co_op_sty_ltd_45.json,397.0,22.0,0.0,419.0,0.0,0.0,0.0,0.0,397.0,22.0,0.0,419.0,0.0,0.0,0.0,0.0
2026,Apr,GOA,south_goa,158600500018,,0,0,0,0,0.0,0.0,0.0,True,True,data/raw\2026-04\south_goa\158600500018_158600500018___chandor_guir_service_sty_39_fps.json,0.0,0.0,0.0,0.0,0.0,0.0,0.0,0.0,0.0,0.0,0.0,0.0,0.0,0.0,0.0,0.0
2026,Apr,GOA,south_goa,158600500018,CHANDOR GUIR SERVICE STY-39 FPS,0,0,0,0,0.0,0.0,0.0,True,True,data/raw\2026-04\south_goa\158600500018_chandor_guir_service_sty_39_fps.json,460.0,0.0,0.0,460.0,1.0,0.0,0.0,1.0,460.0,0.0,0.0,460.0,1.0,0.0,0.0,1.0
2026,Apr,GOA,south_goa,158600500020,,0,0,0,0,0.0,0.0,0.0,True,True,data/raw\2026-04\south_goa\158600500020_158600500020___shrinath_p_kamath_37_fps.json,0.0,0.0,0.0,0.0,0.0,0.0,0.0,0.0,0.0,0.0,0.0,0.0,0.0,0.0,0.0,0.0
2026,Apr,GOA,south_goa,158600500020,SHRINATH P KAMATH-37 FPS,0,0,0,0,0.0,0.0,0.0,True,True,data/raw\2026-04\south_goa\158600500020_shrinath_p_kamath_37_fps.json,220.0,0.0,0.0,220.0,0.0,0.0,0.0,0.0,220.0,0.0,0.0,220.0,0.0,0.0,0.0,0.0
2026,Apr,GOA,south_goa,158600500021,,0,0,0,0,0.0,0.0,0.0,True,True,data/raw\2026-04\south_goa\158600500021_158600500021___rima_dattaprasad_vernekar__35_fps.json,0.0,0.0,0.0,0.0,0.0,0.0,0.0,0.0,0.0,0.0,0.0,0.0,0.0,0.0,0.0,0.0
2026,Apr,GOA,south_goa,158600500021,RIMA DATTAPRASAD VERNEKAR -35 FPS,0,0,0,0,0.0,0.0,0.0,True,True,data/raw\2026-04\south_goa\158600500021_rima_dattaprasad_vernekar__35_fps.json,13.0,16.0,0.0,29.0,0.0,0.0,0.0,0.0,13.0,16.0,0.0,29.0,0.0,0.0,0.0,0.0
2026,Apr,GOA,south_goa,158600500022,,0,0,0,0,0.0,0.0,0.0,True,True,data/raw\2026-04\south_goa\158600500022_158600500022___dattaprasad_n_vernekar_34_fps.json,0.0,0.0,0.0,0.0,0.0,0.0,0.0,0.0,0.0,0.0,0.0,0.0,0.0,0.0,0.0,0.0
2026,Apr,GOA,south_goa,158600500022,Dattaprasad N Vernekar-34 FPS,0,0,0,0,0.0,0.0,0.0,True,True,data/raw\2026-04\south_goa\158600500022_dattaprasad_n_vernekar_34_fps.json,34.0,30.0,0.0,64.0,0.0,0.0,0.0,0.0,34.0,30.0,0.0,64.0,0.0,0.0,0.0,0.0
2026,Apr,GOA,south_goa,158600500023,,0,0,0,0,0.0,0.0,0.0,True,True,data/raw\2026-04\south_goa\158600500023_158600500023___yeshwant_dessai_33_fps.json,0.0,0.0,0.0,0.0,0.0,0.0,0.0,0.0,0.0,0.0,0.0,0.0,0.0,0.0,0.0,0.0
2026,Apr,GOA,south_goa,158600500023,YESHWANT DESSAI-33 FPS,0,0,0,0,0.0,0.0,0.0,True,True,data/raw\2026-04\south_goa\158600500023_yeshwant_dessai_33_fps.json,29.0,62.0,15.0,106.0,0.0,0.0,2.0,2.0,29.0,62.0,15.0,106.0,0.0,0.0,2.0,2.0
2026,Apr,GOA,south_goa,158600500024,,0,0,0,0,0.0,0.0,0.0,True,True,data/raw\2026-04\south_goa\158600500024_158600500024___v_k_s_society_32_fps.json,0.0,0.0,0.0,0.0,0.0,0.0,0.0,0.0,0.0,0.0,0.0,0.0,0.0,0.0,0.0,0.0
2026,Apr,GOA,south_goa,158600500024,V K S SOCIETY-32 FPS,0,0,0,0,0.0,0.0,0.0,True,True,data/raw\2026-04\south_goa\158600500024_v_k_s_society_32_fps.json,395.0,4.0,1.0,400.0,1.0,0.0,0.0,1.0,395.0,4.0,1.0,400.0,1.0,0.0,0.0,1.0
2026,Apr,GOA,south_goa,158600500029,,0,0,0,0,0.0,0.0,0.0,True,True,data/raw\2026-04\south_goa\158600500029_158600500029___chinchinim_sarzora_vkss_society__26_fps.json,0.0,0.0,0.0,0.0,0.0,0.0,0.0,0.0,0.0,0.0,0.0,0.0,0.0,0.0,0.0,0.0
2026,Apr,GOA,south_goa,158600500029,CHINCHINIM SARZORA VKSS SOCIETY- 26 FPS,0,0,0,0,0.0,0.0,0.0,True,True,data/raw\2026-04\south_goa\158600500029_chinchinim_sarzora_vkss_society__26_fps.json,391.0,14.0,0.0,405.0,0.0,0.0,0.0,0.0,391.0,14.0,0.0,405.0,0.0,0.0,0.0,0.0
2026,Apr,GOA,south_goa,158600500030,,0,0,0,0,0.0,0.0,0.0,True,True,data/raw\2026-04\south_goa\158600500030_158600500030___dramapur_sirlim_co_op_society_25_fps.json,0.0,0.0,0.0,0.0,0.0,0.0,0.0,0.0,0.0,0.0,0.0,0.0,0.0,0.0,0.0,0.0
2026,Apr,GOA,south_goa,158600500030,DRAMAPUR SIRLIM CO-OP SOCIETY-25 FPS,0,0,0,0,0.0,0.0,0.0,True,True,data/raw\2026-04\south_goa\158600500030_dramapur_sirlim_co_op_society_25_fps.json,0.0,205.0,10.0,215.0,0.0,0.0,1.0,1.0,0.0,205.0,10.0,215.0,0.0,0.0,1.0,1.0
2026,Apr,GOA,south_goa,158600500031,,0,0,0,0,0.0,0.0,0.0,True,True,data/raw\2026-04\south_goa\158600500031_158600500031___navelim_telaulim_co_op_society_24_fps.json,0.0,0.0,0.0,0.0,0.0,0.0,0.0,0.0,0.0,0.0,0.0,0.0,0.0,0.0,0.0,0.0
2026,Apr,GOA,south_goa,158600500031,NAVELIM TELAULIM CO-OP SOCIETY-24 FPS,0,0,0,0,0.0,0.0,0.0,True,True,data/raw\2026-04\south_goa\158600500031_navelim_telaulim_co_op_society_24_fps.json,193.0,13.0,5.0,211.0,1.0,0.0,0.0,1.0,193.0,13.0,5.0,211.0,1.0,0.0,0.0,1.0
2026,Apr,GOA,south_goa,158600500032,,0,0,0,0,0.0,0.0,0.0,True,True,data/raw\2026-04\south_goa\158600500032_158600500032___navelim_telaulim_co_op_society_ltd_23_fps.json,0.0,0.0,0.0,0.0,0.0,0.0,0.0,0.0,0.0,0.0,0.0,0.0,0.0,0.0,0.0,0.0
2026,Apr,GOA,south_goa,158600500032,NAVELIM TELAULIM CO-OP SOCIETY LTD-23 FPS,0,0,0,0,0.0,0.0,0.0,True,True,data/raw\2026-04\south_goa\158600500032_navelim_telaulim_co_op_society_ltd_23_fps.json,617.0,32.0,27.0,676.0,0.0,0.0,4.0,4.0,617.0,32.0,27.0,676.0,0.0,0.0,4.0,4.0
2026,Apr,GOA,south_goa,158600500033,,0,0,0,0,0.0,0.0,0.0,True,True,data/raw\2026-04\south_goa\158600500033_158600500033___navelim_telaulim_co_op_society_22_fps.json,0.0,0.0,0.0,0.0,0.0,0.0,0.0,0.0,0.0,0.0,0.0,0.0,0.0,0.0,0.0,0.0
2026,Apr,GOA,south_goa,158600500033,NAVELIM TELAULIM CO-OP SOCIETY-22 FPS,0,0,0,0,0.0,0.0,0.0,True,True,data/raw\2026-04\south_goa\158600500033_navelim_telaulim_co_op_society_22_fps.json,145.0,79.0,45.0,269.0,0.0,0.0,7.0,7.0,145.0,79.0,45.0,269.0,0.0,0.0,7.0,7.0
2026,Apr,GOA,south_goa,158600500035,,0,0,0,0,0.0,0.0,0.0,True,True,data/raw\2026-04\south_goa\158600500035_158600500035___shoha_s_bhagat_11_fps.json,0.0,0.0,0.0,0.0,0.0,0.0,0.0,0.0,0.0,0.0,0.0,0.0,0.0,0.0,0.0,0.0
2026,Apr,GOA,south_goa,158600500035,SHOHA S BHAGAT-11 FPS,0,0,0,0,0.0,0.0,0.0,True,True,data/raw\2026-04\south_goa\158600500035_shoha_s_bhagat_11_fps.json,110.0,9.0,1.0,120.0,0.0,0.0,0.0,0.0,110.0,9.0,1.0,120.0,0.0,0.0,0.0,0.0
2026,Apr,GOA,south_goa,158600500037,,0,0,0,0,0.0,0.0,0.0,True,True,data/raw\2026-04\south_goa\158600500037_158600500037___adarsh_multi_co_op_society_ltd_margao_1_fps.json,0.0,0.0,0.0,0.0,0.0,0.0,0.0,0.0,0.0,0.0,0.0,0.0,0.0,0.0,0.0,0.0
2026,Apr,GOA,south_goa,158600500037,ADARSH MULTI CO-OP SOCIETY LTD MARGAO-1 FPS,0,0,0,0,0.0,0.0,0.0,True,True,data/raw\2026-04\south_goa\158600500037_adarsh_multi_co_op_society_ltd_margao_1_fps.json,352.0,3.0,21.0,376.0,0.0,0.0,1.0,1.0,352.0,3.0,21.0,376.0,0.0,0.0,1.0,1.0
2026,Apr,GOA,south_goa,158600500038,,0,0,0,0,0.0,0.0,0.0,True,True,data/raw\2026-04\south_goa\158600500038_158600500038___mrs_anupama_damodar_naik_90_fps.json,0.0,0.0,0.0,0.0,0.0,0.0,0.0,0.0,0.0,0.0,0.0,0.0,0.0,0.0,0.0,0.0
2026,Apr,GOA,south_goa,158600500038,MRS.ANUPAMA DAMODAR NAIK-90 FPS,0,0,0,0,0.0,0.0,0.0,True,True,data/raw\2026-04\south_goa\158600500038_mrs_anupama_damodar_naik_90_fps.json,314.0,12.0,31.0,357.0,0.0,0.0,1.0,1.0,314.0,12.0,31.0,357.0,0.0,0.0,1.0,1.0
2026,Apr,GOA,south_goa,158600500041,,0,0,0,0,0.0,0.0,0.0,True,True,data/raw\2026-04\south_goa\158600500041_158600500041___pritidas_prabhaker_lotliker_57_fps.json,0.0,0.0,0.0,0.0,0.0,0.0,0.0,0.0,0.0,0.0,0.0,0.0,0.0,0.0,0.0,0.0
2026,Apr,GOA,south_goa,158600500041,PRITIDAS PRABHAKER LOTLIKER-57 FPS,0,0,0,0,0.0,0.0,0.0,True,True,data/raw\2026-04\south_goa\158600500041_pritidas_prabhaker_lotliker_57_fps.json,59.0,62.0,0.0,121.0,0.0,0.0,0.0,0.0,59.0,62.0,0.0,121.0,0.0,0.0,0.0,0.0
2026,Apr,GOA,south_goa,158600500042,,0,0,0,0,0.0,0.0,0.0,True,True,data/raw\2026-04\south_goa\158600500042_158600500042___kamlabai_krishnanath_poi_kakode__55_fps.json,0.0,0.0,0.0,0.0,0.0,0.0,0.0,0.0,0.0,0.0,0.0,0.0,0.0,0.0,0.0,0.0
2026,Apr,GOA,south_goa,158600500042,Kamlabai Krishnanath Poi Kakode -55 FPS,0,0,0,0,0.0,0.0,0.0,True,True,data/raw\2026-04\south_goa\158600500042_kamlabai_krishnanath_poi_kakode__55_fps.json,33.0,56.0,64.0,153.0,1.0,1.0,4.0,6.0,33.0,56.0,64.0,153.0,1.0,1.0,4.0,6.0
2026,Apr,GOA,south_goa,158600500043,,0,0,0,0,0.0,0.0,0.0,True,True,data/raw\2026-04\south_goa\158600500043_158600500043___majorda_utorda_calata_v_k_s_sty_ltd_47_fps.json,0.0,0.0,0.0,0.0,0.0,0.0,0.0,0.0,0.0,0.0,0.0,0.0,0.0,0.0,0.0,0.0
2026,Apr,GOA,south_goa,158600500043,MAJORDA UTORDA CALATA V K S STY LTD-47 FPS,0,0,0,0,0.0,0.0,0.0,True,True,data/raw\2026-04\south_goa\158600500043_majorda_utorda_calata_v_k_s_sty_ltd_47_fps.json,405.0,12.0,46.0,463.0,0.0,0.0,5.0,5.0,405.0,12.0,46.0,463.0,0.0,0.0,5.0,5.0
2026,Apr,GOA,south_goa,158600500044,,0,0,0,0,0.0,0.0,0.0,True,True,data/raw\2026-04\south_goa\158600500044_158600500044___curtorim_service_co_op_sty_ltd_43_fps.json,0.0,0.0,0.0,0.0,0.0,0.0,0.0,0.0,0.0,0.0,0.0,0.0,0.0,0.0,0.0,0.0
2026,Apr,GOA,south_goa,158600500044,CURTORIM SERVICE CO OP STY LTD-43 FPS,0,0,0,0,0.0,0.0,0.0,True,True,data/raw\2026-04\south_goa\158600500044_curtorim_service_co_op_sty_ltd_43_fps.json,172.0,0.0,0.0,172.0,0.0,0.0,0.0,0.0,172.0,0.0,0.0,172.0,0.0,0.0,0.0,0.0
2026,Apr,GOA,south_goa,158600500045,,0,0,0,0,0.0,0.0,0.0,True,True,data/raw\2026-04\south_goa\158600500045_158600500045___curtorim_service_co_op_sty_ltd_42_fps.json,0.0,0.0,0.0,0.0,0.0,0.0,0.0,0.0,0.0,0.0,0.0,0.0,0.0,0.0,0.0,0.0
2026,Apr,GOA,south_goa,158600500045,CURTORIM SERVICE CO OP STY LTD-42 FPS,0,0,0,0,0.0,0.0,0.0,True,True,data/raw\2026-04\south_goa\158600500045_curtorim_service_co_op_sty_ltd_42_fps.json,97.0,0.0,0.0,97.0,0.0,0.0,0.0,0.0,96.0,0.0,0.0,96.0,0.0,0.0,0.0,0.0
2026,Apr,GOA,south_goa,158600500046,,0,0,0,0,0.0,0.0,0.0,True,True,data/raw\2026-04\south_goa\158600500046_158600500046___curtorim_service_co_op_sty_ltd_41_fps.json,0.0,0.0,0.0,0.0,0.0,0.0,0.0,0.0,0.0,0.0,0.0,0.0,0.0,0.0,0.0,0.0
2026,Apr,GOA,south_goa,158600500046,CURTORIM SERVICE CO OP STY LTD-41 FPS,0,0,0,0,0.0,0.0,0.0,True,True,data/raw\2026-04\south_goa\158600500046_curtorim_service_co_op_sty_ltd_41_fps.json,359.0,4.0,18.0,381.0,0.0,0.0,1.0,1.0,359.0,4.0,18.0,381.0,0.0,0.0,1.0,1.0
2026,Apr,GOA,south_goa,158600500047,,0,0,0,0,0.0,0.0,0.0,True,True,data/raw\2026-04\south_goa\158600500047_158600500047___davorlim_dicaupale_s_sty_40_fps.json,0.0,0.0,0.0,0.0,0.0,0.0,0.0,0.0,0.0,0.0,0.0,0.0,0.0,0.0,0.0,0.0
2026,Apr,GOA,south_goa,158600500047,DAVORLIM DICAUPALE S STY-40 FPS,0,0,0,0,0.0,0.0,0.0,True,True,data/raw\2026-04\south_goa\158600500047_davorlim_dicaupale_s_sty_40_fps.json,93.0,8.0,0.0,101.0,0.0,0.0,0.0,0.0,93.0,8.0,0.0,101.0,0.0,0.0,0.0,0.0
2026,Apr,GOA,south_goa,158600500049,,0,0,0,0,0.0,0.0,0.0,True,True,data/raw\2026-04\south_goa\158600500049_158600500049___supriya_alias_priya_lotlikar_21_fps.json,0.0,0.0,0.0,0.0,0.0,0.0,0.0,0.0,0.0,0.0,0.0,0.0,0.0,0.0,0.0,0.0
2026,Apr,GOA,south_goa,158600500049,Supriya alias Priya Lotlikar-21 FPS,0,0,0,0,0.0,0.0,0.0,True,True,data/raw\2026-04\south_goa\158600500049_supriya_alias_priya_lotlikar_21_fps.json,140.0,9.0,0.0,149.0,0.0,0.0,0.0,0.0,140.0,9.0,0.0,149.0,0.0,0.0,0.0,0.0
2026,Apr,GOA,south_goa,158600500050,,0,0,0,0,0.0,0.0,0.0,True,True,data/raw\2026-04\south_goa\158600500050_158600500050___a_marcos_dsilva_29_fps.json,0.0,0.0,0.0,0.0,0.0,0.0,0.0,0.0,0.0,0.0,0.0,0.0,0.0,0.0,0.0,0.0
2026,Apr,GOA,south_goa,158600500050,A MARCOS DSILVA-29 FPS,0,0,0,0,0.0,0.0,0.0,True,True,data/raw\2026-04\south_goa\158600500050_a_marcos_dsilva_29_fps.json,246.0,13.0,0.0,259.0,0.0,0.0,0.0,0.0,246.0,13.0,0.0,259.0,0.0,0.0,0.0,0.0
2026,Apr,GOA,south_goa,158600500051,,0,0,0,0,0.0,0.0,0.0,True,True,data/raw\2026-04\south_goa\158600500051_158600500051___margao_govt_employees_co_op_sty_4_fps.json,0.0,0.0,0.0,0.0,0.0,0.0,0.0,0.0,0.0,0.0,0.0,0.0,0.0,0.0,0.0,0.0
2026,Apr,GOA,south_goa,158600500051,MARGAO GOVT EMPLOYEES CO OP STY-4 FPS,0,0,0,0,0.0,0.0,0.0,True,True,data/raw\2026-04\south_goa\158600500051_margao_govt_employees_co_op_sty_4_fps.json,261.0,35.0,20.0,316.0,0.0,0.0,0.0,0.0,261.0,35.0,20.0,316.0,0.0,0.0,0.0,0.0
2026,Apr,GOA,south_goa,158600500052,,0,0,0,0,0.0,0.0,0.0,True,True,data/raw\2026-04\south_goa\158600500052_158600500052___colva_seraulim_society_15_fps.json,0.0,0.0,0.0,0.0,0.0,0.0,0.0,0.0,0.0,0.0,0.0,0.0,0.0,0.0,0.0,0.0
2026,Apr,GOA,south_goa,158600500052,COLVA SERAULIM SOCIETY-15 FPS,0,0,0,0,0.0,0.0,0.0,True,True,data/raw\2026-04\south_goa\158600500052_colva_seraulim_society_15_fps.json,342.0,6.0,19.0,367.0,0.0,0.0,0.0,0.0,342.0,6.0,19.0,367.0,0.0,0.0,0.0,0.0
2026,Apr,GOA,south_goa,158600500053,,0,0,0,0,0.0,0.0,0.0,True,True,data/raw\2026-04\south_goa\158600500053_158600500053___varca_orlim_service_co_op_society_ltd_19_fps.json,0.0,0.0,0.0,0.0,0.0,0.0,0.0,0.0,0.0,0.0,0.0,0.0,0.0,0.0,0.0,0.0
2026,Apr,GOA,south_goa,158600500053,VARCA ORLIM SERVICE CO OP SOCIETY LTD-19 FPS,0,0,0,0,0.0,0.0,0.0,True,True,data/raw\2026-04\south_goa\158600500053_varca_orlim_service_co_op_society_ltd_19_fps.json,254.0,35.0,0.0,289.0,0.0,0.0,0.0,0.0,254.0,35.0,0.0,289.0,0.0,0.0,0.0,0.0
2026,Apr,GOA,south_goa,158600500055,,0,0,0,0,0.0,0.0,0.0,True,True,data/raw\2026-04\south_goa\158600500055_158600500055___roshan_silva_30_fps.json,0.0,0.0,0.0,0.0,0.0,0.0,0.0,0.0,0.0,0.0,0.0,0.0,0.0,0.0,0.0,0.0
2026,Apr,GOA,south_goa,158600500055,ROSHAN SILVA-30 FPS,0,0,0,0,0.0,0.0,0.0,True,True,data/raw\2026-04\south_goa\158600500055_roshan_silva_30_fps.json,573.0,46.0,2.0,621.0,2.0,0.0,0.0,2.0,573.0,46.0,2.0,621.0,2.0,0.0,0.0,2.0
2026,Apr,GOA,south_goa,158600500057,,0,0,0,0,0.0,0.0,0.0,True,True,data/raw\2026-04\south_goa\158600500057_158600500057___shukla_j_keny_36_fps___temporarily_attached_to_fps_79_pradeep_dessai_.json,0.0,0.0,0.0,0.0,0.0,0.0,0.0,0.0,0.0,0.0,0.0,0.0,0.0,0.0,0.0,0.0
2026,Apr,GOA,south_goa,158600500057,SHUKLA J KENY-36 FPS  (Temporarily attached to FPS-79 Pradeep Dessai),0,0,0,0,0.0,0.0,0.0,True,True,data/raw\2026-04\south_goa\158600500057_shukla_j_keny_36_fps___temporarily_attached_to_fps_79_pradeep_dessai_.json,113.0,64.0,2.0,179.0,0.0,0.0,0.0,0.0,113.0,64.0,2.0,179.0,0.0,0.0,0.0,0.0
2026,Apr,GOA,south_goa,158600500058,,0,0,0,0,0.0,0.0,0.0,True,True,data/raw\2026-04\south_goa\158600500058_158600500058___the_progressive_v_k_sty_53_fps.json,0.0,0.0,0.0,0.0,0.0,0.0,0.0,0.0,0.0,0.0,0.0,0.0,0.0,0.0,0.0,0.0
2026,Apr,GOA,south_goa,158600500058,THE PROGRESSIVE V K STY-53 FPS,0,0,0,0,0.0,0.0,0.0,True,True,data/raw\2026-04\south_goa\158600500058_the_progressive_v_k_sty_53_fps.json,233.0,27.0,5.0,265.0,0.0,0.0,0.0,0.0,233.0,27.0,5.0,265.0,0.0,0.0,0.0,0.0
2026,Apr,GOA,south_goa,158600500059,,0,0,0,0,0.0,0.0,0.0,True,True,data/raw\2026-04\south_goa\158600500059_158600500059___curtorim_service_coop__sty_ltd_58_fps.json,0.0,0.0,0.0,0.0,0.0,0.0,0.0,0.0,0.0,0.0,0.0,0.0,0.0,0.0,0.0,0.0
2026,Apr,GOA,south_goa,158600500059,CURTORIM SERVICE COOP. STY LTD-58 FPS,0,0,0,0,0.0,0.0,0.0,True,True,data/raw\2026-04\south_goa\158600500059_curtorim_service_coop__sty_ltd_58_fps.json,124.0,4.0,11.0,139.0,0.0,0.0,0.0,0.0,124.0,4.0,11.0,139.0,0.0,0.0,0.0,0.0
2026,Apr,GOA,south_goa,158600500060,,0,0,0,0,0.0,0.0,0.0,True,True,data/raw\2026-04\south_goa\158600500060_158600500060___village_panchayat_betalbatim_81_fps.json,0.0,0.0,0.0,0.0,0.0,0.0,0.0,0.0,0.0,0.0,0.0,0.0,0.0,0.0,0.0,0.0
2026,Apr,GOA,south_goa,158600500060,VILLAGE PANCHAYAT BETALBATIM-81 FPS,0,0,0,0,0.0,0.0,0.0,True,True,data/raw\2026-04\south_goa\158600500060_village_panchayat_betalbatim_81_fps.json,123.0,2.0,3.0,128.0,0.0,0.0,1.0,1.0,123.0,2.0,3.0,128.0,0.0,0.0,1.0,1.0
2026,Apr,GOA,south_goa,158600500147,,0,0,0,0,0.0,0.0,0.0,True,True,data/raw\2026-04\south_goa\158600500147_158600500147___antonio_fernandes_38_fps.json,0.0,0.0,0.0,0.0,0.0,0.0,0.0,0.0,0.0,0.0,0.0,0.0,0.0,0.0,0.0,0.0
2026,Apr,GOA,south_goa,158600500147,ANTONIO FERNANDES-38 FPS,0,0,0,0,0.0,0.0,0.0,True,True,data/raw\2026-04\south_goa\158600500147_antonio_fernandes_38_fps.json,229.0,68.0,35.0,332.0,0.0,0.0,6.0,6.0,229.0,68.0,35.0,332.0,0.0,0.0,6.0,6.0
2026,Apr,GOA,south_goa,158600500413,,0,0,0,0,0.0,0.0,0.0,True,True,data/raw\2026-04\south_goa\158600500413_158600500413___antonio_fernandes_63_fps.json,0.0,0.0,0.0,0.0,0.0,0.0,0.0,0.0,0.0,0.0,0.0,0.0,0.0,0.0,0.0,0.0
2026,Apr,GOA,south_goa,158600500413,ANTONIO FERNANDES-63 FPS,0,0,0,0,0.0,0.0,0.0,True,True,data/raw\2026-04\south_goa\158600500413_antonio_fernandes_63_fps.json,207.0,62.0,0.0,269.0,0.0,0.0,0.0,0.0,207.0,62.0,0.0,269.0,0.0,0.0,0.0,0.0
2026,Apr,GOA,south_goa,158600500414,,0,0,0,0,0.0,0.0,0.0,True,True,data/raw\2026-04\south_goa\158600500414_158600500414___sandeep_s__dessai_56_fps.json,0.0,0.0,0.0,0.0,0.0,0.0,0.0,0.0,0.0,0.0,0.0,0.0,0.0,0.0,0.0,0.0
2026,Apr,GOA,south_goa,158600500414,SANDEEP S. DESSAI-56 FPS,0,0,0,0,0.0,0.0,0.0,True,True,data/raw\2026-04\south_goa\158600500414_sandeep_s__dessai_56_fps.json,308.0,74.0,34.0,416.0,0.0,0.0,2.0,2.0,307.0,74.0,34.0,415.0,0.0,0.0,2.0,2.0
2026,Apr,GOA,south_goa,158600500415,,0,0,0,0,0.0,0.0,0.0,True,True,data/raw\2026-04\south_goa\158600500415_158600500415___golden_nuvem_consumers__12_62_fps.json,0.0,0.0,0.0,0.0,0.0,0.0,0.0,0.0,0.0,0.0,0.0,0.0,0.0,0.0,0.0,0.0
2026,Apr,GOA,south_goa,158600500415,GOLDEN NUVEM CONSUMERS -12&62 FPS,0,0,0,0,0.0,0.0,0.0,True,True,data/raw\2026-04\south_goa\158600500415_golden_nuvem_consumers__12_62_fps.json,711.0,112.0,50.0,873.0,0.0,0.0,6.0,6.0,711.0,112.0,50.0,873.0,0.0,0.0,6.0,6.0
2026,Apr,GOA,south_goa,158600500416,,0,0,0,0,0.0,0.0,0.0,True,True,data/raw\2026-04\south_goa\158600500416_158600500416___jestrid_lucian_viegas__20_fps.json,0.0,0.0,0.0,0.0,0.0,0.0,0.0,0.0,0.0,0.0,0.0,0.0,0.0,0.0,0.0,0.0
2026,Apr,GOA,south_goa,158600500416,JESTRID LUCIAN VIEGAS- 20 FPS,0,0,0,0,0.0,0.0,0.0,True,True,data/raw\2026-04\south_goa\158600500416_jestrid_lucian_viegas__20_fps.json,162.0,3.0,0.0,165.0,2.0,0.0,0.0,2.0,162.0,3.0,0.0,165.0,2.0,0.0,0.0,2.0
2026,Apr,GOA,south_goa,158600500417,,0,0,0,0,0.0,0.0,0.0,True,True,data/raw\2026-04\south_goa\158600500417_158600500417___village_panchayat_nagoa___92_fps.json,0.0,0.0,0.0,0.0,0.0,0.0,0.0,0.0,0.0,0.0,0.0,0.0,0.0,0.0,0.0,0.0
2026,Apr,GOA,south_goa,158600500417,VILLAGE PANCHAYAT NAGOA - 92 FPS,0,0,0,0,0.0,0.0,0.0,True,True,data/raw\2026-04\south_goa\158600500417_village_panchayat_nagoa___92_fps.json,103.0,3.0,21.0,127.0,0.0,0.0,3.0,3.0,103.0,3.0,20.0,126.0,0.0,0.0,3.0,3.0
2026,Apr,GOA,south_goa,158600500420,,0,0,0,0,0.0,0.0,0.0,True,True,data/raw\2026-04\south_goa\158600500420_158600500420___curtorim_service_co_operative_society_ltd.json,0.0,0.0,0.0,0.0,0.0,0.0,0.0,0.0,0.0,0.0,0.0,0.0,0.0,0.0,0.0,0.0
2026,Apr,GOA,south_goa,158600500420,CURTORIM SERVICE CO-OPERATIVE SOCIETY LTD,0,0,0,0,0.0,0.0,0.0,True,True,data/raw\2026-04\south_goa\158600500420_curtorim_service_co_operative_society_ltd.json,125.0,0.0,0.0,125.0,0.0,0.0,0.0,0.0,125.0,0.0,0.0,125.0,0.0,0.0,0.0,0.0
2026,Apr,GOA,south_goa,158600500421,,0,0,0,0,0.0,0.0,0.0,True,True,data/raw\2026-04\south_goa\158600500421_158600500421___mrs__namrata__d__rivonkar_alias_namrata_s_raikar__fps_no_93.json,0.0,0.0,0.0,0.0,0.0,0.0,0.0,0.0,0.0,0.0,0.0,0.0,0.0,0.0,0.0,0.0
2026,Apr,GOA,south_goa,158600500421,MRS. NAMRATA  D. RIVONKAR ALIAS NAMRATA S.RAIKAR  FPS NO.93,0,0,0,0,0.0,0.0,0.0,True,True,data/raw\2026-04\south_goa\158600500421_mrs__namrata__d__rivonkar_alias_namrata_s_raikar__fps_no_93.json,303.0,30.0,11.0,344.0,0.0,0.0,1.0,1.0,303.0,30.0,11.0,344.0,0.0,0.0,1.0,1.0
2026,Apr,GOA,south_goa,158600500422,,0,0,0,0,0.0,0.0,0.0,True,True,data/raw\2026-04\south_goa\158600500422_158600500422___mrs_sufala_kailas_dessai___fps_94.json,0.0,0.0,0.0,0.0,0.0,0.0,0.0,0.0,0.0,0.0,0.0,0.0,0.0,0.0,0.0,0.0
2026,Apr,GOA,south_goa,158600500422,MRS SUFALA KAILAS DESSAI  -FPS 94,0,0,0,0,0.0,0.0,0.0,True,True,data/raw\2026-04\south_goa\158600500422_mrs_sufala_kailas_dessai___fps_94.json,37.0,33.0,6.0,76.0,0.0,0.0,1.0,1.0,37.0,33.0,6.0,76.0,0.0,0.0,1.0,1.0
2026,Apr,GOA,south_goa,158600500423,,0,0,0,0,0.0,0.0,0.0,True,True,data/raw\2026-04\south_goa\158600500423_.json,84.0,184.0,0.0,268.0,0.0,0.0,0.0,0.0,84.0,184.0,0.0,268.0,0.0,0.0,0.0,0.0
2026,Apr,GOA,south_goa,158600500423,,0,0,0,0,0.0,0.0,0.0,True,True,data/raw\2026-04\south_goa\158600500423_158600500423__.json,0.0,0.0,0.0,0.0,0.0,0.0,0.0,0.0,0.0,0.0,0.0,0.0,0.0,0.0,0.0,0.0
2026,Apr,GOA,south_goa,158600700001,,0,0,0,0,0.0,0.0,0.0,True,True,data/raw\2026-04\south_goa\158600700001_158600700001___ponda_cons_corp_sty_ltd_1_fps.json,0.0,0.0,0.0,0.0,0.0,0.0,0.0,0.0,0.0,0.0,0.0,0.0,0.0,0.0,0.0,0.0
2026,Apr,GOA,south_goa,158600700001,PONDA CONS CORP STY LTD-1 FPS,0,0,0,0,0.0,0.0,0.0,True,True,data/raw\2026-04\south_goa\158600700001_ponda_cons_corp_sty_ltd_1_fps.json,196.0,3.0,20.0,219.0,36.0,0.0,1.0,37.0,196.0,3.0,20.0,219.0,36.0,0.0,1.0,37.0
2026,Apr,GOA,south_goa,158600700002,,0,0,0,0,0.0,0.0,0.0,True,True,data/raw\2026-04\south_goa\158600700002_158600700002___ponda_cons_co_op_sty_ltd__2_fps.json,0.0,0.0,0.0,0.0,0.0,0.0,0.0,0.0,0.0,0.0,0.0,0.0,0.0,0.0,0.0,0.0
2026,Apr,GOA,south_goa,158600700002,PONDA CONS CO OP STY LTD -2 FPS,0,0,0,0,0.0,0.0,0.0,True,True,data/raw\2026-04\south_goa\158600700002_ponda_cons_co_op_sty_ltd__2_fps.json,130.0,1.0,0.0,131.0,18.0,0.0,0.0,18.0,130.0,1.0,0.0,131.0,18.0,0.0,0.0,18.0
2026,Apr,GOA,south_goa,158600700003,,0,0,0,0,0.0,0.0,0.0,True,True,data/raw\2026-04\south_goa\158600700003_158600700003___ponda_cons_co_op_sty_ltd_3_fps.json,0.0,0.0,0.0,0.0,0.0,0.0,0.0,0.0,0.0,0.0,0.0,0.0,0.0,0.0,0.0,0.0
2026,Apr,GOA,south_goa,158600700003,PONDA CONS CO OP STY LTD-3 FPS,0,0,0,0,0.0,0.0,0.0,True,True,data/raw\2026-04\south_goa\158600700003_ponda_cons_co_op_sty_ltd_3_fps.json,208.0,1.0,31.0,240.0,37.0,0.0,3.0,40.0,208.0,1.0,31.0,240.0,37.0,0.0,3.0,40.0
2026,Apr,GOA,south_goa,158600700011,,0,0,0,0,0.0,0.0,0.0,True,True,data/raw\2026-04\south_goa\158600700011_158600700011___ravalnath_vks_society_ltd_13_fps.json,0.0,0.0,0.0,0.0,0.0,0.0,0.0,0.0,0.0,0.0,0.0,0.0,0.0,0.0,0.0,0.0
2026,Apr,GOA,south_goa,158600700011,RAVALNATH VKS SOCIETY LTD-13 FPS,0,0,0,0,0.0,0.0,0.0,True,True,data/raw\2026-04\south_goa\158600700011_ravalnath_vks_society_ltd_13_fps.json,169.0,24.0,1.0,194.0,7.0,0.0,0.0,7.0,169.0,24.0,1.0,194.0,7.0,0.0,0.0,7.0
2026,Apr,GOA,south_goa,158600700021,,0,0,0,0,0.0,0.0,0.0,True,True,data/raw\2026-04\south_goa\158600700021_158600700021___conxem_nirankal_v_k_society_27_fps.json,0.0,0.0,0.0,0.0,0.0,0.0,0.0,0.0,0.0,0.0,0.0,0.0,0.0,0.0,0.0,0.0
2026,Apr,GOA,south_goa,158600700021,CONXEM NIRANKAL V K SOCIETY-27 FPS,0,0,0,0,0.0,0.0,0.0,True,True,data/raw\2026-04\south_goa\158600700021_conxem_nirankal_v_k_society_27_fps.json,255.0,0.0,0.0,255.0,28.0,0.0,0.0,28.0,255.0,0.0,0.0,255.0,28.0,0.0,0.0,28.0
2026,Apr,GOA,south_goa,158600700022,,0,0,0,0,0.0,0.0,0.0,True,True,data/raw\2026-04\south_goa\158600700022_158600700022___bhom_adcolna_v_k_s_s__society_ltd_56_fps.json,0.0,0.0,0.0,0.0,0.0,0.0,0.0,0.0,0.0,0.0,0.0,0.0,0.0,0.0,0.0,0.0
2026,Apr,GOA,south_goa,158600700022,BHOM ADCOLNA V.K.S.S. SOCIETY LTD-56 FPS,0,0,0,0,0.0,0.0,0.0,True,True,data/raw\2026-04\south_goa\158600700022_bhom_adcolna_v_k_s_s__society_ltd_56_fps.json,204.0,4.0,0.0,208.0,0.0,0.0,0.0,0.0,204.0,4.0,0.0,208.0,0.0,0.0,0.0,0.0
2026,Apr,GOA,south_goa,158600700023,,0,0,0,0,0.0,0.0,0.0,True,True,data/raw\2026-04\south_goa\158600700023_158600700023___datta_ramnath_nayak_31_fps.json,0.0,0.0,0.0,0.0,0.0,0.0,0.0,0.0,0.0,0.0,0.0,0.0,0.0,0.0,0.0,0.0
2026,Apr,GOA,south_goa,158600700023,DATTA RAMNATH NAYAK-31 FPS,0,0,0,0,0.0,0.0,0.0,True,True,data/raw\2026-04\south_goa\158600700023_datta_ramnath_nayak_31_fps.json,137.0,0.0,0.0,137.0,27.0,0.0,0.0,27.0,137.0,0.0,0.0,137.0,27.0,0.0,0.0,27.0
2026,Apr,GOA,south_goa,158600700025,,0,0,0,0,0.0,0.0,0.0,True,True,data/raw\2026-04\south_goa\158600700025_158600700025___ponda_cons_oop__sty_ltd_5_fps.json,0.0,0.0,0.0,0.0,0.0,0.0,0.0,0.0,0.0,0.0,0.0,0.0,0.0,0.0,0.0,0.0
2026,Apr,GOA,south_goa,158600700025,PONDA CONS.OOP. STY LTD-5 FPS,0,0,0,0,0.0,0.0,0.0,True,True,data/raw\2026-04\south_goa\158600700025_ponda_cons_oop__sty_ltd_5_fps.json,290.0,2.0,0.0,292.0,14.0,0.0,0.0,14.0,290.0,2.0,0.0,292.0,14.0,0.0,0.0,14.0
2026,Apr,GOA,south_goa,158600700026,,0,0,0,0,0.0,0.0,0.0,True,True,data/raw\2026-04\south_goa\158600700026_158600700026___navodit_veling_priol_vkss_society_6_fps.json,0.0,0.0,0.0,0.0,0.0,0.0,0.0,0.0,0.0,0.0,0.0,0.0,0.0,0.0,0.0,0.0
2026,Apr,GOA,south_goa,158600700026,NAVODIT VELING PRIOL VKSS SOCIETY-6 FPS,0,0,0,0,0.0,0.0,0.0,True,True,data/raw\2026-04\south_goa\158600700026_navodit_veling_priol_vkss_society_6_fps.json,379.0,1.0,0.0,380.0,15.0,0.0,0.0,15.0,379.0,1.0,0.0,380.0,15.0,0.0,0.0,15.0
2026,Apr,GOA,south_goa,158600700027,,0,0,0,0,0.0,0.0,0.0,True,True,data/raw\2026-04\south_goa\158600700027_158600700027___navodit_veling_priol_vkss_sty_7_fps.json,0.0,0.0,0.0,0.0,0.0,0.0,0.0,0.0,0.0,0.0,0.0,0.0,0.0,0.0,0.0,0.0
2026,Apr,GOA,south_goa,158600700027,NAVODIT VELING PRIOL VKSS STY-7 FPS,0,0,0,0,0.0,0.0,0.0,True,True,data/raw\2026-04\south_goa\158600700027_navodit_veling_priol_vkss_sty_7_fps.json,412.0,1.0,0.0,413.0,18.0,0.0,0.0,18.0,412.0,1.0,0.0,413.0,18.0,0.0,0.0,18.0
2026,Apr,GOA,south_goa,158600700028,,0,0,0,0,0.0,0.0,0.0,True,True,data/raw\2026-04\south_goa\158600700028_158600700028___sanjayana_s__sawant___8_fps.json,0.0,0.0,0.0,0.0,0.0,0.0,0.0,0.0,0.0,0.0,0.0,0.0,0.0,0.0,0.0,0.0
2026,Apr,GOA,south_goa,158600700028,SANJAYANA S. SAWANT - 8 FPS,0,0,0,0,0.0,0.0,0.0,True,True,data/raw\2026-04\south_goa\158600700028_sanjayana_s__sawant___8_fps.json,353.0,0.0,0.0,353.0,1.0,0.0,0.0,1.0,353.0,0.0,0.0,353.0,1.0,0.0,0.0,1.0
2026,Apr,GOA,south_goa,158600700029,,0,0,0,0,0.0,0.0,0.0,True,True,data/raw\2026-04\south_goa\158600700029_158600700029___adarsh_v_k_s_society_10_fps.json,0.0,0.0,0.0,0.0,0.0,0.0,0.0,0.0,0.0,0.0,0.0,0.0,0.0,0.0,0.0,0.0
2026,Apr,GOA,south_goa,158600700029,ADARSH V.K.S SOCIETY-10 FPS,0,0,0,0,0.0,0.0,0.0,True,True,data/raw\2026-04\south_goa\158600700029_adarsh_v_k_s_society_10_fps.json,930.0,1.0,0.0,931.0,70.0,0.0,0.0,70.0,930.0,1.0,0.0,931.0,70.0,0.0,0.0,70.0
2026,Apr,GOA,south_goa,158600700030,,0,0,0,0,0.0,0.0,0.0,True,True,data/raw\2026-04\south_goa\158600700030_158600700030___shri_shantadurga_consumer_coop_society_ltd_11_fps.json,0.0,0.0,0.0,0.0,0.0,0.0,0.0,0.0,0.0,0.0,0.0,0.0,0.0,0.0,0.0,0.0
2026,Apr,GOA,south_goa,158600700030,SHRI SHANTADURGA CONSUMER COOP SOCIETY LTD-11 FPS,0,0,0,0,0.0,0.0,0.0,True,True,data/raw\2026-04\south_goa\158600700030_shri_shantadurga_consumer_coop_society_ltd_11_fps.json,298.0,2.0,14.0,314.0,24.0,0.0,2.0,26.0,298.0,2.0,14.0,314.0,24.0,0.0,2.0,26.0
2026,Apr,GOA,south_goa,158600700031,,0,0,0,0,0.0,0.0,0.0,True,True,data/raw\2026-04\south_goa\158600700031_158600700031___janata_v_k_s_s_society_ltd_14_fps.json,0.0,0.0,0.0,0.0,0.0,0.0,0.0,0.0,0.0,0.0,0.0,0.0,0.0,0.0,0.0,0.0
2026,Apr,GOA,south_goa,158600700031,JANATA V K S S SOCIETY LTD-14 FPS,0,0,0,0,0.0,0.0,0.0,True,True,data/raw\2026-04\south_goa\158600700031_janata_v_k_s_s_society_ltd_14_fps.json,190.0,27.0,0.0,217.0,9.0,0.0,0.0,9.0,190.0,27.0,0.0,217.0,9.0,0.0,0.0,9.0
2026,Apr,GOA,south_goa,158600700032,,0,0,0,0,0.0,0.0,0.0,True,True,data/raw\2026-04\south_goa\158600700032_158600700032___jai_bharat_vkss_sty_ltd_15_fps.json,0.0,0.0,0.0,0.0,0.0,0.0,0.0,0.0,0.0,0.0,0.0,0.0,0.0,0.0,0.0,0.0
2026,Apr,GOA,south_goa,158600700032,JAI BHARAT VKSS STY LTD-15 FPS,0,0,0,0,0.0,0.0,0.0,True,True,data/raw\2026-04\south_goa\158600700032_jai_bharat_vkss_sty_ltd_15_fps.json,424.0,1.0,0.0,425.0,4.0,0.0,0.0,4.0,424.0,1.0,0.0,425.0,4.0,0.0,0.0,4.0
2026,Apr,GOA,south_goa,158600700033,,0,0,0,0,0.0,0.0,0.0,True,True,data/raw\2026-04\south_goa\158600700033_158600700033___savoi_verem_vkss_sty_ltd_17_fps.json,0.0,0.0,0.0,0.0,0.0,0.0,0.0,0.0,0.0,0.0,0.0,0.0,0.0,0.0,0.0,0.0
2026,Apr,GOA,south_goa,158600700033,SAVOI-VEREM VKSS STY LTD-17 FPS,0,0,0,0,0.0,0.0,0.0,True,True,data/raw\2026-04\south_goa\158600700033_savoi_verem_vkss_sty_ltd_17_fps.json,528.0,1.0,0.0,529.0,53.0,0.0,0.0,53.0,528.0,1.0,0.0,529.0,53.0,0.0,0.0,53.0
2026,Apr,GOA,south_goa,158600700034,,0,0,0,0,0.0,0.0,0.0,True,True,data/raw\2026-04\south_goa\158600700034_158600700034___shashikant_datta_naik_22_fps.json,0.0,0.0,0.0,0.0,0.0,0.0,0.0,0.0,0.0,0.0,0.0,0.0,0.0,0.0,0.0,0.0
2026,Apr,GOA,south_goa,158600700034,SHASHIKANT DATTA NAIK-22 FPS,0,0,0,0,0.0,0.0,0.0,True,True,data/raw\2026-04\south_goa\158600700034_shashikant_datta_naik_22_fps.json,446.0,4.0,2.0,452.0,12.0,0.0,0.0,12.0,446.0,4.0,2.0,452.0,12.0,0.0,0.0,12.0
2026,Apr,GOA,south_goa,158600700035,,0,0,0,0,0.0,0.0,0.0,True,True,data/raw\2026-04\south_goa\158600700035_158600700035___shri_krishna_vkss_society_ltd_23_fps.json,0.0,0.0,0.0,0.0,0.0,0.0,0.0,0.0,0.0,0.0,0.0,0.0,0.0,0.0,0.0,0.0
2026,Apr,GOA,south_goa,158600700035,SHRI KRISHNA VKSS SOCIETY LTD-23 FPS,0,0,0,0,0.0,0.0,0.0,True,True,data/raw\2026-04\south_goa\158600700035_shri_krishna_vkss_society_ltd_23_fps.json,482.0,6.0,4.0,492.0,11.0,0.0,0.0,11.0,482.0,6.0,4.0,492.0,11.0,0.0,0.0,11.0
2026,Apr,GOA,south_goa,158600700036,,0,0,0,0,0.0,0.0,0.0,True,True,data/raw\2026-04\south_goa\158600700036_158600700036___betque_khandola_cons_cooperative_society_ltd_24_fps.json,0.0,0.0,0.0,0.0,0.0,0.0,0.0,0.0,0.0,0.0,0.0,0.0,0.0,0.0,0.0,0.0
2026,Apr,GOA,south_goa,158600700036,BETQUE-KHANDOLA CONS COOPERATIVE SOCIETY LTD-24 FPS,0,0,0,0,0.0,0.0,0.0,True,True,data/raw\2026-04\south_goa\158600700036_betque_khandola_cons_cooperative_society_ltd_24_fps.json,193.0,3.0,0.0,196.0,22.0,1.0,0.0,23.0,193.0,3.0,0.0,196.0,22.0,1.0,0.0,23.0
2026,Apr,GOA,south_goa,158600700038,,0,0,0,0,0.0,0.0,0.0,True,True,data/raw\2026-04\south_goa\158600700038_158600700038___sunil_m__tendulkar_35_fps.json,0.0,0.0,0.0,0.0,0.0,0.0,0.0,0.0,0.0,0.0,0.0,0.0,0.0,0.0,0.0,0.0
2026,Apr,GOA,south_goa,158600700038,SUNIL M. TENDULKAR-35 FPS,0,0,0,0,0.0,0.0,0.0,True,True,data/raw\2026-04\south_goa\158600700038_sunil_m__tendulkar_35_fps.json,289.0,0.0,0.0,289.0,0.0,0.0,0.0,0.0,289.0,0.0,0.0,289.0,0.0,0.0,0.0,0.0
2026,Apr,GOA,south_goa,158600700041,,0,0,0,0,0.0,0.0,0.0,True,True,data/raw\2026-04\south_goa\158600700041_158600700041___conxem_nirankal_v_k_sty_ltd_38_fps.json,0.0,0.0,0.0,0.0,0.0,0.0,0.0,0.0,0.0,0.0,0.0,0.0,0.0,0.0,0.0,0.0
2026,Apr,GOA,south_goa,158600700041,CONXEM NIRANKAL V.K.STY LTD-38 FPS,0,0,0,0,0.0,0.0,0.0,True,True,data/raw\2026-04\south_goa\158600700041_conxem_nirankal_v_k_sty_ltd_38_fps.json,390.0,6.0,0.0,396.0,18.0,0.0,0.0,18.0,390.0,6.0,0.0,396.0,18.0,0.0,0.0,18.0
2026,Apr,GOA,south_goa,158600700042,,0,0,0,0,0.0,0.0,0.0,True,True,data/raw\2026-04\south_goa\158600700042_158600700042___s_k_shet_42_fps.json,0.0,0.0,0.0,0.0,0.0,0.0,0.0,0.0,0.0,0.0,0.0,0.0,0.0,0.0,0.0,0.0
2026,Apr,GOA,south_goa,158600700042,S.K.SHET-42 FPS,0,0,0,0,0.0,0.0,0.0,True,True,data/raw\2026-04\south_goa\158600700042_s_k_shet_42_fps.json,8.0,26.0,0.0,34.0,0.0,0.0,0.0,0.0,8.0,26.0,0.0,34.0,0.0,0.0,0.0,0.0
2026,Apr,GOA,south_goa,158600700043,,0,0,0,0,0.0,0.0,0.0,True,True,data/raw\2026-04\south_goa\158600700043_158600700043___conxem_nirankal_v_k_s_sty_ltd_45_fps.json,0.0,0.0,0.0,0.0,0.0,0.0,0.0,0.0,0.0,0.0,0.0,0.0,0.0,0.0,0.0,0.0
2026,Apr,GOA,south_goa,158600700043,CONXEM NIRANKAL V.K.S STY LTD-45 FPS,0,0,0,0,0.0,0.0,0.0,True,True,data/raw\2026-04\south_goa\158600700043_conxem_nirankal_v_k_s_sty_ltd_45_fps.json,57.0,0.0,0.0,57.0,5.0,0.0,0.0,5.0,57.0,0.0,0.0,57.0,5.0,0.0,0.0,5.0
2026,Apr,GOA,south_goa,158600700044,,0,0,0,0,0.0,0.0,0.0,True,True,data/raw\2026-04\south_goa\158600700044_158600700044___rupali_m_naik_46_fps.json,0.0,0.0,0.0,0.0,0.0,0.0,0.0,0.0,0.0,0.0,0.0,0.0,0.0,0.0,0.0,0.0
2026,Apr,GOA,south_goa,158600700044,RUPALI M NAIK-46 FPS,0,0,0,0,0.0,0.0,0.0,True,True,data/raw\2026-04\south_goa\158600700044_rupali_m_naik_46_fps.json,180.0,2.0,14.0,196.0,5.0,0.0,0.0,5.0,180.0,2.0,14.0,196.0,5.0,0.0,0.0,5.0
2026,Apr,GOA,south_goa,158600700045,,0,0,0,0,0.0,0.0,0.0,True,True,data/raw\2026-04\south_goa\158600700045_158600700045___ponda_cons_co_op_sty_ltd_49_fps.json,0.0,0.0,0.0,0.0,0.0,0.0,0.0,0.0,0.0,0.0,0.0,0.0,0.0,0.0,0.0,0.0
2026,Apr,GOA,south_goa,158600700045,PONDA CONS CO-OP STY LTD-49 FPS,0,0,0,0,0.0,0.0,0.0,True,True,data/raw\2026-04\south_goa\158600700045_ponda_cons_co_op_sty_ltd_49_fps.json,269.0,0.0,0.0,269.0,0.0,0.0,0.0,0.0,269.0,0.0,0.0,269.0,0.0,0.0,0.0,0.0
2026,Apr,GOA,south_goa,158600700047,,0,0,0,0,0.0,0.0,0.0,True,True,data/raw\2026-04\south_goa\158600700047_158600700047___lalita_d_borkar_55_fps.json,0.0,0.0,0.0,0.0,0.0,0.0,0.0,0.0,0.0,0.0,0.0,0.0,0.0,0.0,0.0,0.0
2026,Apr,GOA,south_goa,158600700047,LALITA D BORKAR-55 FPS,0,0,0,0,0.0,0.0,0.0,True,True,data/raw\2026-04\south_goa\158600700047_lalita_d_borkar_55_fps.json,663.0,9.0,10.0,682.0,51.0,0.0,3.0,54.0,663.0,9.0,10.0,682.0,51.0,0.0,3.0,54.0
2026,Apr,GOA,south_goa,158600700048,,0,0,0,0,0.0,0.0,0.0,True,True,data/raw\2026-04\south_goa\158600700048_158600700048___bhoma_adcolna_v_k_s_s_sty_ltd_30_fps.json,0.0,0.0,0.0,0.0,0.0,0.0,0.0,0.0,0.0,0.0,0.0,0.0,0.0,0.0,0.0,0.0
2026,Apr,GOA,south_goa,158600700048,BHOMA ADCOLNA V.K.S.S STY LTD-30 FPS,0,0,0,0,0.0,0.0,0.0,True,True,data/raw\2026-04\south_goa\158600700048_bhoma_adcolna_v_k_s_s_sty_ltd_30_fps.json,225.0,0.0,0.0,225.0,25.0,0.0,0.0,25.0,225.0,0.0,0.0,225.0,25.0,0.0,0.0,25.0
2026,Apr,GOA,south_goa,158600700050,,0,0,0,0,0.0,0.0,0.0,True,True,data/raw\2026-04\south_goa\158600700050_158600700050___betque_khandola_conscooperative_society_ltd_57_fps.json,0.0,0.0,0.0,0.0,0.0,0.0,0.0,0.0,0.0,0.0,0.0,0.0,0.0,0.0,0.0,0.0
2026,Apr,GOA,south_goa,158600700050,BETQUE KHANDOLA CONSCOOPERATIVE SOCIETY LTD-57 FPS,0,0,0,0,0.0,0.0,0.0,True,True,data/raw\2026-04\south_goa\158600700050_betque_khandola_conscooperative_society_ltd_57_fps.json,263.0,5.0,9.0,277.0,19.0,0.0,2.0,21.0,263.0,5.0,9.0,277.0,19.0,0.0,2.0,21.0
2026,Apr,GOA,south_goa,158600700051,,0,0,0,0,0.0,0.0,0.0,True,True,data/raw\2026-04\south_goa\158600700051_158600700051___bandiwade_v_k_s_society_18_fps.json,0.0,0.0,0.0,0.0,0.0,0.0,0.0,0.0,0.0,0.0,0.0,0.0,0.0,0.0,0.0,0.0
2026,Apr,GOA,south_goa,158600700051,BANDIWADE V.K.S SOCIETY-18 FPS,0,0,0,0,0.0,0.0,0.0,True,True,data/raw\2026-04\south_goa\158600700051_bandiwade_v_k_s_society_18_fps.json,346.0,9.0,1.0,356.0,9.0,0.0,0.0,9.0,346.0,9.0,1.0,356.0,9.0,0.0,0.0,9.0
2026,Apr,GOA,south_goa,158600700052,,0,0,0,0,0.0,0.0,0.0,True,True,data/raw\2026-04\south_goa\158600700052_158600700052___bandiwade_v_k_s_society_19_fps.json,0.0,0.0,0.0,0.0,0.0,0.0,0.0,0.0,0.0,0.0,0.0,0.0,0.0,0.0,0.0,0.0
2026,Apr,GOA,south_goa,158600700052,BANDIWADE V.K.S SOCIETY-19 FPS,0,0,0,0,0.0,0.0,0.0,True,True,data/raw\2026-04\south_goa\158600700052_bandiwade_v_k_s_society_19_fps.json,185.0,3.0,0.0,188.0,6.0,0.0,0.0,6.0,185.0,3.0,0.0,188.0,6.0,0.0,0.0,6.0
2026,Apr,GOA,south_goa,158600700053,,0,0,0,0,0.0,0.0,0.0,True,True,data/raw\2026-04\south_goa\158600700053_158600700053___bandiwade_v_k_s_society_48_fps.json,0.0,0.0,0.0,0.0,0.0,0.0,0.0,0.0,0.0,0.0,0.0,0.0,0.0,0.0,0.0,0.0
2026,Apr,GOA,south_goa,158600700053,BANDIWADE V.K.S SOCIETY-48 FPS,0,0,0,0,0.0,0.0,0.0,True,True,data/raw\2026-04\south_goa\158600700053_bandiwade_v_k_s_society_48_fps.json,120.0,1.0,0.0,121.0,2.0,0.0,0.0,2.0,120.0,1.0,0.0,121.0,2.0,0.0,0.0,2.0
2026,Apr,GOA,south_goa,158600700055,,0,0,0,0,0.0,0.0,0.0,True,True,data/raw\2026-04\south_goa\158600700055_158600700055___kalanath_bhagwati_con_c_op_sty_ltd_12_fps.json,0.0,0.0,0.0,0.0,0.0,0.0,0.0,0.0,0.0,0.0,0.0,0.0,0.0,0.0,0.0,0.0
2026,Apr,GOA,south_goa,158600700055,KALANATH BHAGWATI CON C OP STY LTD-12 FPS,0,0,0,0,0.0,0.0,0.0,True,True,data/raw\2026-04\south_goa\158600700055_kalanath_bhagwati_con_c_op_sty_ltd_12_fps.json,434.0,0.0,0.0,434.0,27.0,0.0,0.0,27.0,434.0,0.0,0.0,434.0,27.0,0.0,0.0,27.0
2026,Apr,GOA,south_goa,158600700057,,0,0,0,0,0.0,0.0,0.0,True,True,data/raw\2026-04\south_goa\158600700057_158600700057___shri_kalanath_bhagwati_con_co_op_sty_ltd_37_fps.json,0.0,0.0,0.0,0.0,0.0,0.0,0.0,0.0,0.0,0.0,0.0,0.0,0.0,0.0,0.0,0.0
2026,Apr,GOA,south_goa,158600700057,SHRI KALANATH BHAGWATI CON CO OP STY LTD-37 FPS,0,0,0,0,0.0,0.0,0.0,True,True,data/raw\2026-04\south_goa\158600700057_shri_kalanath_bhagwati_con_co_op_sty_ltd_37_fps.json,137.0,0.0,0.0,137.0,0.0,0.0,0.0,0.0,137.0,0.0,0.0,137.0,0.0,0.0,0.0,0.0
2026,Apr,GOA,south_goa,158600700058,,0,0,0,0,0.0,0.0,0.0,True,True,data/raw\2026-04\south_goa\158600700058_158600700058___tisk_grahak_s_s_maryadit_44_fps.json,0.0,0.0,0.0,0.0,0.0,0.0,0.0,0.0,0.0,0.0,0.0,0.0,0.0,0.0,0.0,0.0
2026,Apr,GOA,south_goa,158600700058,TISK GRAHAK S S MARYADIT-44 FPS,0,0,0,0,0.0,0.0,0.0,True,True,data/raw\2026-04\south_goa\158600700058_tisk_grahak_s_s_maryadit_44_fps.json,210.0,2.0,0.0,212.0,0.0,0.0,0.0,0.0,210.0,2.0,0.0,212.0,0.0,0.0,0.0,0.0
2026,Apr,GOA,south_goa,158600700059,,0,0,0,0,0.0,0.0,0.0,True,True,data/raw\2026-04\south_goa\158600700059_158600700059___shivanand_g_dangui_59_fps.json,0.0,0.0,0.0,0.0,0.0,0.0,0.0,0.0,0.0,0.0,0.0,0.0,0.0,0.0,0.0,0.0
2026,Apr,GOA,south_goa,158600700059,SHIVANAND G DANGUI-59 FPS,0,0,0,0,0.0,0.0,0.0,True,True,data/raw\2026-04\south_goa\158600700059_shivanand_g_dangui_59_fps.json,778.0,24.0,78.0,880.0,21.0,0.0,3.0,24.0,776.0,24.0,78.0,878.0,21.0,0.0,3.0,24.0
2026,Apr,GOA,south_goa,158600700060,,0,0,0,0,0.0,0.0,0.0,True,True,data/raw\2026-04\south_goa\158600700060_158600700060___madhubala_raya_tilve_26_fps.json,0.0,0.0,0.0,0.0,0.0,0.0,0.0,0.0,0.0,0.0,0.0,0.0,0.0,0.0,0.0,0.0
2026,Apr,GOA,south_goa,158600700060,MADHUBALA RAYA TILVE-26 FPS,0,0,0,0,0.0,0.0,0.0,True,True,data/raw\2026-04\south_goa\158600700060_madhubala_raya_tilve_26_fps.json,609.0,1.0,0.0,610.0,3.0,0.0,0.0,3.0,609.0,1.0,0.0,610.0,3.0,0.0,0.0,3.0
2026,Apr,GOA,south_goa,158600700147,,0,0,0,0,0.0,0.0,0.0,True,True,data/raw\2026-04\south_goa\158600700147_158600700147___sanjay_s__naik_raikar_43_fps.json,0.0,0.0,0.0,0.0,0.0,0.0,0.0,0.0,0.0,0.0,0.0,0.0,0.0,0.0,0.0,0.0
2026,Apr,GOA,south_goa,158600700147,SANJAY S. NAIK RAIKAR-43 FPS,0,0,0,0,0.0,0.0,0.0,True,True,data/raw\2026-04\south_goa\158600700147_sanjay_s__naik_raikar_43_fps.json,547.0,7.0,6.0,560.0,27.0,1.0,1.0,29.0,547.0,7.0,6.0,560.0,27.0,1.0,1.0,29.0
2026,Apr,GOA,south_goa,158600700180,,0,0,0,0,0.0,0.0,0.0,True,True,data/raw\2026-04\south_goa\158600700180_158600700180___ravalnath_v_k_s_sty_40_fps.json,0.0,0.0,0.0,0.0,0.0,0.0,0.0,0.0,0.0,0.0,0.0,0.0,0.0,0.0,0.0,0.0
2026,Apr,GOA,south_goa,158600700180,RAVALNATH V K S STY-40 FPS,0,0,0,0,0.0,0.0,0.0,True,True,data/raw\2026-04\south_goa\158600700180_ravalnath_v_k_s_sty_40_fps.json,150.0,22.0,0.0,172.0,1.0,0.0,0.0,1.0,150.0,22.0,0.0,172.0,1.0,0.0,0.0,1.0
2026,Apr,GOA,south_goa,158600700182,,0,0,0,0,0.0,0.0,0.0,True,True,data/raw\2026-04\south_goa\158600700182_158600700182___kapil_c__sardessai___21_fps.json,0.0,0.0,0.0,0.0,0.0,0.0,0.0,0.0,0.0,0.0,0.0,0.0,0.0,0.0,0.0,0.0
2026,Apr,GOA,south_goa,158600700182,KAPIL C. SARDESSAI - 21 FPS,0,0,0,0,0.0,0.0,0.0,True,True,data/raw\2026-04\south_goa\158600700182_kapil_c__sardessai___21_fps.json,56.0,0.0,2.0,58.0,0.0,0.0,0.0,0.0,56.0,0.0,2.0,58.0,0.0,0.0,0.0,0.0
2026,Apr,GOA,south_goa,158600700186,,0,0,0,0,0.0,0.0,0.0,True,True,data/raw\2026-04\south_goa\158600700186_158600700186___aparna_v__mandrekar_25_fps.json,0.0,0.0,0.0,0.0,0.0,0.0,0.0,0.0,0.0,0.0,0.0,0.0,0.0,0.0,0.0,0.0
2026,Apr,GOA,south_goa,158600700186,APARNA V. MANDREKAR-25 FPS,0,0,0,0,0.0,0.0,0.0,True,True,data/raw\2026-04\south_goa\158600700186_aparna_v__mandrekar_25_fps.json,238.0,30.0,0.0,268.0,7.0,0.0,0.0,7.0,238.0,30.0,0.0,268.0,7.0,0.0,0.0,7.0
2026,Apr,GOA,south_goa,158600700188,,0,0,0,0,0.0,0.0,0.0,True,True,data/raw\2026-04\south_goa\158600700188_158600700188___francisca_sinda_de_souza_36_fps.json,0.0,0.0,0.0,0.0,0.0,0.0,0.0,0.0,0.0,0.0,0.0,0.0,0.0,0.0,0.0,0.0
2026,Apr,GOA,south_goa,158600700188,FRANCISCA SINDA DE SOUZA-36 FPS,0,0,0,0,0.0,0.0,0.0,True,True,data/raw\2026-04\south_goa\158600700188_francisca_sinda_de_souza_36_fps.json,90.0,0.0,0.0,90.0,1.0,0.0,0.0,1.0,90.0,0.0,0.0,90.0,1.0,0.0,0.0,1.0
2026,Apr,GOA,south_goa,158600700189,,0,0,0,0,0.0,0.0,0.0,True,True,data/raw\2026-04\south_goa\158600700189_158600700189___manoj_k__sawant__20_fps.json,0.0,0.0,0.0,0.0,0.0,0.0,0.0,0.0,0.0,0.0,0.0,0.0,0.0,0.0,0.0,0.0
2026,Apr,GOA,south_goa,158600700189,MANOJ K. SAWANT- 20 FPS,0,0,0,0,0.0,0.0,0.0,True,True,data/raw\2026-04\south_goa\158600700189_manoj_k__sawant__20_fps.json,60.0,1.0,0.0,61.0,0.0,0.0,0.0,0.0,60.0,1.0,0.0,61.0,0.0,0.0,0.0,0.0
2026,Apr,GOA,south_goa,158600700190,,0,0,0,0,0.0,0.0,0.0,True,True,data/raw\2026-04\south_goa\158600700190_158600700190___kamini_vishwanath_naik_fps_33.json,0.0,0.0,0.0,0.0,0.0,0.0,0.0,0.0,0.0,0.0,0.0,0.0,0.0,0.0,0.0,0.0
2026,Apr,GOA,south_goa,158600700190,KAMINI VISHWANATH NAIK FPS 33,0,0,0,0,0.0,0.0,0.0,True,True,data/raw\2026-04\south_goa\158600700190_kamini_vishwanath_naik_fps_33.json,125.0,0.0,0.0,125.0,25.0,0.0,0.0,25.0,125.0,0.0,0.0,125.0,25.0,0.0,0.0,25.0
2026,Apr,GOA,south_goa,FPS Id,,0,0,0,0,0.0,0.0,0.0,True,True,data/raw\2026-04\south_goa\FPS Id_fps_id_______________________________________________________158600300002.json,0.0,0.0,0.0,0.0,0.0,0.0,0.0,0.0,0.0,0.0,0.0,0.0,0.0,0.0,0.0,0.0
